,"case_1: wcpu 0, wodc 0.1, wd 0.9, odcs 0","case_1: wcpu 0, wodc 0.2, wd 0.8, odcs 0","case_1: wcpu 0, wodc 0.3, wd 0.7, odcs 0","case_1: wcpu 0, wodc 0.4, wd 0.6, odcs 0","case_1: wcpu 0, wodc 0.5, wd 0.5, odcs 0","case_1: wcpu 0, wodc 0.6, wd 0.4, odcs 0","case_1: wcpu 0, wodc 0.7, wd 0.3, odcs 0","case_1: wcpu 0, wodc 0.8, wd 0.2, odcs 0","case_1: wcpu 0, wodc 0.9, wd 0.1, odcs 0"
0,178.0,420.0,224.0,630.0,224.0,224.0,224.0,630.0,504.0
1,126.0,182.0,588.0,210.0,588.0,588.0,588.0,440.0,210.0
2,42.0,588.0,210.0,524.0,210.0,210.0,168.0,728.0,920.0
3,168.0,168.0,966.0,948.0,966.0,966.0,434.0,948.0,728.0
4,98.0,252.0,906.0,560.0,906.0,906.0,210.0,762.0,806.0
5,252.0,308.0,626.0,1000.0,626.0,626.0,532.0,970.0,970.0
6,42.0,906.0,708.0,830.0,708.0,708.0,906.0,878.0,920.0
7,126.0,500.0,928.0,752.0,928.0,928.0,626.0,686.0,984.0
8,168.0,336.0,886.0,588.0,886.0,886.0,708.0,630.0,630.0
9,216.0,624.0,630.0,630.0,630.0,630.0,760.0,638.0,728.0
10,242.0,634.0,476.0,638.0,758.0,518.0,886.0,728.0,294.0
11,126.0,704.0,928.0,728.0,476.0,718.0,630.0,950.0,440.0
12,126.0,420.0,252.0,950.0,252.0,252.0,830.0,168.0,582.0
13,84.0,588.0,210.0,168.0,210.0,168.0,210.0,392.0,884.0
14,126.0,638.0,364.0,392.0,800.0,336.0,948.0,336.0,588.0
15,138.0,728.0,878.0,336.0,606.0,878.0,524.0,534.0,934.0
16,336.0,950.0,854.0,534.0,462.0,854.0,728.0,822.0,962.0
17,132.0,168.0,738.0,822.0,970.0,738.0,420.0,844.0,420.0
18,182.0,252.0,712.0,844.0,878.0,950.0,752.0,420.0,168.0
19,104.0,336.0,42.0,224.0,462.0,42.0,1000.0,210.0,308.0
20,240.0,534.0,420.0,728.0,168.0,728.0,420.0,308.0,572.0
21,84.0,182.0,884.0,210.0,308.0,168.0,252.0,630.0,630.0
22,138.0,822.0,168.0,588.0,336.0,906.0,168.0,462.0,420.0
23,138.0,844.0,996.0,462.0,776.0,588.0,308.0,800.0,884.0
24,174.0,224.0,308.0,618.0,714.0,788.0,546.0,716.0,814.0
25,168.0,420.0,588.0,716.0,806.0,836.0,886.0,704.0,962.0
26,252.0,168.0,886.0,704.0,974.0,420.0,322.0,928.0,864.0
27,264.0,308.0,848.0,928.0,718.0,872.0,938.0,864.0,210.0
28,360.0,336.0,902.0,864.0,780.0,694.0,794.0,748.0,630.0
29,350.0,588.0,168.0,210.0,630.0,210.0,738.0,168.0,800.0
30,210.0,420.0,630.0,546.0,800.0,630.0,670.0,588.0,728.0
31,426.0,618.0,800.0,576.0,252.0,800.0,168.0,758.0,970.0
32,226.0,716.0,210.0,532.0,802.0,770.0,588.0,210.0,962.0
33,252.0,704.0,770.0,628.0,890.0,970.0,294.0,616.0,758.0
34,268.0,676.0,802.0,426.0,992.0,890.0,618.0,782.0,378.0
35,182.0,864.0,890.0,800.0,822.0,950.0,728.0,300.0,606.0
36,42.0,588.0,950.0,224.0,854.0,822.0,676.0,758.0,168.0
37,294.0,168.0,822.0,920.0,210.0,168.0,800.0,806.0,630.0
38,322.0,650.0,168.0,308.0,482.0,588.0,462.0,308.0,42.0
39,98.0,546.0,630.0,872.0,840.0,168.0,224.0,168.0,482.0
40,84.0,576.0,42.0,168.0,888.0,392.0,920.0,588.0,504.0
41,126.0,210.0,126.0,672.0,788.0,532.0,564.0,42.0,308.0
42,126.0,462.0,532.0,42.0,958.0,308.0,616.0,588.0,788.0
43,42.0,670.0,308.0,482.0,920.0,572.0,210.0,768.0,786.0
44,126.0,300.0,662.0,574.0,956.0,770.0,308.0,392.0,542.0
45,210.0,758.0,856.0,308.0,210.0,668.0,588.0,560.0,890.0
46,126.0,224.0,842.0,294.0,392.0,920.0,392.0,440.0,902.0
47,216.0,582.0,920.0,892.0,770.0,956.0,786.0,944.0,336.0
48,84.0,308.0,956.0,902.0,780.0,168.0,872.0,668.0,168.0
49,168.0,168.0,168.0,884.0,630.0,760.0,862.0,884.0,224.0
50,90.0,546.0,676.0,824.0,932.0,846.0,492.0,560.0,760.0
51,210.0,42.0,846.0,630.0,902.0,482.0,916.0,630.0,378.0
52,104.0,420.0,620.0,168.0,788.0,882.0,308.0,210.0,980.0
53,178.0,726.0,840.0,524.0,638.0,726.0,588.0,872.0,560.0
54,138.0,252.0,908.0,730.0,168.0,982.0,830.0,524.0,546.0
55,336.0,420.0,726.0,770.0,714.0,336.0,432.0,672.0,852.0
56,270.0,308.0,336.0,384.0,812.0,860.0,210.0,818.0,336.0
57,168.0,294.0,922.0,906.0,336.0,928.0,448.0,890.0,902.0
58,138.0,634.0,886.0,566.0,848.0,210.0,858.0,866.0,210.0
59,320.0,666.0,210.0,582.0,758.0,630.0,752.0,970.0,630.0
60,326.0,626.0,714.0,782.0,622.0,728.0,182.0,210.0,224.0
61,308.0,182.0,728.0,970.0,786.0,654.0,434.0,630.0,420.0
62,258.0,758.0,654.0,210.0,998.0,800.0,1000.0,950.0,420.0
63,126.0,308.0,504.0,630.0,168.0,504.0,914.0,462.0,704.0
64,306.0,588.0,806.0,950.0,224.0,626.0,168.0,308.0,308.0
65,90.0,168.0,578.0,462.0,392.0,962.0,770.0,800.0,854.0
66,42.0,266.0,962.0,308.0,606.0,168.0,680.0,848.0,906.0
67,104.0,578.0,210.0,800.0,308.0,746.0,210.0,864.0,662.0
68,126.0,300.0,746.0,848.0,588.0,630.0,812.0,210.0,704.0
69,42.0,504.0,308.0,864.0,210.0,210.0,786.0,308.0,846.0
70,168.0,420.0,630.0,210.0,448.0,966.0,968.0,630.0,168.0
71,210.0,818.0,658.0,308.0,760.0,802.0,734.0,658.0,530.0
72,84.0,336.0,970.0,630.0,618.0,800.0,168.0,970.0,630.0
73,126.0,890.0,800.0,658.0,920.0,920.0,476.0,800.0,210.0
74,336.0,866.0,920.0,970.0,800.0,800.0,522.0,920.0,956.0
75,240.0,634.0,800.0,800.0,168.0,168.0,224.0,800.0,924.0
76,168.0,168.0,168.0,800.0,680.0,680.0,252.0,746.0,832.0
77,126.0,588.0,420.0,920.0,532.0,406.0,588.0,168.0,946.0
78,126.0,670.0,680.0,746.0,920.0,308.0,210.0,420.0,722.0
79,168.0,224.0,168.0,168.0,504.0,654.0,760.0,680.0,210.0
80,182.0,420.0,308.0,420.0,336.0,126.0,618.0,168.0,668.0
81,126.0,308.0,570.0,680.0,760.0,420.0,920.0,560.0,658.0
82,84.0,618.0,476.0,168.0,746.0,336.0,800.0,920.0,308.0
83,138.0,336.0,336.0,560.0,962.0,760.0,252.0,504.0,798.0
84,252.0,364.0,718.0,920.0,434.0,746.0,252.0,336.0,970.0
85,174.0,848.0,920.0,504.0,974.0,962.0,168.0,760.0,746.0
86,132.0,864.0,252.0,336.0,168.0,224.0,420.0,564.0,962.0
87,98.0,168.0,606.0,760.0,252.0,252.0,680.0,962.0,758.0
88,222.0,224.0,420.0,564.0,546.0,764.0,252.0,764.0,210.0
89,178.0,308.0,836.0,962.0,798.0,210.0,728.0,210.0,984.0
90,306.0,588.0,210.0,836.0,462.0,504.0,920.0,504.0,928.0
91,168.0,420.0,546.0,210.0,728.0,920.0,504.0,920.0,728.0
92,138.0,336.0,984.0,728.0,224.0,984.0,844.0,564.0,758.0
93,174.0,676.0,708.0,984.0,962.0,970.0,564.0,420.0,962.0
94,360.0,618.0,844.0,750.0,928.0,728.0,962.0,970.0,714.0
95,242.0,920.0,728.0,844.0,168.0,962.0,794.0,728.0,168.0
96,350.0,800.0,224.0,728.0,854.0,168.0,210.0,962.0,838.0
97,210.0,378.0,962.0,962.0,42.0,224.0,546.0,970.0,882.0
98,226.0,606.0,168.0,476.0,728.0,42.0,984.0,308.0,860.0
99,126.0,168.0,224.0,836.0,762.0,728.0,666.0,210.0,704.0
100,180.0,420.0,42.0,420.0,752.0,788.0,728.0,920.0,714.0
101,126.0,680.0,728.0,462.0,432.0,588.0,224.0,420.0,336.0
102,126.0,168.0,788.0,872.0,880.0,660.0,928.0,504.0,718.0
103,182.0,560.0,588.0,820.0,962.0,730.0,962.0,764.0,822.0
104,252.0,696.0,660.0,920.0,462.0,420.0,168.0,920.0,210.0
105,168.0,504.0,864.0,462.0,168.0,948.0,42.0,420.0,800.0
106,270.0,336.0,772.0,774.0,842.0,746.0,728.0,606.0,886.0
107,84.0,760.0,420.0,210.0,630.0,210.0,902.0,168.0,630.0
108,294.0,564.0,788.0,728.0,824.0,364.0,752.0,864.0,626.0
109,42.0,962.0,210.0,704.0,806.0,800.0,714.0,842.0,962.0
110,168.0,224.0,800.0,540.0,864.0,928.0,432.0,630.0,728.0
111,98.0,764.0,970.0,866.0,770.0,630.0,880.0,950.0,654.0
112,126.0,168.0,630.0,630.0,378.0,614.0,962.0,722.0,546.0
113,300.0,504.0,894.0,964.0,760.0,890.0,462.0,336.0,434.0
114,308.0,738.0,890.0,840.0,210.0,728.0,210.0,802.0,210.0
115,210.0,564.0,770.0,560.0,168.0,878.0,864.0,728.0,970.0
116,84.0,420.0,878.0,210.0,760.0,210.0,364.0,210.0,588.0
117,42.0,676.0,728.0,168.0,560.0,168.0,800.0,872.0,532.0
118,174.0,728.0,210.0,704.0,710.0,928.0,928.0,644.0,434.0
119,336.0,336.0,792.0,266.0,966.0,224.0,630.0,788.0,940.0
120,90.0,182.0,980.0,588.0,962.0,588.0,308.0,966.0,1000.0
121,104.0,962.0,970.0,746.0,746.0,728.0,754.0,746.0,934.0
122,362.0,634.0,224.0,966.0,960.0,926.0,764.0,896.0,210.0
123,266.0,308.0,588.0,920.0,210.0,804.0,420.0,920.0,704.0
124,126.0,168.0,560.0,686.0,794.0,560.0,210.0,210.0,830.0
125,138.0,224.0,990.0,788.0,788.0,906.0,928.0,914.0,794.0
126,418.0,420.0,210.0,210.0,536.0,210.0,560.0,860.0,588.0
127,210.0,708.0,956.0,998.0,420.0,914.0,626.0,602.0,672.0
128,326.0,588.0,776.0,860.0,420.0,776.0,966.0,790.0,948.0
129,126.0,336.0,504.0,392.0,714.0,504.0,960.0,968.0,560.0
130,306.0,710.0,896.0,978.0,852.0,672.0,906.0,970.0,736.0
131,126.0,920.0,846.0,906.0,1000.0,878.0,886.0,728.0,674.0
132,126.0,420.0,786.0,970.0,308.0,786.0,532.0,692.0,630.0
133,126.0,606.0,308.0,728.0,168.0,308.0,210.0,168.0,336.0
134,252.0,266.0,760.0,692.0,630.0,994.0,872.0,798.0,532.0
135,42.0,168.0,584.0,168.0,440.0,632.0,746.0,482.0,800.0
136,210.0,546.0,168.0,798.0,850.0,168.0,710.0,336.0,676.0
137,84.0,488.0,714.0,482.0,336.0,630.0,920.0,966.0,948.0
138,210.0,926.0,764.0,336.0,532.0,336.0,820.0,906.0,602.0
139,168.0,420.0,336.0,966.0,1000.0,532.0,434.0,808.0,844.0
140,98.0,336.0,532.0,906.0,718.0,800.0,798.0,886.0,168.0
141,42.0,378.0,906.0,808.0,434.0,718.0,168.0,728.0,210.0
142,126.0,628.0,718.0,886.0,934.0,948.0,630.0,168.0,560.0
143,336.0,822.0,434.0,728.0,728.0,434.0,440.0,210.0,588.0
144,104.0,756.0,886.0,210.0,168.0,844.0,892.0,944.0,934.0
145,168.0,308.0,728.0,668.0,210.0,728.0,336.0,440.0,896.0
146,300.0,434.0,168.0,210.0,800.0,168.0,532.0,920.0,224.0
147,182.0,168.0,210.0,708.0,802.0,948.0,1000.0,892.0,962.0
148,84.0,528.0,800.0,920.0,758.0,210.0,676.0,756.0,654.0
149,138.0,578.0,802.0,844.0,672.0,674.0,434.0,984.0,846.0
150,90.0,224.0,758.0,546.0,920.0,420.0,934.0,210.0,168.0
151,174.0,588.0,672.0,224.0,984.0,802.0,854.0,588.0,630.0
152,140.0,662.0,920.0,984.0,210.0,758.0,252.0,462.0,336.0
153,362.0,294.0,984.0,210.0,630.0,672.0,800.0,308.0,308.0
154,270.0,420.0,168.0,588.0,308.0,662.0,920.0,420.0,676.0
155,418.0,564.0,266.0,756.0,970.0,210.0,802.0,788.0,532.0
156,180.0,336.0,672.0,434.0,532.0,630.0,758.0,758.0,800.0
157,154.0,326.0,440.0,788.0,800.0,308.0,672.0,856.0,800.0
158,326.0,920.0,308.0,758.0,800.0,970.0,984.0,920.0,920.0
159,126.0,168.0,532.0,856.0,920.0,532.0,210.0,732.0,872.0
160,308.0,480.0,974.0,920.0,872.0,800.0,630.0,224.0,224.0
161,266.0,336.0,920.0,732.0,224.0,800.0,756.0,210.0,210.0
162,306.0,476.0,932.0,224.0,210.0,920.0,434.0,560.0,882.0
163,126.0,224.0,830.0,210.0,560.0,872.0,970.0,406.0,588.0
164,252.0,420.0,434.0,560.0,406.0,434.0,750.0,906.0,864.0
165,42.0,584.0,210.0,406.0,588.0,168.0,800.0,618.0,696.0
166,210.0,672.0,532.0,906.0,906.0,294.0,626.0,588.0,922.0
167,216.0,582.0,630.0,618.0,696.0,630.0,866.0,674.0,886.0
168,126.0,378.0,906.0,886.0,886.0,996.0,224.0,970.0,770.0
169,126.0,676.0,878.0,588.0,680.0,878.0,210.0,886.0,210.0
170,182.0,738.0,886.0,674.0,886.0,336.0,560.0,168.0,626.0
171,84.0,308.0,680.0,970.0,168.0,718.0,322.0,210.0,704.0
172,336.0,458.0,886.0,168.0,626.0,692.0,588.0,934.0,588.0
173,132.0,168.0,168.0,210.0,210.0,896.0,864.0,630.0,266.0
174,210.0,182.0,210.0,934.0,714.0,168.0,696.0,440.0,928.0
175,42.0,714.0,934.0,630.0,658.0,210.0,922.0,658.0,728.0
176,180.0,252.0,630.0,440.0,760.0,934.0,886.0,802.0,666.0
177,98.0,498.0,440.0,658.0,308.0,630.0,770.0,308.0,420.0
178,210.0,336.0,658.0,802.0,806.0,440.0,168.0,892.0,906.0
179,126.0,294.0,802.0,308.0,906.0,658.0,758.0,1000.0,210.0
180,126.0,864.0,308.0,892.0,886.0,802.0,210.0,728.0,504.0
181,326.0,676.0,892.0,1000.0,168.0,308.0,714.0,210.0,764.0
182,84.0,560.0,1000.0,210.0,504.0,892.0,844.0,504.0,532.0
183,90.0,434.0,728.0,504.0,722.0,1000.0,252.0,722.0,920.0
184,168.0,606.0,210.0,308.0,966.0,210.0,476.0,920.0,788.0
185,104.0,168.0,504.0,722.0,920.0,504.0,806.0,864.0,970.0
186,270.0,210.0,806.0,658.0,864.0,806.0,950.0,704.0,920.0
187,168.0,224.0,920.0,920.0,886.0,920.0,864.0,970.0,434.0
188,362.0,308.0,984.0,864.0,336.0,984.0,168.0,420.0,840.0
189,186.0,878.0,970.0,886.0,676.0,970.0,504.0,840.0,210.0
190,308.0,420.0,920.0,970.0,798.0,920.0,862.0,252.0,588.0
191,258.0,708.0,840.0,840.0,800.0,728.0,798.0,168.0,266.0
192,210.0,920.0,210.0,252.0,210.0,210.0,434.0,672.0,704.0
193,266.0,634.0,800.0,168.0,630.0,560.0,962.0,482.0,854.0
194,418.0,546.0,168.0,672.0,886.0,840.0,864.0,872.0,788.0
195,300.0,462.0,630.0,482.0,848.0,168.0,914.0,860.0,920.0
196,126.0,564.0,872.0,872.0,908.0,588.0,536.0,976.0,872.0
197,252.0,168.0,802.0,860.0,962.0,224.0,728.0,920.0,168.0
198,126.0,224.0,800.0,976.0,168.0,714.0,878.0,168.0,630.0
199,126.0,546.0,920.0,920.0,630.0,950.0,210.0,630.0,168.0
200,168.0,420.0,168.0,210.0,168.0,928.0,630.0,864.0,532.0
201,42.0,336.0,588.0,630.0,532.0,860.0,678.0,168.0,662.0
202,210.0,308.0,168.0,738.0,662.0,168.0,970.0,728.0,962.0
203,84.0,502.0,882.0,504.0,962.0,588.0,962.0,420.0,842.0
204,168.0,420.0,884.0,788.0,842.0,168.0,986.0,578.0,814.0
205,42.0,258.0,788.0,908.0,814.0,900.0,168.0,710.0,308.0
206,210.0,576.0,660.0,710.0,308.0,704.0,588.0,578.0,956.0
207,180.0,800.0,224.0,668.0,956.0,920.0,168.0,494.0,210.0
208,258.0,920.0,856.0,578.0,210.0,528.0,882.0,704.0,630.0
209,104.0,564.0,824.0,308.0,588.0,224.0,928.0,168.0,524.0
210,270.0,224.0,210.0,210.0,560.0,620.0,788.0,760.0,420.0
211,126.0,880.0,812.0,728.0,928.0,494.0,660.0,752.0,830.0
212,84.0,168.0,686.0,928.0,668.0,728.0,224.0,210.0,308.0
213,270.0,560.0,882.0,752.0,708.0,210.0,772.0,840.0,752.0
214,182.0,238.0,872.0,960.0,588.0,588.0,864.0,960.0,948.0
215,326.0,864.0,878.0,560.0,224.0,638.0,210.0,560.0,420.0
216,174.0,618.0,864.0,920.0,864.0,882.0,714.0,920.0,1000.0
217,266.0,588.0,838.0,984.0,704.0,872.0,928.0,872.0,210.0
218,210.0,806.0,210.0,210.0,210.0,668.0,842.0,210.0,588.0
219,362.0,336.0,746.0,308.0,830.0,482.0,770.0,252.0,948.0
220,308.0,760.0,434.0,588.0,504.0,864.0,806.0,630.0,878.0
221,98.0,168.0,630.0,224.0,736.0,838.0,894.0,476.0,728.0
222,418.0,752.0,714.0,970.0,906.0,210.0,878.0,886.0,878.0
223,90.0,210.0,820.0,812.0,962.0,872.0,210.0,806.0,224.0
224,126.0,704.0,920.0,864.0,728.0,308.0,658.0,878.0,944.0
225,336.0,546.0,920.0,462.0,420.0,630.0,788.0,420.0,644.0
226,326.0,420.0,648.0,696.0,746.0,826.0,308.0,920.0,168.0
227,126.0,676.0,168.0,908.0,210.0,864.0,630.0,564.0,210.0
228,126.0,308.0,800.0,168.0,434.0,462.0,694.0,168.0,536.0
229,266.0,708.0,210.0,434.0,266.0,920.0,906.0,434.0,756.0
230,84.0,420.0,966.0,224.0,662.0,950.0,920.0,224.0,668.0
231,98.0,224.0,802.0,210.0,532.0,168.0,928.0,252.0,588.0
232,42.0,906.0,630.0,620.0,686.0,210.0,168.0,364.0,764.0
233,210.0,728.0,800.0,364.0,872.0,620.0,800.0,588.0,956.0
234,174.0,168.0,746.0,546.0,588.0,966.0,210.0,738.0,794.0
235,210.0,504.0,920.0,654.0,844.0,546.0,966.0,784.0,602.0
236,104.0,722.0,532.0,952.0,948.0,444.0,802.0,706.0,812.0
237,182.0,738.0,210.0,958.0,210.0,434.0,588.0,872.0,210.0
238,180.0,864.0,758.0,912.0,800.0,820.0,920.0,912.0,696.0
239,42.0,704.0,308.0,210.0,714.0,920.0,660.0,210.0,714.0
240,126.0,336.0,630.0,800.0,726.0,914.0,182.0,906.0,612.0
241,308.0,676.0,920.0,434.0,434.0,420.0,746.0,674.0,224.0
242,126.0,182.0,800.0,532.0,630.0,210.0,420.0,434.0,970.0
243,252.0,420.0,970.0,630.0,800.0,800.0,210.0,532.0,866.0
244,84.0,420.0,914.0,800.0,970.0,420.0,800.0,630.0,938.0
245,126.0,252.0,210.0,970.0,758.0,308.0,420.0,800.0,210.0
246,168.0,308.0,420.0,878.0,210.0,714.0,726.0,970.0,546.0
247,300.0,168.0,588.0,788.0,588.0,758.0,308.0,886.0,728.0
248,336.0,546.0,308.0,210.0,560.0,928.0,630.0,210.0,752.0
249,168.0,210.0,788.0,770.0,788.0,878.0,800.0,728.0,746.0
250,180.0,224.0,836.0,734.0,836.0,606.0,970.0,588.0,572.0
251,138.0,564.0,462.0,588.0,630.0,210.0,758.0,962.0,504.0
252,270.0,666.0,962.0,552.0,830.0,420.0,168.0,788.0,984.0
253,418.0,462.0,778.0,836.0,864.0,588.0,504.0,836.0,1000.0
254,210.0,626.0,690.0,822.0,736.0,308.0,714.0,462.0,210.0
255,362.0,676.0,210.0,796.0,210.0,788.0,126.0,732.0,878.0
256,210.0,920.0,968.0,734.0,746.0,836.0,308.0,736.0,546.0
257,90.0,168.0,602.0,210.0,588.0,462.0,560.0,210.0,224.0
258,180.0,588.0,956.0,680.0,266.0,864.0,668.0,896.0,728.0
259,126.0,864.0,908.0,504.0,532.0,736.0,606.0,504.0,708.0
260,210.0,168.0,890.0,696.0,830.0,830.0,806.0,696.0,844.0
261,98.0,420.0,780.0,224.0,770.0,210.0,844.0,224.0,920.0
262,42.0,420.0,728.0,658.0,920.0,806.0,738.0,878.0,984.0
263,350.0,578.0,168.0,308.0,434.0,504.0,210.0,882.0,210.0
264,314.0,528.0,462.0,970.0,746.0,696.0,806.0,970.0,836.0
265,168.0,224.0,504.0,948.0,168.0,224.0,336.0,782.0,686.0
266,42.0,578.0,210.0,844.0,462.0,532.0,528.0,210.0,978.0
267,168.0,494.0,308.0,168.0,504.0,970.0,224.0,800.0,878.0
268,84.0,308.0,962.0,800.0,210.0,920.0,378.0,420.0,980.0
269,126.0,704.0,950.0,532.0,308.0,434.0,532.0,630.0,644.0
270,126.0,168.0,854.0,630.0,962.0,746.0,928.0,308.0,830.0
271,182.0,760.0,906.0,210.0,950.0,168.0,920.0,920.0,168.0
272,326.0,752.0,718.0,308.0,854.0,462.0,434.0,800.0,752.0
273,138.0,210.0,168.0,920.0,906.0,504.0,746.0,970.0,210.0
274,138.0,420.0,728.0,800.0,718.0,210.0,168.0,420.0,844.0
275,132.0,672.0,42.0,802.0,210.0,308.0,504.0,564.0,728.0
276,84.0,624.0,378.0,872.0,936.0,962.0,210.0,168.0,336.0
277,252.0,420.0,732.0,168.0,970.0,950.0,434.0,920.0,378.0
278,216.0,224.0,588.0,936.0,728.0,854.0,962.0,936.0,902.0
279,294.0,920.0,758.0,42.0,588.0,906.0,764.0,126.0,812.0
280,168.0,308.0,904.0,676.0,618.0,718.0,718.0,886.0,912.0
281,336.0,564.0,782.0,728.0,890.0,210.0,714.0,728.0,534.0
282,104.0,168.0,962.0,630.0,224.0,728.0,906.0,504.0,532.0
283,258.0,252.0,878.0,800.0,878.0,378.0,662.0,896.0,168.0
284,306.0,588.0,882.0,294.0,660.0,732.0,168.0,878.0,308.0
285,126.0,476.0,168.0,890.0,420.0,546.0,936.0,462.0,844.0
286,180.0,224.0,886.0,878.0,210.0,576.0,126.0,210.0,872.0
287,360.0,592.0,126.0,758.0,928.0,904.0,886.0,886.0,126.0
288,282.0,806.0,864.0,462.0,308.0,224.0,728.0,822.0,224.0
289,126.0,336.0,722.0,168.0,588.0,782.0,630.0,308.0,800.0
290,362.0,696.0,630.0,844.0,182.0,962.0,800.0,986.0,920.0
291,126.0,420.0,886.0,126.0,462.0,800.0,890.0,836.0,714.0
292,126.0,920.0,728.0,308.0,800.0,574.0,878.0,734.0,168.0
293,126.0,564.0,210.0,894.0,878.0,168.0,800.0,798.0,434.0
294,168.0,168.0,462.0,944.0,606.0,308.0,210.0,210.0,630.0
295,84.0,434.0,830.0,824.0,860.0,970.0,560.0,434.0,572.0
296,252.0,224.0,462.0,714.0,462.0,126.0,630.0,956.0,210.0
297,180.0,168.0,836.0,210.0,210.0,864.0,920.0,936.0,756.0
298,42.0,662.0,878.0,434.0,308.0,630.0,630.0,840.0,830.0
299,98.0,294.0,862.0,956.0,504.0,928.0,716.0,864.0,990.0
300,138.0,588.0,774.0,862.0,854.0,674.0,970.0,350.0,656.0
301,210.0,738.0,168.0,756.0,738.0,420.0,606.0,764.0,796.0
302,306.0,704.0,252.0,864.0,970.0,210.0,728.0,688.0,686.0
303,132.0,420.0,630.0,350.0,224.0,308.0,168.0,728.0,210.0
304,42.0,694.0,716.0,920.0,912.0,462.0,504.0,210.0,806.0
305,326.0,948.0,882.0,690.0,854.0,704.0,336.0,588.0,714.0
306,104.0,168.0,886.0,168.0,294.0,504.0,952.0,462.0,752.0
307,126.0,906.0,726.0,210.0,560.0,782.0,906.0,808.0,726.0
308,210.0,674.0,800.0,806.0,886.0,866.0,828.0,524.0,504.0
309,84.0,420.0,982.0,714.0,948.0,940.0,224.0,970.0,886.0
310,182.0,434.0,210.0,968.0,734.0,846.0,518.0,958.0,758.0
311,168.0,294.0,962.0,728.0,996.0,210.0,878.0,794.0,168.0
312,216.0,588.0,844.0,886.0,770.0,588.0,168.0,168.0,668.0
313,90.0,336.0,728.0,608.0,794.0,800.0,252.0,794.0,126.0
314,308.0,182.0,962.0,954.0,550.0,728.0,630.0,550.0,844.0
315,126.0,660.0,504.0,168.0,434.0,726.0,758.0,294.0,728.0
316,168.0,676.0,806.0,794.0,336.0,758.0,840.0,728.0,866.0
317,138.0,704.0,462.0,550.0,420.0,462.0,872.0,948.0,804.0
318,418.0,168.0,564.0,308.0,864.0,970.0,802.0,722.0,588.0
319,258.0,420.0,210.0,294.0,764.0,800.0,800.0,462.0,224.0
320,266.0,546.0,728.0,420.0,662.0,210.0,920.0,662.0,462.0
321,126.0,962.0,224.0,948.0,504.0,672.0,168.0,714.0,564.0
322,336.0,294.0,970.0,722.0,714.0,794.0,794.0,210.0,210.0
323,258.0,258.0,588.0,462.0,210.0,844.0,550.0,224.0,728.0
324,126.0,224.0,984.0,662.0,476.0,308.0,294.0,434.0,224.0
325,84.0,654.0,800.0,714.0,224.0,420.0,728.0,970.0,970.0
326,126.0,462.0,618.0,210.0,252.0,962.0,806.0,588.0,588.0
327,84.0,606.0,920.0,728.0,970.0,806.0,660.0,564.0,564.0
328,210.0,418.0,210.0,224.0,588.0,462.0,504.0,800.0,800.0
329,182.0,722.0,392.0,970.0,984.0,564.0,824.0,618.0,618.0
330,42.0,308.0,970.0,588.0,800.0,210.0,714.0,920.0,420.0
331,266.0,168.0,308.0,662.0,618.0,728.0,210.0,714.0,920.0
332,138.0,806.0,532.0,674.0,920.0,970.0,728.0,210.0,168.0
333,42.0,504.0,492.0,618.0,210.0,630.0,980.0,392.0,210.0
334,126.0,696.0,632.0,420.0,728.0,984.0,980.0,840.0,482.0
335,126.0,224.0,920.0,948.0,462.0,800.0,976.0,914.0,42.0
336,168.0,920.0,872.0,392.0,606.0,800.0,588.0,708.0,934.0
337,104.0,294.0,714.0,294.0,750.0,920.0,866.0,588.0,950.0
338,180.0,634.0,210.0,308.0,728.0,168.0,714.0,668.0,308.0
339,252.0,336.0,510.0,532.0,878.0,252.0,210.0,844.0,462.0
340,182.0,462.0,722.0,914.0,802.0,462.0,532.0,878.0,672.0
341,174.0,434.0,786.0,708.0,878.0,760.0,914.0,210.0,950.0
342,98.0,564.0,882.0,588.0,210.0,308.0,630.0,510.0,864.0
343,294.0,168.0,588.0,668.0,746.0,420.0,800.0,722.0,210.0
344,126.0,800.0,758.0,760.0,662.0,728.0,800.0,728.0,662.0
345,168.0,420.0,838.0,878.0,948.0,702.0,970.0,996.0,626.0
346,362.0,588.0,748.0,210.0,966.0,758.0,878.0,588.0,686.0
347,138.0,308.0,168.0,844.0,546.0,920.0,308.0,758.0,948.0
348,318.0,336.0,864.0,680.0,266.0,564.0,210.0,838.0,886.0
349,308.0,920.0,714.0,948.0,770.0,210.0,684.0,692.0,504.0
350,210.0,618.0,844.0,532.0,928.0,920.0,770.0,168.0,588.0
351,418.0,224.0,770.0,970.0,168.0,800.0,546.0,864.0,708.0
352,132.0,676.0,908.0,504.0,612.0,970.0,920.0,800.0,224.0
353,264.0,420.0,764.0,920.0,992.0,532.0,974.0,630.0,168.0
354,336.0,564.0,336.0,434.0,714.0,630.0,938.0,844.0,906.0
355,126.0,168.0,674.0,168.0,970.0,800.0,1000.0,950.0,728.0
356,182.0,42.0,168.0,864.0,504.0,308.0,168.0,336.0,546.0
357,126.0,634.0,672.0,588.0,764.0,872.0,906.0,722.0,462.0
358,266.0,728.0,210.0,844.0,336.0,168.0,532.0,728.0,398.0
359,210.0,294.0,308.0,950.0,674.0,864.0,718.0,168.0,872.0
360,270.0,708.0,482.0,666.0,308.0,714.0,854.0,630.0,224.0
361,252.0,588.0,658.0,336.0,168.0,844.0,624.0,560.0,752.0
362,308.0,752.0,746.0,224.0,630.0,770.0,336.0,210.0,986.0
363,84.0,224.0,962.0,674.0,686.0,908.0,886.0,308.0,210.0
364,126.0,462.0,902.0,728.0,210.0,764.0,584.0,572.0,630.0
365,42.0,920.0,934.0,168.0,560.0,336.0,434.0,420.0,728.0
366,42.0,522.0,336.0,630.0,614.0,674.0,672.0,612.0,560.0
367,284.0,462.0,168.0,210.0,622.0,168.0,252.0,858.0,572.0
368,210.0,168.0,258.0,308.0,858.0,672.0,434.0,1000.0,654.0
369,90.0,592.0,630.0,572.0,704.0,210.0,392.0,704.0,858.0
370,216.0,224.0,728.0,658.0,990.0,308.0,686.0,210.0,872.0
371,84.0,822.0,860.0,934.0,378.0,482.0,998.0,524.0,958.0
372,126.0,308.0,266.0,858.0,524.0,658.0,898.0,630.0,378.0
373,126.0,336.0,892.0,704.0,854.0,746.0,844.0,822.0,524.0
374,362.0,846.0,920.0,1000.0,630.0,962.0,866.0,728.0,938.0
375,168.0,836.0,984.0,210.0,822.0,902.0,168.0,462.0,630.0
376,180.0,734.0,210.0,524.0,662.0,934.0,902.0,914.0,864.0
377,258.0,714.0,788.0,630.0,1000.0,210.0,944.0,1000.0,818.0
378,104.0,420.0,770.0,822.0,420.0,524.0,728.0,752.0,914.0
379,168.0,168.0,820.0,728.0,752.0,630.0,420.0,210.0,976.0
380,270.0,308.0,950.0,462.0,962.0,948.0,976.0,504.0,560.0
381,98.0,504.0,884.0,914.0,168.0,728.0,962.0,728.0,210.0
382,418.0,210.0,822.0,1000.0,182.0,788.0,942.0,928.0,974.0
383,210.0,420.0,798.0,752.0,728.0,462.0,168.0,920.0,584.0
384,300.0,696.0,210.0,308.0,504.0,1000.0,182.0,462.0,854.0
385,336.0,802.0,420.0,210.0,474.0,752.0,728.0,962.0,938.0
386,168.0,224.0,970.0,182.0,864.0,914.0,504.0,764.0,998.0
387,42.0,806.0,252.0,546.0,780.0,210.0,336.0,564.0,924.0
388,174.0,920.0,710.0,420.0,518.0,840.0,738.0,878.0,168.0
389,84.0,564.0,476.0,828.0,862.0,886.0,546.0,840.0,210.0
390,168.0,168.0,588.0,770.0,168.0,764.0,998.0,210.0,844.0
391,98.0,224.0,708.0,962.0,634.0,752.0,844.0,970.0,770.0
392,84.0,308.0,224.0,946.0,626.0,878.0,998.0,800.0,588.0
393,126.0,708.0,758.0,870.0,686.0,798.0,704.0,588.0,704.0
394,270.0,336.0,726.0,824.0,948.0,210.0,210.0,224.0,224.0
395,42.0,588.0,922.0,882.0,714.0,420.0,854.0,618.0,888.0
396,138.0,752.0,210.0,168.0,806.0,970.0,746.0,914.0,920.0
397,126.0,420.0,882.0,210.0,336.0,252.0,686.0,728.0,726.0
398,300.0,462.0,864.0,802.0,462.0,710.0,812.0,440.0,210.0
399,126.0,592.0,844.0,630.0,662.0,476.0,864.0,168.0,966.0
400,252.0,878.0,750.0,878.0,560.0,588.0,462.0,986.0,630.0
401,362.0,606.0,728.0,884.0,210.0,708.0,704.0,854.0,392.0
402,210.0,168.0,842.0,764.0,914.0,224.0,210.0,774.0,906.0
403,126.0,570.0,168.0,950.0,728.0,758.0,966.0,752.0,970.0
404,126.0,550.0,308.0,336.0,896.0,726.0,588.0,462.0,534.0
405,90.0,308.0,210.0,168.0,944.0,210.0,788.0,878.0,886.0
406,308.0,294.0,420.0,714.0,920.0,912.0,764.0,168.0,548.0
407,182.0,420.0,996.0,634.0,870.0,914.0,920.0,224.0,168.0
408,104.0,948.0,630.0,770.0,210.0,770.0,224.0,308.0,224.0
409,180.0,722.0,800.0,806.0,920.0,728.0,872.0,210.0,560.0
410,306.0,308.0,890.0,842.0,728.0,896.0,710.0,462.0,996.0
411,168.0,462.0,928.0,822.0,504.0,818.0,168.0,896.0,588.0
412,326.0,662.0,692.0,168.0,984.0,794.0,224.0,588.0,210.0
413,210.0,630.0,896.0,308.0,806.0,168.0,864.0,696.0,618.0
414,314.0,168.0,210.0,210.0,970.0,308.0,950.0,802.0,974.0
415,370.0,476.0,920.0,420.0,920.0,210.0,210.0,866.0,928.0
416,126.0,224.0,168.0,764.0,210.0,420.0,770.0,822.0,776.0
417,336.0,336.0,504.0,630.0,524.0,996.0,588.0,668.0,168.0
418,126.0,252.0,420.0,878.0,504.0,630.0,618.0,658.0,830.0
419,126.0,676.0,308.0,522.0,308.0,800.0,848.0,168.0,168.0
420,210.0,588.0,802.0,718.0,950.0,890.0,802.0,126.0,504.0
421,104.0,564.0,614.0,518.0,998.0,928.0,168.0,392.0,728.0
422,224.0,800.0,378.0,906.0,948.0,692.0,126.0,588.0,910.0
423,180.0,618.0,822.0,668.0,844.0,210.0,350.0,708.0,956.0
424,126.0,920.0,168.0,658.0,756.0,824.0,588.0,308.0,948.0
425,42.0,420.0,830.0,168.0,168.0,168.0,420.0,760.0,830.0
426,174.0,168.0,168.0,126.0,926.0,504.0,974.0,920.0,168.0
427,182.0,252.0,406.0,392.0,336.0,462.0,602.0,746.0,830.0
428,42.0,336.0,252.0,588.0,420.0,308.0,308.0,210.0,168.0
429,84.0,420.0,308.0,708.0,308.0,864.0,628.0,830.0,406.0
430,326.0,606.0,814.0,308.0,856.0,704.0,1000.0,406.0,252.0
431,84.0,708.0,662.0,760.0,962.0,998.0,878.0,252.0,308.0
432,138.0,546.0,962.0,920.0,588.0,1000.0,168.0,308.0,814.0
433,126.0,668.0,588.0,746.0,834.0,168.0,564.0,856.0,662.0
434,258.0,182.0,702.0,210.0,462.0,648.0,210.0,788.0,962.0
435,252.0,550.0,182.0,746.0,182.0,168.0,168.0,630.0,588.0
436,168.0,420.0,420.0,224.0,854.0,420.0,252.0,842.0,660.0
437,168.0,878.0,210.0,658.0,252.0,308.0,308.0,920.0,224.0
438,362.0,308.0,630.0,308.0,758.0,856.0,800.0,420.0,728.0
439,418.0,168.0,308.0,800.0,760.0,662.0,630.0,210.0,210.0
440,266.0,300.0,800.0,588.0,938.0,588.0,800.0,958.0,630.0
441,210.0,674.0,564.0,618.0,990.0,702.0,802.0,630.0,920.0
442,90.0,728.0,758.0,970.0,734.0,420.0,420.0,308.0,800.0
443,258.0,996.0,970.0,920.0,756.0,182.0,920.0,752.0,800.0
444,168.0,546.0,920.0,420.0,168.0,920.0,728.0,524.0,970.0
445,228.0,666.0,462.0,210.0,630.0,574.0,210.0,830.0,564.0
446,210.0,336.0,210.0,958.0,252.0,168.0,630.0,948.0,420.0
447,98.0,712.0,662.0,630.0,800.0,630.0,878.0,462.0,168.0
448,132.0,692.0,630.0,308.0,392.0,210.0,886.0,746.0,588.0
449,126.0,224.0,308.0,752.0,210.0,308.0,986.0,588.0,308.0
450,336.0,168.0,532.0,524.0,928.0,800.0,990.0,560.0,952.0
451,168.0,864.0,482.0,830.0,476.0,788.0,734.0,482.0,574.0
452,362.0,588.0,238.0,948.0,630.0,758.0,210.0,728.0,210.0
453,126.0,844.0,920.0,462.0,822.0,886.0,770.0,962.0,812.0
454,168.0,462.0,718.0,210.0,734.0,920.0,630.0,536.0,620.0
455,252.0,908.0,536.0,630.0,420.0,662.0,710.0,722.0,858.0
456,84.0,666.0,806.0,434.0,210.0,630.0,482.0,718.0,224.0
457,98.0,336.0,770.0,488.0,258.0,840.0,956.0,504.0,728.0
458,336.0,224.0,680.0,482.0,920.0,482.0,822.0,210.0,532.0
459,104.0,674.0,210.0,830.0,308.0,448.0,692.0,434.0,168.0
460,42.0,308.0,950.0,644.0,1000.0,920.0,770.0,308.0,42.0
461,210.0,168.0,392.0,920.0,546.0,718.0,532.0,716.0,210.0
462,126.0,588.0,716.0,728.0,266.0,536.0,294.0,786.0,308.0
463,308.0,518.0,630.0,676.0,462.0,806.0,476.0,630.0,546.0
464,216.0,182.0,830.0,210.0,962.0,532.0,588.0,830.0,698.0
465,42.0,210.0,864.0,434.0,690.0,680.0,746.0,722.0,956.0
466,326.0,308.0,168.0,560.0,168.0,392.0,182.0,902.0,266.0
467,126.0,342.0,42.0,716.0,848.0,476.0,626.0,812.0,668.0
468,84.0,420.0,342.0,630.0,42.0,626.0,722.0,168.0,728.0
469,168.0,522.0,572.0,704.0,920.0,630.0,920.0,42.0,920.0
470,126.0,638.0,728.0,588.0,728.0,830.0,956.0,224.0,168.0
471,182.0,578.0,856.0,722.0,986.0,962.0,168.0,636.0,126.0
472,270.0,704.0,716.0,740.0,854.0,914.0,890.0,546.0,830.0
473,210.0,864.0,420.0,738.0,546.0,168.0,42.0,976.0,770.0
474,314.0,336.0,630.0,504.0,950.0,126.0,920.0,734.0,728.0
475,180.0,168.0,920.0,210.0,574.0,886.0,728.0,982.0,912.0
476,138.0,294.0,648.0,224.0,210.0,728.0,986.0,922.0,752.0
477,216.0,588.0,420.0,636.0,976.0,948.0,546.0,908.0,902.0
478,210.0,644.0,210.0,818.0,308.0,674.0,854.0,770.0,854.0
479,370.0,728.0,728.0,546.0,996.0,758.0,908.0,210.0,812.0
480,90.0,536.0,308.0,976.0,434.0,420.0,504.0,588.0,210.0
481,126.0,182.0,750.0,982.0,714.0,672.0,210.0,584.0,546.0
482,264.0,662.0,968.0,838.0,872.0,662.0,728.0,770.0,666.0
483,182.0,420.0,970.0,308.0,958.0,728.0,308.0,434.0,786.0
484,126.0,920.0,692.0,728.0,210.0,168.0,702.0,914.0,716.0
485,174.0,564.0,996.0,210.0,962.0,728.0,928.0,864.0,434.0
486,84.0,308.0,168.0,588.0,560.0,336.0,974.0,998.0,970.0
487,84.0,168.0,680.0,668.0,812.0,750.0,950.0,210.0,902.0
488,336.0,182.0,922.0,770.0,996.0,968.0,738.0,532.0,210.0
489,326.0,504.0,686.0,434.0,746.0,676.0,168.0,626.0,462.0
490,42.0,294.0,630.0,956.0,938.0,692.0,970.0,392.0,946.0
491,126.0,420.0,426.0,692.0,818.0,996.0,168.0,770.0,308.0
492,42.0,676.0,842.0,996.0,210.0,168.0,840.0,308.0,630.0
493,252.0,738.0,902.0,168.0,224.0,504.0,704.0,588.0,864.0
494,362.0,462.0,786.0,956.0,870.0,758.0,812.0,920.0,830.0
495,210.0,962.0,210.0,168.0,914.0,798.0,578.0,698.0,842.0
496,168.0,764.0,224.0,532.0,714.0,790.0,854.0,752.0,950.0
497,126.0,564.0,532.0,392.0,560.0,308.0,948.0,210.0,168.0
498,210.0,878.0,878.0,308.0,944.0,728.0,168.0,948.0,870.0
499,138.0,420.0,308.0,504.0,920.0,384.0,878.0,308.0,252.0
500,90.0,168.0,704.0,962.0,686.0,818.0,704.0,658.0,854.0
501,104.0,420.0,588.0,662.0,210.0,786.0,210.0,788.0,560.0
502,180.0,676.0,764.0,612.0,630.0,168.0,854.0,736.0,866.0
503,300.0,800.0,836.0,778.0,168.0,224.0,308.0,928.0,728.0
504,98.0,588.0,998.0,210.0,882.0,532.0,658.0,714.0,818.0
505,270.0,224.0,462.0,948.0,788.0,878.0,638.0,588.0,926.0
506,168.0,618.0,588.0,854.0,800.0,168.0,836.0,210.0,588.0
507,140.0,336.0,210.0,308.0,758.0,308.0,788.0,710.0,210.0
508,126.0,308.0,420.0,658.0,886.0,578.0,168.0,490.0,392.0
509,154.0,606.0,308.0,704.0,920.0,588.0,630.0,308.0,848.0
510,308.0,294.0,746.0,722.0,210.0,764.0,168.0,704.0,812.0
511,418.0,168.0,906.0,710.0,788.0,836.0,998.0,986.0,618.0
512,266.0,224.0,738.0,928.0,984.0,998.0,840.0,860.0,928.0
513,126.0,634.0,224.0,714.0,966.0,588.0,662.0,224.0,824.0
514,306.0,420.0,694.0,210.0,984.0,210.0,842.0,962.0,822.0
515,126.0,624.0,746.0,710.0,504.0,504.0,814.0,210.0,168.0
516,126.0,672.0,168.0,490.0,866.0,308.0,920.0,788.0,900.0
517,126.0,606.0,866.0,308.0,740.0,922.0,210.0,224.0,434.0
518,84.0,752.0,994.0,704.0,708.0,702.0,854.0,966.0,866.0
519,182.0,462.0,854.0,986.0,588.0,224.0,434.0,660.0,532.0
520,252.0,878.0,336.0,958.0,210.0,998.0,532.0,588.0,630.0
521,210.0,308.0,976.0,962.0,532.0,636.0,770.0,830.0,336.0
522,42.0,168.0,986.0,210.0,844.0,950.0,830.0,814.0,482.0
523,168.0,224.0,862.0,788.0,392.0,168.0,878.0,962.0,790.0
524,126.0,308.0,630.0,966.0,668.0,866.0,746.0,630.0,904.0
525,42.0,948.0,728.0,842.0,920.0,994.0,788.0,168.0,986.0
526,258.0,210.0,168.0,630.0,308.0,854.0,588.0,488.0,588.0
527,98.0,420.0,902.0,830.0,872.0,336.0,210.0,884.0,168.0
528,138.0,722.0,336.0,814.0,168.0,976.0,224.0,862.0,588.0
529,210.0,588.0,878.0,962.0,210.0,986.0,532.0,900.0,392.0
530,168.0,696.0,906.0,770.0,974.0,862.0,970.0,588.0,440.0
531,126.0,522.0,802.0,168.0,728.0,630.0,618.0,962.0,668.0
532,84.0,718.0,692.0,728.0,986.0,882.0,800.0,560.0,920.0
533,104.0,518.0,210.0,482.0,704.0,210.0,920.0,168.0,560.0
534,180.0,462.0,440.0,878.0,822.0,970.0,308.0,210.0,732.0
535,174.0,668.0,728.0,944.0,680.0,800.0,872.0,626.0,210.0
536,210.0,182.0,970.0,420.0,770.0,922.0,168.0,620.0,752.0
537,132.0,420.0,420.0,920.0,168.0,806.0,800.0,728.0,788.0
538,210.0,168.0,808.0,732.0,546.0,822.0,798.0,680.0,728.0
539,360.0,42.0,1000.0,168.0,420.0,210.0,718.0,770.0,462.0
540,138.0,252.0,714.0,210.0,210.0,440.0,822.0,732.0,680.0
541,180.0,294.0,752.0,626.0,620.0,728.0,336.0,602.0,770.0
542,350.0,546.0,210.0,620.0,308.0,970.0,666.0,906.0,878.0
543,362.0,666.0,168.0,728.0,576.0,420.0,854.0,210.0,774.0
544,270.0,308.0,588.0,680.0,224.0,808.0,880.0,728.0,168.0
545,282.0,550.0,728.0,770.0,856.0,1000.0,210.0,678.0,630.0
546,188.0,920.0,462.0,732.0,462.0,714.0,546.0,962.0,420.0
547,336.0,564.0,662.0,602.0,878.0,752.0,532.0,420.0,336.0
548,42.0,210.0,902.0,906.0,774.0,210.0,788.0,182.0,566.0
549,180.0,420.0,98.0,210.0,210.0,168.0,920.0,996.0,308.0
550,90.0,648.0,650.0,546.0,962.0,588.0,308.0,896.0,974.0
551,126.0,224.0,878.0,420.0,758.0,728.0,182.0,970.0,898.0
552,126.0,168.0,696.0,510.0,728.0,462.0,696.0,210.0,878.0
553,104.0,252.0,210.0,962.0,630.0,662.0,862.0,954.0,864.0
554,154.0,308.0,962.0,420.0,800.0,902.0,998.0,224.0,210.0
555,42.0,856.0,758.0,308.0,970.0,98.0,210.0,728.0,920.0
556,126.0,788.0,224.0,182.0,984.0,650.0,878.0,588.0,758.0
557,174.0,588.0,728.0,618.0,210.0,878.0,224.0,696.0,728.0
558,182.0,660.0,588.0,896.0,886.0,696.0,840.0,734.0,630.0
559,326.0,920.0,618.0,970.0,728.0,168.0,614.0,970.0,462.0
560,84.0,420.0,970.0,210.0,476.0,962.0,546.0,938.0,800.0
561,210.0,168.0,984.0,954.0,842.0,714.0,998.0,210.0,928.0
562,126.0,958.0,210.0,728.0,924.0,758.0,878.0,844.0,606.0
563,252.0,588.0,886.0,630.0,252.0,210.0,854.0,546.0,210.0
564,126.0,308.0,546.0,878.0,854.0,728.0,168.0,728.0,886.0
565,84.0,182.0,476.0,734.0,870.0,758.0,914.0,984.0,728.0
566,282.0,752.0,918.0,970.0,168.0,760.0,210.0,708.0,728.0
567,168.0,336.0,882.0,938.0,996.0,984.0,794.0,878.0,842.0
568,270.0,384.0,252.0,210.0,294.0,210.0,518.0,224.0,924.0
569,140.0,536.0,224.0,928.0,504.0,886.0,714.0,920.0,854.0
570,98.0,948.0,784.0,588.0,802.0,714.0,252.0,168.0,870.0
571,360.0,462.0,864.0,728.0,434.0,864.0,782.0,996.0,210.0
572,210.0,168.0,210.0,564.0,336.0,728.0,884.0,294.0,770.0
573,336.0,420.0,830.0,948.0,920.0,704.0,806.0,714.0,448.0
574,362.0,578.0,962.0,626.0,980.0,932.0,168.0,886.0,836.0
575,168.0,546.0,532.0,224.0,608.0,584.0,996.0,434.0,886.0
576,300.0,308.0,630.0,708.0,168.0,420.0,168.0,210.0,434.0
577,138.0,342.0,842.0,518.0,210.0,210.0,758.0,806.0,922.0
578,350.0,210.0,434.0,210.0,630.0,994.0,252.0,926.0,672.0
579,306.0,350.0,788.0,746.0,920.0,672.0,308.0,608.0,864.0
580,104.0,962.0,814.0,962.0,840.0,770.0,378.0,210.0,168.0
581,168.0,182.0,168.0,532.0,800.0,824.0,890.0,308.0,546.0
582,84.0,536.0,378.0,714.0,800.0,868.0,844.0,630.0,308.0
583,126.0,722.0,252.0,928.0,802.0,754.0,608.0,788.0,420.0
584,314.0,718.0,802.0,434.0,872.0,950.0,672.0,420.0,752.0
585,126.0,420.0,336.0,806.0,210.0,378.0,168.0,772.0,440.0
586,84.0,210.0,840.0,710.0,588.0,294.0,786.0,822.0,224.0
587,42.0,266.0,752.0,210.0,770.0,802.0,126.0,842.0,906.0
588,348.0,210.0,680.0,308.0,530.0,336.0,734.0,560.0,420.0
589,42.0,308.0,962.0,630.0,524.0,966.0,504.0,690.0,986.0
590,252.0,716.0,872.0,788.0,1000.0,752.0,308.0,168.0,872.0
591,168.0,786.0,168.0,920.0,822.0,680.0,504.0,462.0,210.0
592,180.0,588.0,462.0,532.0,518.0,962.0,654.0,252.0,770.0
593,126.0,704.0,252.0,856.0,468.0,872.0,308.0,812.0,746.0
594,216.0,420.0,504.0,842.0,612.0,504.0,210.0,786.0,560.0
595,326.0,722.0,308.0,956.0,210.0,210.0,802.0,788.0,980.0
596,126.0,692.0,992.0,168.0,630.0,504.0,938.0,854.0,860.0
597,182.0,420.0,782.0,462.0,728.0,746.0,168.0,986.0,920.0
598,336.0,168.0,906.0,252.0,992.0,434.0,770.0,934.0,996.0
599,294.0,42.0,794.0,812.0,878.0,908.0,168.0,630.0,168.0
600,138.0,592.0,874.0,860.0,886.0,914.0,966.0,210.0,692.0
601,138.0,224.0,908.0,870.0,854.0,948.0,746.0,728.0,504.0
602,168.0,588.0,168.0,788.0,864.0,874.0,542.0,670.0,126.0
603,210.0,948.0,672.0,854.0,420.0,210.0,866.0,294.0,728.0
604,126.0,662.0,434.0,976.0,794.0,630.0,980.0,878.0,962.0
605,180.0,420.0,754.0,168.0,210.0,728.0,836.0,364.0,928.0
606,266.0,834.0,336.0,630.0,588.0,1000.0,168.0,550.0,938.0
607,258.0,294.0,294.0,686.0,308.0,524.0,504.0,854.0,996.0
608,98.0,542.0,864.0,614.0,746.0,420.0,42.0,864.0,728.0
609,266.0,308.0,482.0,336.0,572.0,794.0,294.0,420.0,794.0
610,418.0,420.0,364.0,878.0,942.0,788.0,962.0,878.0,210.0
611,132.0,168.0,766.0,462.0,462.0,948.0,840.0,168.0,588.0
612,182.0,588.0,420.0,550.0,1000.0,420.0,872.0,42.0,746.0
613,126.0,336.0,872.0,854.0,618.0,872.0,592.0,588.0,572.0
614,252.0,452.0,210.0,864.0,210.0,210.0,806.0,746.0,942.0
615,210.0,770.0,588.0,728.0,588.0,588.0,962.0,906.0,462.0
616,98.0,434.0,308.0,878.0,224.0,308.0,728.0,524.0,1000.0
617,42.0,536.0,788.0,168.0,308.0,962.0,704.0,462.0,618.0
618,210.0,560.0,758.0,42.0,448.0,482.0,168.0,1000.0,168.0
619,336.0,864.0,730.0,588.0,928.0,832.0,126.0,308.0,588.0
620,126.0,308.0,462.0,746.0,392.0,462.0,672.0,758.0,224.0
621,362.0,606.0,906.0,906.0,648.0,906.0,864.0,210.0,728.0
622,42.0,690.0,168.0,524.0,800.0,168.0,530.0,426.0,168.0
623,282.0,210.0,630.0,462.0,878.0,504.0,830.0,588.0,42.0
624,84.0,420.0,266.0,1000.0,168.0,126.0,420.0,756.0,670.0
625,126.0,420.0,126.0,576.0,800.0,392.0,1000.0,586.0,760.0
626,126.0,626.0,258.0,168.0,728.0,728.0,168.0,392.0,364.0
627,126.0,252.0,756.0,300.0,824.0,864.0,672.0,800.0,890.0
628,84.0,770.0,754.0,546.0,630.0,948.0,210.0,920.0,822.0
629,168.0,308.0,976.0,224.0,336.0,448.0,482.0,606.0,210.0
630,104.0,546.0,336.0,210.0,802.0,912.0,728.0,210.0,800.0
631,180.0,920.0,822.0,756.0,758.0,952.0,934.0,654.0,308.0
632,350.0,182.0,950.0,544.0,996.0,672.0,606.0,882.0,420.0
633,360.0,698.0,938.0,392.0,168.0,210.0,944.0,866.0,630.0
634,132.0,210.0,210.0,800.0,210.0,794.0,420.0,588.0,928.0
635,182.0,906.0,602.0,920.0,840.0,308.0,878.0,778.0,758.0
636,174.0,224.0,882.0,606.0,588.0,574.0,708.0,224.0,420.0
637,138.0,420.0,824.0,210.0,966.0,684.0,770.0,956.0,962.0
638,180.0,630.0,956.0,654.0,844.0,956.0,210.0,884.0,606.0
639,168.0,308.0,746.0,308.0,224.0,886.0,824.0,168.0,210.0
640,258.0,704.0,884.0,504.0,590.0,958.0,546.0,168.0,800.0
641,138.0,722.0,168.0,864.0,746.0,168.0,224.0,630.0,630.0
642,318.0,710.0,210.0,588.0,866.0,210.0,928.0,966.0,448.0
643,210.0,560.0,920.0,910.0,168.0,920.0,836.0,578.0,922.0
644,168.0,648.0,800.0,224.0,812.0,800.0,996.0,788.0,434.0
645,42.0,588.0,630.0,998.0,630.0,630.0,168.0,224.0,864.0
646,168.0,210.0,406.0,782.0,800.0,406.0,336.0,746.0,970.0
647,84.0,710.0,560.0,168.0,336.0,560.0,770.0,854.0,764.0
648,126.0,420.0,802.0,168.0,896.0,802.0,992.0,920.0,736.0
649,270.0,308.0,800.0,660.0,738.0,800.0,462.0,210.0,210.0
650,126.0,704.0,746.0,588.0,692.0,746.0,308.0,788.0,462.0
651,252.0,636.0,210.0,966.0,970.0,210.0,578.0,840.0,728.0
652,42.0,420.0,224.0,662.0,560.0,728.0,780.0,630.0,788.0
653,210.0,860.0,728.0,856.0,210.0,630.0,968.0,842.0,588.0
654,126.0,224.0,588.0,224.0,732.0,420.0,680.0,814.0,836.0
655,168.0,962.0,420.0,830.0,582.0,800.0,210.0,962.0,864.0
656,126.0,168.0,618.0,920.0,908.0,674.0,420.0,956.0,830.0
657,126.0,560.0,674.0,210.0,868.0,864.0,630.0,560.0,308.0
658,216.0,252.0,864.0,788.0,844.0,970.0,420.0,168.0,168.0
659,182.0,224.0,970.0,840.0,672.0,746.0,800.0,752.0,210.0
660,84.0,434.0,746.0,630.0,666.0,210.0,674.0,168.0,714.0
661,306.0,294.0,210.0,842.0,728.0,752.0,864.0,588.0,908.0
662,90.0,618.0,770.0,814.0,168.0,714.0,970.0,224.0,420.0
663,104.0,588.0,728.0,962.0,126.0,728.0,308.0,746.0,976.0
664,180.0,760.0,950.0,956.0,886.0,928.0,746.0,726.0,896.0
665,266.0,522.0,462.0,560.0,182.0,564.0,168.0,764.0,504.0
666,154.0,716.0,974.0,168.0,660.0,806.0,856.0,758.0,938.0
667,140.0,906.0,986.0,752.0,800.0,420.0,336.0,588.0,588.0
668,326.0,588.0,962.0,168.0,588.0,920.0,588.0,728.0,168.0
669,362.0,294.0,630.0,588.0,920.0,630.0,224.0,168.0,126.0
670,138.0,168.0,168.0,224.0,984.0,294.0,728.0,126.0,728.0
671,308.0,336.0,126.0,662.0,168.0,308.0,792.0,434.0,224.0
672,258.0,618.0,308.0,726.0,728.0,420.0,920.0,532.0,886.0
673,98.0,758.0,420.0,764.0,588.0,886.0,462.0,760.0,618.0
674,210.0,224.0,886.0,588.0,224.0,800.0,968.0,752.0,674.0
675,418.0,718.0,800.0,842.0,978.0,800.0,630.0,948.0,420.0
676,336.0,420.0,716.0,630.0,336.0,420.0,168.0,750.0,906.0
677,126.0,920.0,864.0,168.0,616.0,920.0,126.0,844.0,704.0
678,182.0,434.0,420.0,126.0,760.0,564.0,840.0,210.0,992.0
679,210.0,564.0,704.0,728.0,644.0,668.0,886.0,588.0,168.0
680,42.0,168.0,992.0,886.0,1000.0,210.0,800.0,348.0,840.0
681,126.0,210.0,168.0,800.0,770.0,560.0,674.0,266.0,630.0
682,252.0,420.0,532.0,674.0,168.0,532.0,948.0,914.0,266.0
683,42.0,224.0,266.0,948.0,672.0,928.0,970.0,588.0,336.0
684,138.0,626.0,252.0,420.0,336.0,960.0,626.0,752.0,892.0
685,84.0,300.0,672.0,662.0,650.0,864.0,168.0,858.0,948.0
686,126.0,544.0,934.0,626.0,890.0,434.0,588.0,958.0,970.0
687,84.0,624.0,948.0,210.0,758.0,886.0,224.0,560.0,168.0
688,168.0,588.0,308.0,532.0,802.0,210.0,634.0,168.0,398.0
689,126.0,564.0,970.0,588.0,996.0,770.0,708.0,308.0,798.0
690,178.0,560.0,210.0,224.0,210.0,728.0,518.0,336.0,434.0
691,104.0,906.0,672.0,928.0,822.0,936.0,294.0,672.0,770.0
692,350.0,308.0,686.0,708.0,630.0,752.0,948.0,658.0,920.0
693,180.0,168.0,674.0,948.0,882.0,906.0,560.0,674.0,836.0
694,216.0,546.0,758.0,308.0,922.0,854.0,774.0,758.0,944.0
695,360.0,420.0,504.0,970.0,970.0,886.0,210.0,676.0,774.0
696,168.0,300.0,928.0,168.0,800.0,728.0,672.0,906.0,440.0
697,270.0,920.0,906.0,308.0,806.0,210.0,966.0,886.0,728.0
698,210.0,378.0,704.0,672.0,210.0,630.0,674.0,210.0,168.0
699,258.0,336.0,728.0,658.0,482.0,970.0,758.0,822.0,1000.0
700,126.0,182.0,210.0,336.0,966.0,420.0,970.0,882.0,630.0
701,210.0,618.0,672.0,674.0,830.0,800.0,906.0,922.0,462.0
702,268.0,758.0,392.0,758.0,720.0,738.0,886.0,970.0,884.0
703,326.0,628.0,928.0,676.0,960.0,806.0,728.0,758.0,794.0
704,210.0,308.0,940.0,906.0,950.0,740.0,168.0,672.0,936.0
705,378.0,480.0,462.0,886.0,924.0,210.0,630.0,806.0,210.0
706,98.0,168.0,958.0,210.0,942.0,392.0,760.0,168.0,970.0
707,90.0,962.0,752.0,822.0,862.0,840.0,336.0,42.0,392.0
708,336.0,336.0,210.0,882.0,210.0,788.0,800.0,392.0,674.0
709,182.0,758.0,970.0,922.0,588.0,630.0,912.0,730.0,308.0
710,126.0,224.0,392.0,970.0,924.0,528.0,860.0,966.0,658.0
711,252.0,728.0,630.0,758.0,682.0,866.0,848.0,956.0,630.0
712,98.0,588.0,880.0,672.0,224.0,820.0,210.0,912.0,534.0
713,168.0,618.0,798.0,806.0,660.0,968.0,440.0,920.0,866.0
714,210.0,676.0,864.0,168.0,950.0,210.0,308.0,956.0,800.0
715,270.0,420.0,486.0,42.0,168.0,630.0,658.0,546.0,940.0
716,42.0,564.0,812.0,440.0,714.0,728.0,976.0,252.0,168.0
717,126.0,168.0,210.0,966.0,258.0,992.0,552.0,836.0,630.0
718,326.0,550.0,630.0,976.0,944.0,878.0,588.0,266.0,728.0
719,210.0,546.0,728.0,720.0,564.0,886.0,540.0,854.0,504.0
720,126.0,728.0,878.0,960.0,434.0,864.0,814.0,996.0,884.0
721,300.0,522.0,970.0,814.0,630.0,854.0,956.0,754.0,440.0
722,362.0,708.0,908.0,956.0,336.0,168.0,210.0,824.0,882.0
723,42.0,878.0,822.0,168.0,808.0,210.0,588.0,714.0,866.0
724,126.0,224.0,896.0,546.0,266.0,490.0,728.0,168.0,168.0
725,84.0,336.0,168.0,210.0,920.0,784.0,728.0,258.0,504.0
726,258.0,518.0,210.0,840.0,308.0,258.0,898.0,746.0,210.0
727,168.0,864.0,504.0,878.0,210.0,764.0,224.0,966.0,728.0
728,84.0,168.0,258.0,266.0,746.0,788.0,870.0,588.0,588.0
729,90.0,522.0,728.0,628.0,224.0,644.0,876.0,542.0,336.0
730,104.0,906.0,588.0,878.0,896.0,980.0,920.0,578.0,764.0
731,180.0,294.0,764.0,714.0,588.0,956.0,630.0,336.0,704.0
732,174.0,588.0,830.0,914.0,532.0,210.0,728.0,266.0,444.0
733,210.0,760.0,266.0,168.0,704.0,182.0,438.0,728.0,224.0
734,126.0,224.0,770.0,238.0,914.0,588.0,672.0,866.0,416.0
735,270.0,434.0,956.0,258.0,920.0,728.0,474.0,798.0,956.0
736,308.0,210.0,168.0,676.0,168.0,786.0,944.0,210.0,168.0
737,266.0,708.0,182.0,840.0,800.0,692.0,266.0,926.0,168.0
738,418.0,710.0,572.0,542.0,210.0,738.0,962.0,546.0,986.0
739,336.0,518.0,588.0,536.0,420.0,886.0,928.0,770.0,938.0
740,126.0,210.0,966.0,336.0,564.0,420.0,308.0,224.0,770.0
741,138.0,308.0,948.0,644.0,630.0,812.0,210.0,824.0,578.0
742,104.0,588.0,822.0,938.0,728.0,168.0,962.0,964.0,932.0
743,126.0,788.0,826.0,866.0,802.0,800.0,504.0,780.0,734.0
744,98.0,420.0,970.0,210.0,800.0,126.0,532.0,168.0,768.0
745,84.0,772.0,168.0,944.0,920.0,420.0,886.0,210.0,168.0
746,132.0,822.0,800.0,588.0,210.0,630.0,806.0,532.0,800.0
747,252.0,660.0,126.0,728.0,434.0,252.0,920.0,872.0,126.0
748,182.0,224.0,728.0,504.0,758.0,980.0,914.0,812.0,984.0
749,126.0,560.0,630.0,932.0,756.0,844.0,168.0,686.0,630.0
750,300.0,690.0,252.0,224.0,630.0,552.0,252.0,704.0,210.0
751,42.0,168.0,980.0,956.0,920.0,962.0,840.0,830.0,728.0
752,42.0,546.0,844.0,956.0,800.0,308.0,872.0,920.0,676.0
753,226.0,252.0,552.0,210.0,970.0,210.0,812.0,308.0,800.0
754,126.0,420.0,962.0,266.0,564.0,962.0,686.0,168.0,920.0
755,308.0,224.0,210.0,840.0,168.0,794.0,830.0,224.0,168.0
756,168.0,308.0,962.0,872.0,210.0,722.0,662.0,252.0,308.0
757,84.0,666.0,794.0,588.0,434.0,840.0,920.0,806.0,482.0
758,224.0,420.0,722.0,854.0,252.0,588.0,168.0,728.0,906.0
759,178.0,920.0,840.0,704.0,560.0,956.0,210.0,588.0,836.0
760,174.0,732.0,588.0,788.0,898.0,704.0,308.0,618.0,944.0
761,168.0,752.0,956.0,920.0,630.0,266.0,420.0,928.0,420.0
762,336.0,634.0,704.0,168.0,844.0,210.0,588.0,734.0,770.0
763,270.0,168.0,266.0,224.0,182.0,168.0,522.0,996.0,690.0
764,294.0,588.0,210.0,252.0,914.0,392.0,962.0,210.0,518.0
765,168.0,42.0,406.0,806.0,950.0,560.0,836.0,938.0,168.0
766,210.0,728.0,392.0,728.0,524.0,940.0,868.0,728.0,210.0
767,138.0,670.0,560.0,588.0,210.0,672.0,420.0,528.0,966.0
768,278.0,294.0,940.0,618.0,812.0,970.0,740.0,224.0,482.0
769,418.0,224.0,672.0,928.0,788.0,420.0,168.0,588.0,672.0
770,90.0,696.0,970.0,734.0,602.0,958.0,168.0,902.0,934.0
771,126.0,364.0,958.0,996.0,864.0,752.0,658.0,992.0,818.0
772,306.0,550.0,934.0,210.0,832.0,524.0,1000.0,932.0,906.0
773,126.0,854.0,524.0,894.0,654.0,210.0,308.0,524.0,886.0
774,126.0,864.0,210.0,308.0,756.0,832.0,536.0,630.0,524.0
775,84.0,420.0,832.0,872.0,434.0,504.0,674.0,210.0,210.0
776,168.0,794.0,812.0,932.0,210.0,788.0,798.0,746.0,812.0
777,168.0,168.0,788.0,462.0,872.0,308.0,892.0,560.0,998.0
778,126.0,182.0,602.0,224.0,448.0,602.0,840.0,864.0,818.0
779,42.0,42.0,864.0,714.0,566.0,864.0,392.0,1000.0,948.0
780,362.0,546.0,654.0,824.0,756.0,654.0,168.0,752.0,976.0
781,84.0,572.0,756.0,602.0,864.0,756.0,210.0,756.0,756.0
782,174.0,342.0,434.0,524.0,930.0,434.0,844.0,210.0,210.0
783,270.0,864.0,210.0,210.0,962.0,210.0,560.0,886.0,788.0
784,42.0,384.0,844.0,788.0,440.0,844.0,588.0,628.0,1000.0
785,126.0,420.0,696.0,560.0,728.0,654.0,848.0,674.0,630.0
786,308.0,1000.0,224.0,770.0,210.0,224.0,660.0,630.0,728.0
787,104.0,308.0,588.0,864.0,642.0,588.0,986.0,728.0,524.0
788,126.0,576.0,294.0,832.0,950.0,294.0,786.0,392.0,462.0
789,210.0,168.0,836.0,738.0,672.0,588.0,210.0,624.0,948.0
790,182.0,300.0,930.0,756.0,608.0,884.0,970.0,406.0,752.0
791,326.0,546.0,336.0,434.0,838.0,930.0,800.0,864.0,210.0
792,300.0,224.0,650.0,210.0,954.0,392.0,626.0,728.0,586.0
793,252.0,210.0,440.0,928.0,462.0,440.0,630.0,210.0,426.0
794,270.0,322.0,728.0,950.0,210.0,728.0,728.0,510.0,420.0
795,266.0,544.0,168.0,674.0,572.0,168.0,654.0,716.0,308.0
796,210.0,392.0,432.0,630.0,1000.0,432.0,962.0,848.0,888.0
797,180.0,800.0,716.0,336.0,630.0,716.0,462.0,630.0,770.0
798,210.0,920.0,856.0,392.0,728.0,856.0,168.0,608.0,990.0
799,258.0,434.0,630.0,624.0,830.0,630.0,210.0,838.0,884.0
800,98.0,606.0,732.0,864.0,858.0,518.0,788.0,954.0,560.0
801,90.0,168.0,518.0,728.0,752.0,864.0,956.0,560.0,788.0
802,418.0,654.0,822.0,168.0,168.0,690.0,728.0,674.0,210.0
803,336.0,308.0,674.0,210.0,994.0,674.0,810.0,168.0,690.0
804,168.0,420.0,210.0,468.0,588.0,210.0,560.0,126.0,518.0
805,126.0,866.0,392.0,660.0,432.0,392.0,990.0,906.0,546.0
806,168.0,336.0,630.0,848.0,864.0,630.0,832.0,630.0,728.0
807,282.0,588.0,840.0,560.0,836.0,840.0,462.0,886.0,770.0
808,362.0,778.0,970.0,608.0,992.0,970.0,210.0,588.0,266.0
809,42.0,224.0,534.0,838.0,440.0,534.0,392.0,800.0,878.0
810,210.0,578.0,878.0,954.0,728.0,878.0,958.0,704.0,648.0
811,84.0,462.0,914.0,168.0,764.0,914.0,672.0,168.0,168.0
812,84.0,660.0,168.0,572.0,630.0,168.0,420.0,596.0,588.0
813,42.0,168.0,812.0,126.0,210.0,812.0,928.0,630.0,630.0
814,360.0,168.0,630.0,1000.0,308.0,630.0,940.0,606.0,938.0
815,126.0,420.0,992.0,630.0,800.0,992.0,308.0,630.0,300.0
816,126.0,528.0,906.0,788.0,420.0,906.0,752.0,962.0,980.0
817,336.0,588.0,592.0,728.0,698.0,592.0,168.0,878.0,342.0
818,126.0,294.0,878.0,858.0,928.0,878.0,728.0,336.0,866.0
819,252.0,578.0,336.0,420.0,420.0,336.0,820.0,676.0,670.0
820,182.0,662.0,728.0,752.0,864.0,728.0,588.0,560.0,560.0
821,138.0,224.0,630.0,812.0,830.0,630.0,432.0,588.0,630.0
822,174.0,564.0,168.0,210.0,168.0,168.0,962.0,210.0,168.0
823,90.0,494.0,560.0,728.0,812.0,560.0,836.0,224.0,308.0
824,210.0,920.0,878.0,630.0,210.0,878.0,398.0,560.0,878.0
825,104.0,434.0,210.0,822.0,882.0,210.0,606.0,696.0,420.0
826,210.0,168.0,886.0,782.0,794.0,986.0,504.0,698.0,252.0
827,210.0,224.0,770.0,878.0,832.0,802.0,794.0,844.0,844.0
828,98.0,420.0,996.0,336.0,728.0,912.0,588.0,588.0,962.0
829,270.0,588.0,944.0,844.0,786.0,896.0,896.0,864.0,588.0
830,180.0,618.0,802.0,588.0,926.0,676.0,252.0,770.0,992.0
831,326.0,518.0,168.0,210.0,210.0,546.0,818.0,956.0,830.0
832,126.0,336.0,504.0,224.0,840.0,252.0,746.0,210.0,168.0
833,300.0,716.0,210.0,434.0,546.0,560.0,266.0,252.0,210.0
834,350.0,906.0,434.0,696.0,920.0,294.0,770.0,322.0,168.0
835,180.0,718.0,532.0,698.0,802.0,224.0,912.0,308.0,560.0
836,126.0,308.0,182.0,886.0,914.0,708.0,830.0,822.0,614.0
837,138.0,522.0,844.0,672.0,224.0,420.0,630.0,832.0,672.0
838,168.0,308.0,738.0,864.0,660.0,564.0,252.0,644.0,800.0
839,90.0,168.0,680.0,770.0,210.0,878.0,378.0,786.0,506.0
840,126.0,752.0,948.0,872.0,532.0,920.0,572.0,910.0,552.0
841,252.0,168.0,764.0,210.0,308.0,764.0,322.0,926.0,962.0
842,84.0,588.0,168.0,588.0,764.0,378.0,308.0,210.0,842.0
843,42.0,224.0,336.0,252.0,872.0,486.0,832.0,532.0,210.0
844,300.0,420.0,486.0,342.0,920.0,966.0,990.0,546.0,420.0
845,42.0,746.0,840.0,476.0,886.0,630.0,928.0,308.0,576.0
846,210.0,726.0,630.0,378.0,752.0,962.0,884.0,920.0,546.0
847,84.0,764.0,962.0,668.0,798.0,392.0,210.0,698.0,308.0
848,126.0,758.0,392.0,182.0,210.0,592.0,532.0,956.0,824.0
849,126.0,420.0,592.0,656.0,224.0,872.0,728.0,224.0,224.0
850,266.0,546.0,872.0,680.0,966.0,210.0,308.0,722.0,378.0
851,104.0,168.0,210.0,738.0,770.0,840.0,802.0,210.0,750.0
852,182.0,294.0,532.0,932.0,704.0,714.0,914.0,420.0,964.0
853,180.0,42.0,308.0,168.0,746.0,764.0,962.0,308.0,168.0
854,362.0,308.0,812.0,336.0,714.0,902.0,702.0,714.0,996.0
855,216.0,662.0,860.0,770.0,920.0,872.0,210.0,932.0,602.0
856,98.0,420.0,872.0,728.0,788.0,770.0,532.0,932.0,126.0
857,270.0,266.0,928.0,864.0,210.0,970.0,308.0,962.0,336.0
858,168.0,592.0,722.0,824.0,950.0,210.0,950.0,886.0,944.0
859,126.0,752.0,798.0,792.0,864.0,224.0,962.0,678.0,728.0
860,180.0,948.0,168.0,628.0,854.0,728.0,482.0,168.0,612.0
861,210.0,420.0,42.0,168.0,770.0,770.0,914.0,168.0,928.0
862,284.0,624.0,224.0,560.0,878.0,746.0,886.0,384.0,224.0
863,308.0,542.0,728.0,126.0,630.0,746.0,798.0,182.0,378.0
864,210.0,168.0,812.0,714.0,886.0,714.0,168.0,658.0,210.0
865,210.0,420.0,942.0,980.0,210.0,920.0,420.0,308.0,434.0
866,418.0,546.0,836.0,810.0,224.0,984.0,168.0,948.0,504.0
867,336.0,210.0,594.0,938.0,844.0,210.0,224.0,578.0,830.0
868,126.0,224.0,714.0,770.0,546.0,308.0,728.0,962.0,736.0
869,126.0,708.0,982.0,976.0,658.0,962.0,812.0,714.0,948.0
870,84.0,550.0,210.0,168.0,308.0,764.0,336.0,972.0,920.0
871,42.0,336.0,308.0,210.0,878.0,532.0,774.0,210.0,746.0
872,174.0,560.0,950.0,966.0,940.0,878.0,836.0,308.0,714.0
873,168.0,906.0,864.0,728.0,726.0,630.0,594.0,866.0,210.0
874,84.0,308.0,854.0,746.0,708.0,872.0,982.0,974.0,308.0
875,362.0,564.0,462.0,896.0,210.0,886.0,210.0,420.0,920.0
876,252.0,168.0,878.0,746.0,884.0,210.0,962.0,546.0,806.0
877,138.0,224.0,630.0,662.0,728.0,714.0,764.0,830.0,532.0
878,126.0,308.0,886.0,920.0,588.0,928.0,840.0,992.0,504.0
879,42.0,336.0,210.0,210.0,860.0,728.0,878.0,896.0,962.0
880,418.0,588.0,714.0,308.0,266.0,800.0,630.0,210.0,886.0
881,336.0,420.0,928.0,950.0,638.0,758.0,872.0,830.0,914.0
882,104.0,420.0,728.0,958.0,956.0,660.0,886.0,588.0,210.0
883,326.0,674.0,800.0,942.0,912.0,726.0,210.0,966.0,886.0
884,126.0,618.0,758.0,482.0,968.0,518.0,266.0,812.0,882.0
885,182.0,676.0,660.0,778.0,210.0,618.0,830.0,746.0,462.0
886,210.0,906.0,726.0,616.0,962.0,210.0,588.0,940.0,700.0
887,126.0,704.0,518.0,798.0,588.0,800.0,770.0,224.0,728.0
888,132.0,336.0,618.0,210.0,798.0,728.0,728.0,726.0,988.0
889,300.0,168.0,210.0,756.0,434.0,588.0,746.0,618.0,182.0
890,98.0,822.0,800.0,788.0,258.0,462.0,660.0,210.0,444.0
891,210.0,448.0,728.0,966.0,714.0,224.0,726.0,758.0,560.0
892,258.0,922.0,588.0,686.0,224.0,928.0,518.0,966.0,800.0
893,90.0,676.0,224.0,746.0,886.0,920.0,878.0,588.0,210.0
894,266.0,224.0,970.0,940.0,210.0,564.0,168.0,224.0,840.0
895,180.0,618.0,920.0,224.0,672.0,210.0,210.0,970.0,800.0
896,168.0,588.0,984.0,726.0,836.0,920.0,728.0,920.0,630.0
897,270.0,806.0,210.0,930.0,420.0,728.0,630.0,788.0,970.0
898,308.0,434.0,870.0,210.0,308.0,812.0,802.0,728.0,920.0
899,210.0,168.0,560.0,1000.0,906.0,746.0,692.0,168.0,872.0
900,126.0,676.0,714.0,756.0,704.0,854.0,996.0,956.0,878.0
901,362.0,42.0,266.0,588.0,886.0,942.0,938.0,504.0,434.0
902,168.0,252.0,704.0,434.0,420.0,830.0,168.0,224.0,252.0
903,180.0,674.0,896.0,224.0,680.0,168.0,768.0,336.0,644.0
904,252.0,588.0,860.0,970.0,168.0,672.0,678.0,588.0,532.0
905,84.0,308.0,962.0,930.0,806.0,252.0,308.0,844.0,896.0
906,126.0,420.0,168.0,728.0,224.0,308.0,392.0,840.0,704.0
907,42.0,182.0,672.0,168.0,588.0,878.0,630.0,854.0,788.0
908,326.0,420.0,210.0,962.0,728.0,504.0,462.0,672.0,914.0
909,258.0,534.0,836.0,420.0,760.0,970.0,336.0,336.0,168.0
910,138.0,294.0,728.0,294.0,126.0,738.0,764.0,504.0,672.0
911,138.0,920.0,738.0,266.0,696.0,866.0,650.0,800.0,126.0
912,126.0,564.0,802.0,546.0,606.0,686.0,886.0,854.0,446.0
913,42.0,168.0,698.0,854.0,420.0,896.0,168.0,948.0,842.0
914,126.0,546.0,378.0,884.0,920.0,630.0,728.0,934.0,772.0
915,182.0,210.0,812.0,920.0,168.0,886.0,252.0,994.0,728.0
916,84.0,420.0,168.0,168.0,922.0,728.0,974.0,210.0,420.0
917,104.0,878.0,842.0,672.0,996.0,878.0,728.0,764.0,948.0
918,216.0,266.0,728.0,210.0,524.0,546.0,928.0,224.0,920.0
919,418.0,308.0,906.0,836.0,420.0,516.0,906.0,504.0,168.0
920,210.0,420.0,440.0,504.0,308.0,962.0,518.0,420.0,504.0
921,98.0,628.0,560.0,738.0,630.0,210.0,840.0,844.0,728.0
922,90.0,878.0,830.0,844.0,252.0,462.0,168.0,308.0,1000.0
923,168.0,714.0,588.0,950.0,420.0,308.0,806.0,648.0,980.0
924,210.0,606.0,980.0,308.0,740.0,630.0,630.0,738.0,384.0
925,126.0,168.0,168.0,812.0,662.0,830.0,532.0,420.0,824.0
926,210.0,420.0,938.0,168.0,704.0,864.0,802.0,962.0,546.0
927,308.0,434.0,770.0,848.0,252.0,842.0,308.0,168.0,908.0
928,210.0,258.0,588.0,504.0,686.0,950.0,126.0,482.0,168.0
929,266.0,564.0,168.0,420.0,812.0,946.0,878.0,770.0,482.0
930,132.0,294.0,578.0,760.0,854.0,168.0,872.0,672.0,770.0
931,180.0,588.0,864.0,308.0,662.0,788.0,920.0,336.0,672.0
932,336.0,542.0,224.0,126.0,704.0,210.0,210.0,864.0,780.0
933,126.0,578.0,950.0,606.0,420.0,614.0,864.0,950.0,336.0
934,126.0,336.0,794.0,962.0,948.0,858.0,770.0,892.0,992.0
935,84.0,266.0,168.0,420.0,504.0,308.0,728.0,908.0,892.0
936,168.0,728.0,294.0,920.0,210.0,630.0,922.0,884.0,950.0
937,168.0,866.0,566.0,210.0,970.0,574.0,840.0,168.0,168.0
938,42.0,708.0,308.0,392.0,728.0,930.0,908.0,294.0,704.0
939,180.0,168.0,588.0,770.0,920.0,962.0,800.0,998.0,210.0
940,210.0,878.0,574.0,588.0,764.0,588.0,224.0,308.0,572.0
941,266.0,336.0,846.0,740.0,962.0,210.0,168.0,630.0,858.0
942,210.0,546.0,962.0,770.0,984.0,224.0,634.0,504.0,630.0
943,326.0,308.0,986.0,864.0,,708.0,210.0,738.0,812.0
944,84.0,420.0,750.0,950.0,,928.0,708.0,644.0,612.0
945,126.0,420.0,588.0,758.0,,728.0,546.0,874.0,602.0
946,90.0,224.0,210.0,884.0,,710.0,728.0,630.0,874.0
947,42.0,550.0,224.0,168.0,,962.0,564.0,210.0,210.0
948,300.0,878.0,708.0,294.0,,984.0,836.0,970.0,914.0
949,308.0,606.0,928.0,998.0,,,462.0,800.0,728.0
950,182.0,168.0,966.0,560.0,,,962.0,758.0,794.0
951,174.0,224.0,710.0,630.0,,,630.0,962.0,952.0
952,104.0,210.0,962.0,822.0,,,210.0,728.0,734.0
953,168.0,420.0,746.0,812.0,,,970.0,984.0,996.0
954,252.0,564.0,,874.0,,,728.0,,714.0
955,270.0,462.0,,504.0,,,800.0,,
956,138.0,374.0,,210.0,,,758.0,,
957,336.0,662.0,,970.0,,,962.0,,
958,126.0,480.0,,728.0,,,984.0,,
959,362.0,462.0,,920.0,,,,,
960,126.0,788.0,,764.0,,,,,
961,98.0,920.0,,962.0,,,,,
962,418.0,308.0,,984.0,,,,,
963,126.0,168.0,,,,,,,
964,306.0,224.0,,,,,,,
965,270.0,252.0,,,,,,,
966,168.0,632.0,,,,,,,
967,126.0,308.0,,,,,,,
968,104.0,420.0,,,,,,,
969,126.0,588.0,,,,,,,
970,84.0,618.0,,,,,,,
971,210.0,760.0,,,,,,,
972,300.0,602.0,,,,,,,
973,42.0,864.0,,,,,,,
974,326.0,606.0,,,,,,,
975,84.0,168.0,,,,,,,
976,42.0,494.0,,,,,,,
977,314.0,536.0,,,,,,,
978,90.0,662.0,,,,,,,
979,126.0,420.0,,,,,,,
980,174.0,336.0,,,,,,,
981,182.0,224.0,,,,,,,
982,252.0,714.0,,,,,,,
983,126.0,462.0,,,,,,,
984,168.0,552.0,,,,,,,
985,308.0,602.0,,,,,,,
986,180.0,308.0,,,,,,,
987,210.0,564.0,,,,,,,
988,210.0,342.0,,,,,,,
989,138.0,168.0,,,,,,,
990,98.0,420.0,,,,,,,
991,210.0,494.0,,,,,,,
992,126.0,308.0,,,,,,,
993,362.0,182.0,,,,,,,
994,370.0,336.0,,,,,,,
995,180.0,864.0,,,,,,,
996,336.0,420.0,,,,,,,
997,84.0,1000.0,,,,,,,
998,168.0,752.0,,,,,,,
999,126.0,756.0,,,,,,,
1000,178.0,168.0,,,,,,,
1001,132.0,634.0,,,,,,,
1002,360.0,308.0,,,,,,,
1003,126.0,182.0,,,,,,,
1004,98.0,628.0,,,,,,,
1005,252.0,294.0,,,,,,,
1006,42.0,674.0,,,,,,,
1007,138.0,588.0,,,,,,,
1008,168.0,420.0,,,,,,,
1009,174.0,252.0,,,,,,,
1010,84.0,624.0,,,,,,,
1011,104.0,406.0,,,,,,,
1012,242.0,864.0,,,,,,,
1013,42.0,728.0,,,,,,,
1014,126.0,168.0,,,,,,,
1015,126.0,224.0,,,,,,,
1016,182.0,300.0,,,,,,,
1017,138.0,576.0,,,,,,,
1018,210.0,848.0,,,,,,,
1019,226.0,294.0,,,,,,,
1020,240.0,546.0,,,,,,,
1021,210.0,608.0,,,,,,,
1022,138.0,796.0,,,,,,,
1023,336.0,954.0,,,,,,,
1024,168.0,308.0,,,,,,,
1025,174.0,674.0,,,,,,,
1026,126.0,168.0,,,,,,,
1027,308.0,42.0,,,,,,,
1028,174.0,906.0,,,,,,,
1029,210.0,588.0,,,,,,,
1030,210.0,420.0,,,,,,,
1031,222.0,676.0,,,,,,,
1032,182.0,420.0,,,,,,,
1033,126.0,618.0,,,,,,,
1034,84.0,294.0,,,,,,,
1035,84.0,224.0,,,,,,,
1036,98.0,704.0,,,,,,,
1037,210.0,168.0,,,,,,,
1038,126.0,420.0,,,,,,,
1039,42.0,596.0,,,,,,,
1040,210.0,588.0,,,,,,,
1041,252.0,606.0,,,,,,,
1042,42.0,224.0,,,,,,,
1043,174.0,462.0,,,,,,,
1044,326.0,962.0,,,,,,,
1045,362.0,696.0,,,,,,,
1046,104.0,336.0,,,,,,,
1047,126.0,676.0,,,,,,,
1048,168.0,308.0,,,,,,,
1049,210.0,588.0,,,,,,,
1050,180.0,168.0,,,,,,,
1051,360.0,308.0,,,,,,,
1052,270.0,696.0,,,,,,,
1053,168.0,420.0,,,,,,,
1054,210.0,698.0,,,,,,,
1055,300.0,294.0,,,,,,,
1056,138.0,592.0,,,,,,,
1057,126.0,224.0,,,,,,,
1058,350.0,420.0,,,,,,,
1059,282.0,864.0,,,,,,,
1060,90.0,770.0,,,,,,,
1061,126.0,872.0,,,,,,,
1062,180.0,210.0,,,,,,,
1063,336.0,336.0,,,,,,,
1064,132.0,434.0,,,,,,,
1065,126.0,322.0,,,,,,,
1066,126.0,752.0,,,,,,,
1067,178.0,224.0,,,,,,,
1068,42.0,706.0,,,,,,,
1069,84.0,644.0,,,,,,,
1070,210.0,786.0,,,,,,,
1071,182.0,756.0,,,,,,,
1072,138.0,926.0,,,,,,,
1073,98.0,210.0,,,,,,,
1074,278.0,462.0,,,,,,,
1075,300.0,546.0,,,,,,,
1076,168.0,308.0,,,,,,,
1077,42.0,560.0,,,,,,,
1078,126.0,822.0,,,,,,,
1079,168.0,698.0,,,,,,,
1080,84.0,564.0,,,,,,,
1081,126.0,224.0,,,,,,,
1082,258.0,722.0,,,,,,,
1083,104.0,168.0,,,,,,,
1084,174.0,420.0,,,,,,,
1085,168.0,308.0,,,,,,,
1086,90.0,588.0,,,,,,,
1087,252.0,806.0,,,,,,,
1088,132.0,696.0,,,,,,,
1089,330.0,336.0,,,,,,,
1090,210.0,564.0,,,,,,,
1091,226.0,920.0,,,,,,,
1092,270.0,592.0,,,,,,,
1093,126.0,224.0,,,,,,,
1094,308.0,420.0,,,,,,,
1095,450.0,168.0,,,,,,,
1096,336.0,168.0,,,,,,,
1097,126.0,252.0,,,,,,,
1098,42.0,182.0,,,,,,,
1099,84.0,420.0,,,,,,,
1100,98.0,308.0,,,,,,,
1101,126.0,770.0,,,,,,,
1102,42.0,578.0,,,,,,,
1103,182.0,536.0,,,,,,,
1104,138.0,878.0,,,,,,,
1105,126.0,714.0,,,,,,,
1106,104.0,648.0,,,,,,,
1107,84.0,420.0,,,,,,,
1108,168.0,168.0,,,,,,,
1109,168.0,308.0,,,,,,,
1110,210.0,920.0,,,,,,,
1111,126.0,224.0,,,,,,,
1112,126.0,420.0,,,,,,,
1113,216.0,294.0,,,,,,,
1114,252.0,462.0,,,,,,,
1115,286.0,494.0,,,,,,,
1116,210.0,734.0,,,,,,,
1117,210.0,608.0,,,,,,,
1118,268.0,654.0,,,,,,,
1119,270.0,756.0,,,,,,,
1120,178.0,168.0,,,,,,,
1121,326.0,434.0,,,,,,,
1122,138.0,536.0,,,,,,,
1123,314.0,588.0,,,,,,,
1124,350.0,294.0,,,,,,,
1125,258.0,812.0,,,,,,,
1126,210.0,746.0,,,,,,,
1127,90.0,660.0,,,,,,,
1128,180.0,224.0,,,,,,,
1129,336.0,336.0,,,,,,,
1130,126.0,726.0,,,,,,,
1131,84.0,518.0,,,,,,,
1132,104.0,618.0,,,,,,,
1133,98.0,168.0,,,,,,,
1134,126.0,420.0,,,,,,,
1135,308.0,336.0,,,,,,,
1136,210.0,758.0,,,,,,,
1137,42.0,294.0,,,,,,,
1138,336.0,588.0,,,,,,,
1139,42.0,224.0,,,,,,,
1140,168.0,676.0,,,,,,,
1141,180.0,920.0,,,,,,,
1142,182.0,434.0,,,,,,,
1143,270.0,606.0,,,,,,,
1144,126.0,168.0,,,,,,,
1145,326.0,824.0,,,,,,,
1146,168.0,420.0,,,,,,,
1147,84.0,308.0,,,,,,,
1148,90.0,224.0,,,,,,,
1149,174.0,336.0,,,,,,,
1150,252.0,588.0,,,,,,,
1151,258.0,420.0,,,,,,,
1152,234.0,718.0,,,,,,,
1153,270.0,840.0,,,,,,,
1154,362.0,590.0,,,,,,,
1155,126.0,606.0,,,,,,,
1156,210.0,168.0,,,,,,,
1157,300.0,588.0,,,,,,,
1158,210.0,210.0,,,,,,,
1159,126.0,364.0,,,,,,,
1160,324.0,696.0,,,,,,,
1161,126.0,224.0,,,,,,,
1162,126.0,420.0,,,,,,,
1163,126.0,738.0,,,,,,,
1164,84.0,760.0,,,,,,,
1165,126.0,754.0,,,,,,,
1166,216.0,308.0,,,,,,,
1167,268.0,812.0,,,,,,,
1168,210.0,168.0,,,,,,,
1169,42.0,764.0,,,,,,,
1170,266.0,224.0,,,,,,,
1171,182.0,504.0,,,,,,,
1172,378.0,420.0,,,,,,,
1173,42.0,550.0,,,,,,,
1174,210.0,308.0,,,,,,,
1175,104.0,336.0,,,,,,,
1176,126.0,648.0,,,,,,,
1177,84.0,738.0,,,,,,,
1178,168.0,420.0,,,,,,,
1179,252.0,962.0,,,,,,,
1180,132.0,168.0,,,,,,,
1181,210.0,252.0,,,,,,,
1182,178.0,420.0,,,,,,,
1183,332.0,308.0,,,,,,,
1184,138.0,546.0,,,,,,,
1185,216.0,336.0,,,,,,,
1186,360.0,666.0,,,,,,,
1187,168.0,864.0,,,,,,,
1188,186.0,378.0,,,,,,,
1189,342.0,182.0,,,,,,,
1190,210.0,614.0,,,,,,,
1191,98.0,634.0,,,,,,,
1192,126.0,674.0,,,,,,,
1193,336.0,702.0,,,,,,,
1194,126.0,168.0,,,,,,,
1195,104.0,168.0,,,,,,,
1196,266.0,672.0,,,,,,,
1197,84.0,308.0,,,,,,,
1198,98.0,224.0,,,,,,,
1199,84.0,588.0,,,,,,,
1200,270.0,420.0,,,,,,,
1201,126.0,536.0,,,,,,,
1202,42.0,486.0,,,,,,,
1203,182.0,378.0,,,,,,,
1204,252.0,518.0,,,,,,,
1205,216.0,874.0,,,,,,,
1206,42.0,546.0,,,,,,,
1207,418.0,168.0,,,,,,,
1208,210.0,224.0,,,,,,,
1209,126.0,708.0,,,,,,,
1210,258.0,336.0,,,,,,,
1211,168.0,550.0,,,,,,,
1212,224.0,294.0,,,,,,,
1213,216.0,836.0,,,,,,,
1214,180.0,962.0,,,,,,,
1215,326.0,420.0,,,,,,,
1216,168.0,434.0,,,,,,,
1217,126.0,564.0,,,,,,,
1218,210.0,,,,,,,,
1219,186.0,,,,,,,,
1220,362.0,,,,,,,,
1221,210.0,,,,,,,,
1222,210.0,,,,,,,,
1223,90.0,,,,,,,,
1224,126.0,,,,,,,,
1225,336.0,,,,,,,,
1226,126.0,,,,,,,,
1227,180.0,,,,,,,,
1228,270.0,,,,,,,,
1229,182.0,,,,,,,,
1230,104.0,,,,,,,,
1231,252.0,,,,,,,,
1232,84.0,,,,,,,,
1233,126.0,,,,,,,,
1234,210.0,,,,,,,,
1235,126.0,,,,,,,,
1236,42.0,,,,,,,,
1237,180.0,,,,,,,,
1238,42.0,,,,,,,,
1239,168.0,,,,,,,,
1240,336.0,,,,,,,,
1241,258.0,,,,,,,,
1242,168.0,,,,,,,,
1243,126.0,,,,,,,,
1244,84.0,,,,,,,,
1245,90.0,,,,,,,,
1246,326.0,,,,,,,,
1247,210.0,,,,,,,,
1248,216.0,,,,,,,,
1249,126.0,,,,,,,,
1250,362.0,,,,,,,,
1251,138.0,,,,,,,,
1252,210.0,,,,,,,,
1253,308.0,,,,,,,,
1254,210.0,,,,,,,,
1255,98.0,,,,,,,,
1256,266.0,,,,,,,,
1257,418.0,,,,,,,,
1258,42.0,,,,,,,,
1259,168.0,,,,,,,,
1260,98.0,,,,,,,,
1261,42.0,,,,,,,,
1262,210.0,,,,,,,,
1263,126.0,,,,,,,,
1264,126.0,,,,,,,,
1265,168.0,,,,,,,,
1266,126.0,,,,,,,,
1267,168.0,,,,,,,,
1268,294.0,,,,,,,,
1269,138.0,,,,,,,,
1270,252.0,,,,,,,,
1271,84.0,,,,,,,,
1272,242.0,,,,,,,,
1273,126.0,,,,,,,,
1274,84.0,,,,,,,,
1275,178.0,,,,,,,,
1276,418.0,,,,,,,,
1277,182.0,,,,,,,,
1278,216.0,,,,,,,,
1279,104.0,,,,,,,,
1280,138.0,,,,,,,,
1281,138.0,,,,,,,,
1282,126.0,,,,,,,,
1283,308.0,,,,,,,,
1284,174.0,,,,,,,,
1285,342.0,,,,,,,,
1286,224.0,,,,,,,,
1287,132.0,,,,,,,,
1288,226.0,,,,,,,,
1289,306.0,,,,,,,,
1290,336.0,,,,,,,,
1291,126.0,,,,,,,,
1292,126.0,,,,,,,,
1293,104.0,,,,,,,,
1294,126.0,,,,,,,,
1295,84.0,,,,,,,,
1296,182.0,,,,,,,,
1297,252.0,,,,,,,,
1298,168.0,,,,,,,,
1299,42.0,,,,,,,,
1300,126.0,,,,,,,,
1301,42.0,,,,,,,,
1302,168.0,,,,,,,,
1303,126.0,,,,,,,,
1304,168.0,,,,,,,,
1305,84.0,,,,,,,,
1306,300.0,,,,,,,,
1307,132.0,,,,,,,,
1308,174.0,,,,,,,,
1309,180.0,,,,,,,,
1310,180.0,,,,,,,,
1311,326.0,,,,,,,,
1312,258.0,,,,,,,,
1313,138.0,,,,,,,,
1314,270.0,,,,,,,,
1315,210.0,,,,,,,,
1316,314.0,,,,,,,,
1317,308.0,,,,,,,,
1318,98.0,,,,,,,,
1319,314.0,,,,,,,,
1320,370.0,,,,,,,,
1321,210.0,,,,,,,,
1322,336.0,,,,,,,,
1323,104.0,,,,,,,,
1324,324.0,,,,,,,,
1325,168.0,,,,,,,,
1326,126.0,,,,,,,,
1327,336.0,,,,,,,,
1328,42.0,,,,,,,,
1329,84.0,,,,,,,,
1330,84.0,,,,,,,,
1331,210.0,,,,,,,,
1332,42.0,,,,,,,,
1333,326.0,,,,,,,,
1334,300.0,,,,,,,,
1335,90.0,,,,,,,,
1336,126.0,,,,,,,,
1337,362.0,,,,,,,,
1338,182.0,,,,,,,,
1339,126.0,,,,,,,,
1340,174.0,,,,,,,,
1341,210.0,,,,,,,,
1342,252.0,,,,,,,,
1343,210.0,,,,,,,,
1344,126.0,,,,,,,,
1345,210.0,,,,,,,,
1346,180.0,,,,,,,,
1347,270.0,,,,,,,,
1348,222.0,,,,,,,,
1349,168.0,,,,,,,,
1350,138.0,,,,,,,,
1351,126.0,,,,,,,,
1352,266.0,,,,,,,,
1353,98.0,,,,,,,,
1354,234.0,,,,,,,,
1355,126.0,,,,,,,,
1356,182.0,,,,,,,,
1357,42.0,,,,,,,,
1358,84.0,,,,,,,,
1359,168.0,,,,,,,,
1360,138.0,,,,,,,,
1361,126.0,,,,,,,,
1362,42.0,,,,,,,,
1363,126.0,,,,,,,,
1364,84.0,,,,,,,,
1365,126.0,,,,,,,,
1366,252.0,,,,,,,,
1367,210.0,,,,,,,,
1368,126.0,,,,,,,,
1369,266.0,,,,,,,,
1370,132.0,,,,,,,,
1371,168.0,,,,,,,,
1372,216.0,,,,,,,,
1373,336.0,,,,,,,,
1374,180.0,,,,,,,,
1375,210.0,,,,,,,,
1376,104.0,,,,,,,,
1377,90.0,,,,,,,,
1378,210.0,,,,,,,,
1379,180.0,,,,,,,,
1380,258.0,,,,,,,,
1381,362.0,,,,,,,,
1382,138.0,,,,,,,,
1383,326.0,,,,,,,,
1384,308.0,,,,,,,,
1385,210.0,,,,,,,,
1386,98.0,,,,,,,,
1387,418.0,,,,,,,,
1388,126.0,,,,,,,,
1389,182.0,,,,,,,,
1390,336.0,,,,,,,,
1391,126.0,,,,,,,,
1392,104.0,,,,,,,,
1393,42.0,,,,,,,,
1394,126.0,,,,,,,,
1395,126.0,,,,,,,,
1396,174.0,,,,,,,,
1397,210.0,,,,,,,,
1398,42.0,,,,,,,,
1399,126.0,,,,,,,,
1400,168.0,,,,,,,,
1401,126.0,,,,,,,,
1402,84.0,,,,,,,,
1403,84.0,,,,,,,,
1404,168.0,,,,,,,,
1405,210.0,,,,,,,,
1406,258.0,,,,,,,,
1407,90.0,,,,,,,,
1408,210.0,,,,,,,,
1409,180.0,,,,,,,,
1410,326.0,,,,,,,,
1411,282.0,,,,,,,,
1412,252.0,,,,,,,,
1413,270.0,,,,,,,,
1414,360.0,,,,,,,,
1415,362.0,,,,,,,,
1416,270.0,,,,,,,,
1417,300.0,,,,,,,,
1418,350.0,,,,,,,,
1419,98.0,,,,,,,,
1420,126.0,,,,,,,,
1421,42.0,,,,,,,,
1422,84.0,,,,,,,,
1423,362.0,,,,,,,,
1424,84.0,,,,,,,,
1425,98.0,,,,,,,,
1426,138.0,,,,,,,,
1427,126.0,,,,,,,,
1428,126.0,,,,,,,,
1429,104.0,,,,,,,,
1430,42.0,,,,,,,,
1431,210.0,,,,,,,,
1432,216.0,,,,,,,,
1433,90.0,,,,,,,,
1434,252.0,,,,,,,,
1435,168.0,,,,,,,,
1436,132.0,,,,,,,,
1437,182.0,,,,,,,,
1438,126.0,,,,,,,,
1439,168.0,,,,,,,,
1440,138.0,,,,,,,,
1441,326.0,,,,,,,,
1442,266.0,,,,,,,,
1443,126.0,,,,,,,,
1444,180.0,,,,,,,,
1445,126.0,,,,,,,,
1446,168.0,,,,,,,,
1447,308.0,,,,,,,,
1448,258.0,,,,,,,,
1449,210.0,,,,,,,,
1450,418.0,,,,,,,,
1451,306.0,,,,,,,,
1452,336.0,,,,,,,,
1453,126.0,,,,,,,,
1454,90.0,,,,,,,,
1455,168.0,,,,,,,,
1456,306.0,,,,,,,,
1457,42.0,,,,,,,,
1458,168.0,,,,,,,,
1459,42.0,,,,,,,,
1460,216.0,,,,,,,,
1461,84.0,,,,,,,,
1462,126.0,,,,,,,,
1463,210.0,,,,,,,,
1464,126.0,,,,,,,,
1465,182.0,,,,,,,,
1466,362.0,,,,,,,,
1467,84.0,,,,,,,,
1468,104.0,,,,,,,,
1469,138.0,,,,,,,,
1470,252.0,,,,,,,,
1471,266.0,,,,,,,,
1472,180.0,,,,,,,,
1473,336.0,,,,,,,,
1474,270.0,,,,,,,,
1475,126.0,,,,,,,,
1476,284.0,,,,,,,,
1477,308.0,,,,,,,,
1478,252.0,,,,,,,,
1479,210.0,,,,,,,,
1480,98.0,,,,,,,,
1481,418.0,,,,,,,,
1482,342.0,,,,,,,,
1483,126.0,,,,,,,,
1484,168.0,,,,,,,,
1485,126.0,,,,,,,,
1486,272.0,,,,,,,,
1487,252.0,,,,,,,,
1488,84.0,,,,,,,,
1489,126.0,,,,,,,,
1490,104.0,,,,,,,,
1491,138.0,,,,,,,,
1492,126.0,,,,,,,,
1493,132.0,,,,,,,,
1494,336.0,,,,,,,,
1495,42.0,,,,,,,,
1496,42.0,,,,,,,,
1497,178.0,,,,,,,,
1498,168.0,,,,,,,,
1499,84.0,,,,,,,,
1500,126.0,,,,,,,,
1501,182.0,,,,,,,,
1502,308.0,,,,,,,,
1503,216.0,,,,,,,,
1504,174.0,,,,,,,,
1505,228.0,,,,,,,,
1506,168.0,,,,,,,,
1507,98.0,,,,,,,,
1508,242.0,,,,,,,,
1509,138.0,,,,,,,,
1510,210.0,,,,,,,,
1511,316.0,,,,,,,,
1512,342.0,,,,,,,,
1513,210.0,,,,,,,,
1514,210.0,,,,,,,,
1515,370.0,,,,,,,,
1516,126.0,,,,,,,,
1517,126.0,,,,,,,,
1518,104.0,,,,,,,,
1519,42.0,,,,,,,,
1520,84.0,,,,,,,,
1521,168.0,,,,,,,,
1522,174.0,,,,,,,,
1523,252.0,,,,,,,,
1524,42.0,,,,,,,,
1525,126.0,,,,,,,,
1526,178.0,,,,,,,,
1527,126.0,,,,,,,,
1528,210.0,,,,,,,,
1529,84.0,,,,,,,,
1530,300.0,,,,,,,,
1531,182.0,,,,,,,,
1532,138.0,,,,,,,,
1533,224.0,,,,,,,,
1534,126.0,,,,,,,,
1535,270.0,,,,,,,,
1536,336.0,,,,,,,,
1537,168.0,,,,,,,,
1538,168.0,,,,,,,,
1539,268.0,,,,,,,,
1540,126.0,,,,,,,,
1541,138.0,,,,,,,,
1542,308.0,,,,,,,,
1543,326.0,,,,,,,,
1544,98.0,,,,,,,,
1545,210.0,,,,,,,,
1546,90.0,,,,,,,,
1547,418.0,,,,,,,,
1548,126.0,,,,,,,,
1549,306.0,,,,,,,,
1550,168.0,,,,,,,,
1551,126.0,,,,,,,,
1552,126.0,,,,,,,,
1553,126.0,,,,,,,,
1554,84.0,,,,,,,,
1555,42.0,,,,,,,,
1556,210.0,,,,,,,,
1557,216.0,,,,,,,,
1558,42.0,,,,,,,,
1559,182.0,,,,,,,,
1560,126.0,,,,,,,,
1561,270.0,,,,,,,,
1562,126.0,,,,,,,,
1563,84.0,,,,,,,,
1564,252.0,,,,,,,,
1565,104.0,,,,,,,,
1566,326.0,,,,,,,,
1567,180.0,,,,,,,,
1568,168.0,,,,,,,,
1569,168.0,,,,,,,,
1570,138.0,,,,,,,,
1571,362.0,,,,,,,,
1572,210.0,,,,,,,,
1573,308.0,,,,,,,,
1574,216.0,,,,,,,,
1575,98.0,,,,,,,,
1576,210.0,,,,,,,,
1577,266.0,,,,,,,,
1578,90.0,,,,,,,,
1579,418.0,,,,,,,,
1580,264.0,,,,,,,,
1581,336.0,,,,,,,,
1582,168.0,,,,,,,,
1583,126.0,,,,,,,,
1584,84.0,,,,,,,,
1585,138.0,,,,,,,,
1586,126.0,,,,,,,,
1587,42.0,,,,,,,,
1588,168.0,,,,,,,,
1589,174.0,,,,,,,,
1590,98.0,,,,,,,,
1591,138.0,,,,,,,,
1592,42.0,,,,,,,,
1593,84.0,,,,,,,,
1594,178.0,,,,,,,,
1595,174.0,,,,,,,,
1596,308.0,,,,,,,,
1597,126.0,,,,,,,,
1598,126.0,,,,,,,,
1599,126.0,,,,,,,,
1600,104.0,,,,,,,,
1601,252.0,,,,,,,,
1602,182.0,,,,,,,,
1603,174.0,,,,,,,,
1604,210.0,,,,,,,,
1605,210.0,,,,,,,,
1606,180.0,,,,,,,,
1607,138.0,,,,,,,,
1608,210.0,,,,,,,,
1609,242.0,,,,,,,,
1610,168.0,,,,,,,,
1611,226.0,,,,,,,,
1612,224.0,,,,,,,,
1613,132.0,,,,,,,,
1614,418.0,,,,,,,,
1615,210.0,,,,,,,,
1616,336.0,,,,,,,,
1617,138.0,,,,,,,,
1618,168.0,,,,,,,,
1619,126.0,,,,,,,,
1620,252.0,,,,,,,,
1621,418.0,,,,,,,,
1622,210.0,,,,,,,,
1623,42.0,,,,,,,,
1624,210.0,,,,,,,,
1625,210.0,,,,,,,,
1626,104.0,,,,,,,,
1627,174.0,,,,,,,,
1628,126.0,,,,,,,,
1629,126.0,,,,,,,,
1630,168.0,,,,,,,,
1631,84.0,,,,,,,,
1632,132.0,,,,,,,,
1633,42.0,,,,,,,,
1634,362.0,,,,,,,,
1635,182.0,,,,,,,,
1636,84.0,,,,,,,,
1637,210.0,,,,,,,,
1638,42.0,,,,,,,,
1639,90.0,,,,,,,,
1640,300.0,,,,,,,,
1641,180.0,,,,,,,,
1642,84.0,,,,,,,,
1643,138.0,,,,,,,,
1644,98.0,,,,,,,,
1645,326.0,,,,,,,,
1646,308.0,,,,,,,,
1647,266.0,,,,,,,,
1648,126.0,,,,,,,,
1649,180.0,,,,,,,,
1650,336.0,,,,,,,,
1651,84.0,,,,,,,,
1652,180.0,,,,,,,,
1653,126.0,,,,,,,,
1654,126.0,,,,,,,,
1655,84.0,,,,,,,,
1656,168.0,,,,,,,,
1657,362.0,,,,,,,,
1658,42.0,,,,,,,,
1659,210.0,,,,,,,,
1660,180.0,,,,,,,,
1661,126.0,,,,,,,,
1662,42.0,,,,,,,,
1663,90.0,,,,,,,,
1664,126.0,,,,,,,,
1665,182.0,,,,,,,,
1666,252.0,,,,,,,,
1667,168.0,,,,,,,,
1668,174.0,,,,,,,,
1669,210.0,,,,,,,,
1670,104.0,,,,,,,,
1671,300.0,,,,,,,,
1672,282.0,,,,,,,,
1673,270.0,,,,,,,,
1674,210.0,,,,,,,,
1675,126.0,,,,,,,,
1676,138.0,,,,,,,,
1677,360.0,,,,,,,,
1678,326.0,,,,,,,,
1679,350.0,,,,,,,,
1680,210.0,,,,,,,,
1681,98.0,,,,,,,,
1682,336.0,,,,,,,,
1683,138.0,,,,,,,,
1684,126.0,,,,,,,,
1685,126.0,,,,,,,,
1686,98.0,,,,,,,,
1687,168.0,,,,,,,,
1688,42.0,,,,,,,,
1689,324.0,,,,,,,,
1690,210.0,,,,,,,,
1691,42.0,,,,,,,,
1692,84.0,,,,,,,,
1693,210.0,,,,,,,,
1694,210.0,,,,,,,,
1695,126.0,,,,,,,,
1696,126.0,,,,,,,,
1697,182.0,,,,,,,,
1698,126.0,,,,,,,,
1699,216.0,,,,,,,,
1700,84.0,,,,,,,,
1701,210.0,,,,,,,,
1702,104.0,,,,,,,,
1703,252.0,,,,,,,,
1704,308.0,,,,,,,,
1705,180.0,,,,,,,,
1706,168.0,,,,,,,,
1707,342.0,,,,,,,,
1708,138.0,,,,,,,,
1709,362.0,,,,,,,,
1710,332.0,,,,,,,,
1711,234.0,,,,,,,,
1712,126.0,,,,,,,,
1713,132.0,,,,,,,,
1714,180.0,,,,,,,,
1715,336.0,,,,,,,,
1716,180.0,,,,,,,,
1717,126.0,,,,,,,,
1718,42.0,,,,,,,,
1719,210.0,,,,,,,,
1720,84.0,,,,,,,,
1721,126.0,,,,,,,,
1722,252.0,,,,,,,,
1723,126.0,,,,,,,,
1724,42.0,,,,,,,,
1725,182.0,,,,,,,,
1726,84.0,,,,,,,,
1727,210.0,,,,,,,,
1728,168.0,,,,,,,,
1729,216.0,,,,,,,,
1730,126.0,,,,,,,,
1731,90.0,,,,,,,,
1732,104.0,,,,,,,,
1733,258.0,,,,,,,,
1734,266.0,,,,,,,,
1735,336.0,,,,,,,,
1736,168.0,,,,,,,,
1737,210.0,,,,,,,,
1738,270.0,,,,,,,,
1739,270.0,,,,,,,,
1740,362.0,,,,,,,,
1741,126.0,,,,,,,,
1742,98.0,,,,,,,,
1743,326.0,,,,,,,,
1744,418.0,,,,,,,,
1745,308.0,,,,,,,,
1746,258.0,,,,,,,,
1747,90.0,,,,,,,,
1748,168.0,,,,,,,,
1749,258.0,,,,,,,,
1750,126.0,,,,,,,,
1751,104.0,,,,,,,,
1752,84.0,,,,,,,,
1753,84.0,,,,,,,,
1754,42.0,,,,,,,,
1755,126.0,,,,,,,,
1756,336.0,,,,,,,,
1757,180.0,,,,,,,,
1758,126.0,,,,,,,,
1759,216.0,,,,,,,,
1760,308.0,,,,,,,,
1761,42.0,,,,,,,,
1762,98.0,,,,,,,,
1763,182.0,,,,,,,,
1764,126.0,,,,,,,,
1765,270.0,,,,,,,,
1766,210.0,,,,,,,,
1767,252.0,,,,,,,,
1768,324.0,,,,,,,,
1769,210.0,,,,,,,,
1770,326.0,,,,,,,,
1771,168.0,,,,,,,,
1772,258.0,,,,,,,,
1773,362.0,,,,,,,,
1774,270.0,,,,,,,,
1775,210.0,,,,,,,,
1776,234.0,,,,,,,,
1777,126.0,,,,,,,,
1778,126.0,,,,,,,,
1779,90.0,,,,,,,,
1780,42.0,,,,,,,,
1781,252.0,,,,,,,,
1782,126.0,,,,,,,,
1783,84.0,,,,,,,,
1784,126.0,,,,,,,,
1785,42.0,,,,,,,,
1786,126.0,,,,,,,,
1787,182.0,,,,,,,,
1788,98.0,,,,,,,,
1789,104.0,,,,,,,,
1790,216.0,,,,,,,,
1791,336.0,,,,,,,,
1792,126.0,,,,,,,,
1793,84.0,,,,,,,,
1794,168.0,,,,,,,,
1795,210.0,,,,,,,,
1796,168.0,,,,,,,,
1797,270.0,,,,,,,,
1798,180.0,,,,,,,,
1799,132.0,,,,,,,,
1800,362.0,,,,,,,,
1801,186.0,,,,,,,,
1802,126.0,,,,,,,,
1803,210.0,,,,,,,,
1804,326.0,,,,,,,,
1805,308.0,,,,,,,,
1806,258.0,,,,,,,,
1807,210.0,,,,,,,,
1808,210.0,,,,,,,,
1809,234.0,,,,,,,,
1810,324.0,,,,,,,,
1811,126.0,,,,,,,,
1812,126.0,,,,,,,,
1813,252.0,,,,,,,,
1814,126.0,,,,,,,,
1815,84.0,,,,,,,,
1816,168.0,,,,,,,,
1817,138.0,,,,,,,,
1818,42.0,,,,,,,,
1819,210.0,,,,,,,,
1820,126.0,,,,,,,,
1821,362.0,,,,,,,,
1822,42.0,,,,,,,,
1823,126.0,,,,,,,,
1824,84.0,,,,,,,,
1825,174.0,,,,,,,,
1826,126.0,,,,,,,,
1827,104.0,,,,,,,,
1828,182.0,,,,,,,,
1829,210.0,,,,,,,,
1830,300.0,,,,,,,,
1831,180.0,,,,,,,,
1832,210.0,,,,,,,,
1833,168.0,,,,,,,,
1834,308.0,,,,,,,,
1835,90.0,,,,,,,,
1836,138.0,,,,,,,,
1837,266.0,,,,,,,,
1838,210.0,,,,,,,,
1839,326.0,,,,,,,,
1840,98.0,,,,,,,,
1841,132.0,,,,,,,,
1842,418.0,,,,,,,,
1843,180.0,,,,,,,,
1844,336.0,,,,,,,,
1845,90.0,,,,,,,,
1846,126.0,,,,,,,,
1847,252.0,,,,,,,,
1848,168.0,,,,,,,,
1849,84.0,,,,,,,,
1850,42.0,,,,,,,,
1851,216.0,,,,,,,,
1852,418.0,,,,,,,,
1853,126.0,,,,,,,,
1854,42.0,,,,,,,,
1855,210.0,,,,,,,,
1856,210.0,,,,,,,,
1857,126.0,,,,,,,,
1858,126.0,,,,,,,,
1859,84.0,,,,,,,,
1860,182.0,,,,,,,,
1861,104.0,,,,,,,,
1862,336.0,,,,,,,,
1863,258.0,,,,,,,,
1864,270.0,,,,,,,,
1865,168.0,,,,,,,,
1866,98.0,,,,,,,,
1867,180.0,,,,,,,,
1868,210.0,,,,,,,,
1869,270.0,,,,,,,,
1870,126.0,,,,,,,,
1871,362.0,,,,,,,,
1872,326.0,,,,,,,,
1873,308.0,,,,,,,,
1874,258.0,,,,,,,,
1875,266.0,,,,,,,,
1876,126.0,,,,,,,,
1877,42.0,,,,,,,,
1878,336.0,,,,,,,,
1879,168.0,,,,,,,,
1880,294.0,,,,,,,,
1881,126.0,,,,,,,,
1882,362.0,,,,,,,,
1883,98.0,,,,,,,,
1884,42.0,,,,,,,,
1885,126.0,,,,,,,,
1886,84.0,,,,,,,,
1887,84.0,,,,,,,,
1888,168.0,,,,,,,,
1889,104.0,,,,,,,,
1890,182.0,,,,,,,,
1891,180.0,,,,,,,,
1892,174.0,,,,,,,,
1893,252.0,,,,,,,,
1894,210.0,,,,,,,,
1895,270.0,,,,,,,,
1896,300.0,,,,,,,,
1897,266.0,,,,,,,,
1898,308.0,,,,,,,,
1899,126.0,,,,,,,,
1900,138.0,,,,,,,,
1901,326.0,,,,,,,,
1902,210.0,,,,,,,,
1903,418.0,,,,,,,,
1904,90.0,,,,,,,,
1905,126.0,,,,,,,,
1906,306.0,,,,,,,,
1907,126.0,,,,,,,,
1908,300.0,,,,,,,,
1909,210.0,,,,,,,,
1910,84.0,,,,,,,,
1911,126.0,,,,,,,,
1912,126.0,,,,,,,,
1913,252.0,,,,,,,,
1914,42.0,,,,,,,,
1915,138.0,,,,,,,,
1916,182.0,,,,,,,,
1917,306.0,,,,,,,,
1918,42.0,,,,,,,,
1919,132.0,,,,,,,,
1920,336.0,,,,,,,,
1921,126.0,,,,,,,,
1922,180.0,,,,,,,,
1923,84.0,,,,,,,,
1924,138.0,,,,,,,,
1925,168.0,,,,,,,,
1926,308.0,,,,,,,,
1927,174.0,,,,,,,,
1928,362.0,,,,,,,,
1929,104.0,,,,,,,,
1930,90.0,,,,,,,,
1931,126.0,,,,,,,,
1932,168.0,,,,,,,,
1933,168.0,,,,,,,,
1934,210.0,,,,,,,,
1935,326.0,,,,,,,,
1936,98.0,,,,,,,,
1937,314.0,,,,,,,,
1938,370.0,,,,,,,,
1939,126.0,,,,,,,,
1940,210.0,,,,,,,,
1941,126.0,,,,,,,,
1942,126.0,,,,,,,,
1943,252.0,,,,,,,,
1944,270.0,,,,,,,,
1945,42.0,,,,,,,,
1946,300.0,,,,,,,,
1947,326.0,,,,,,,,
1948,42.0,,,,,,,,
1949,126.0,,,,,,,,
1950,126.0,,,,,,,,
1951,210.0,,,,,,,,
1952,84.0,,,,,,,,
1953,182.0,,,,,,,,
1954,174.0,,,,,,,,
1955,168.0,,,,,,,,
1956,126.0,,,,,,,,
1957,84.0,,,,,,,,
1958,90.0,,,,,,,,
1959,360.0,,,,,,,,
1960,350.0,,,,,,,,
1961,104.0,,,,,,,,
1962,138.0,,,,,,,,
1963,282.0,,,,,,,,
1964,180.0,,,,,,,,
1965,210.0,,,,,,,,
1966,168.0,,,,,,,,
1967,362.0,,,,,,,,
1968,210.0,,,,,,,,
1969,98.0,,,,,,,,
1970,180.0,,,,,,,,
1971,336.0,,,,,,,,
1972,98.0,,,,,,,,
1973,182.0,,,,,,,,
1974,126.0,,,,,,,,
1975,84.0,,,,,,,,
1976,138.0,,,,,,,,
1977,216.0,,,,,,,,
1978,126.0,,,,,,,,
1979,126.0,,,,,,,,
1980,84.0,,,,,,,,
1981,42.0,,,,,,,,
1982,252.0,,,,,,,,
1983,42.0,,,,,,,,
1984,126.0,,,,,,,,
1985,104.0,,,,,,,,
1986,418.0,,,,,,,,
1987,168.0,,,,,,,,
1988,362.0,,,,,,,,
1989,342.0,,,,,,,,
1990,252.0,,,,,,,,
1991,210.0,,,,,,,,
1992,180.0,,,,,,,,
1993,270.0,,,,,,,,
1994,168.0,,,,,,,,
1995,126.0,,,,,,,,
1996,284.0,,,,,,,,
1997,308.0,,,,,,,,
1998,266.0,,,,,,,,
1999,210.0,,,,,,,,
2000,90.0,,,,,,,,
2001,306.0,,,,,,,,
2002,336.0,,,,,,,,
2003,126.0,,,,,,,,
2004,126.0,,,,,,,,
2005,252.0,,,,,,,,
2006,126.0,,,,,,,,
2007,84.0,,,,,,,,
2008,168.0,,,,,,,,
2009,104.0,,,,,,,,
2010,336.0,,,,,,,,
2011,42.0,,,,,,,,
2012,138.0,,,,,,,,
2013,42.0,,,,,,,,
2014,168.0,,,,,,,,
2015,360.0,,,,,,,,
2016,126.0,,,,,,,,
2017,138.0,,,,,,,,
2018,226.0,,,,,,,,
2019,84.0,,,,,,,,
2020,126.0,,,,,,,,
2021,90.0,,,,,,,,
2022,140.0,,,,,,,,
2023,132.0,,,,,,,,
2024,182.0,,,,,,,,
2025,178.0,,,,,,,,
2026,216.0,,,,,,,,
2027,138.0,,,,,,,,
2028,154.0,,,,,,,,
2029,168.0,,,,,,,,
2030,228.0,,,,,,,,
2031,264.0,,,,,,,,
2032,174.0,,,,,,,,
2033,350.0,,,,,,,,
2034,126.0,,,,,,,,
2035,210.0,,,,,,,,
2036,240.0,,,,,,,,
2037,98.0,,,,,,,,
2038,182.0,,,,,,,,
2039,126.0,,,,,,,,
2040,336.0,,,,,,,,
2041,126.0,,,,,,,,
2042,126.0,,,,,,,,
2043,278.0,,,,,,,,
2044,252.0,,,,,,,,
2045,42.0,,,,,,,,
2046,182.0,,,,,,,,
2047,132.0,,,,,,,,
2048,42.0,,,,,,,,
2049,126.0,,,,,,,,
2050,42.0,,,,,,,,
2051,186.0,,,,,,,,
2052,84.0,,,,,,,,
2053,168.0,,,,,,,,
2054,126.0,,,,,,,,
2055,90.0,,,,,,,,
2056,84.0,,,,,,,,
2057,224.0,,,,,,,,
2058,418.0,,,,,,,,
2059,138.0,,,,,,,,
2060,168.0,,,,,,,,
2061,174.0,,,,,,,,
2062,132.0,,,,,,,,
2063,104.0,,,,,,,,
2064,98.0,,,,,,,,
2065,178.0,,,,,,,,
2066,270.0,,,,,,,,
2067,210.0,,,,,,,,
2068,300.0,,,,,,,,
2069,226.0,,,,,,,,
2070,308.0,,,,,,,,
2071,210.0,,,,,,,,
2072,210.0,,,,,,,,
2073,126.0,,,,,,,,
2074,168.0,,,,,,,,
2075,306.0,,,,,,,,
2076,126.0,,,,,,,,
2077,98.0,,,,,,,,
2078,126.0,,,,,,,,
2079,42.0,,,,,,,,
2080,252.0,,,,,,,,
2081,42.0,,,,,,,,
2082,132.0,,,,,,,,
2083,104.0,,,,,,,,
2084,126.0,,,,,,,,
2085,84.0,,,,,,,,
2086,182.0,,,,,,,,
2087,168.0,,,,,,,,
2088,84.0,,,,,,,,
2089,126.0,,,,,,,,
2090,174.0,,,,,,,,
2091,418.0,,,,,,,,
2092,332.0,,,,,,,,
2093,126.0,,,,,,,,
2094,168.0,,,,,,,,
2095,210.0,,,,,,,,
2096,138.0,,,,,,,,
2097,174.0,,,,,,,,
2098,180.0,,,,,,,,
2099,126.0,,,,,,,,
2100,138.0,,,,,,,,
2101,362.0,,,,,,,,
2102,308.0,,,,,,,,
2103,210.0,,,,,,,,
2104,266.0,,,,,,,,
2105,210.0,,,,,,,,
2106,336.0,,,,,,,,
2107,270.0,,,,,,,,
2108,126.0,,,,,,,,
2109,174.0,,,,,,,,
2110,252.0,,,,,,,,
2111,126.0,,,,,,,,
2112,168.0,,,,,,,,
2113,84.0,,,,,,,,
2114,42.0,,,,,,,,
2115,42.0,,,,,,,,
2116,126.0,,,,,,,,
2117,210.0,,,,,,,,
2118,140.0,,,,,,,,
2119,104.0,,,,,,,,
2120,138.0,,,,,,,,
2121,126.0,,,,,,,,
2122,84.0,,,,,,,,
2123,90.0,,,,,,,,
2124,182.0,,,,,,,,
2125,168.0,,,,,,,,
2126,180.0,,,,,,,,
2127,300.0,,,,,,,,
2128,154.0,,,,,,,,
2129,98.0,,,,,,,,
2130,362.0,,,,,,,,
2131,326.0,,,,,,,,
2132,308.0,,,,,,,,
2133,210.0,,,,,,,,
2134,266.0,,,,,,,,
2135,418.0,,,,,,,,
2136,126.0,,,,,,,,
2137,306.0,,,,,,,,
2138,336.0,,,,,,,,
2139,90.0,,,,,,,,
2140,182.0,,,,,,,,
2141,42.0,,,,,,,,
2142,126.0,,,,,,,,
2143,126.0,,,,,,,,
2144,84.0,,,,,,,,
2145,126.0,,,,,,,,
2146,326.0,,,,,,,,
2147,270.0,,,,,,,,
2148,186.0,,,,,,,,
2149,314.0,,,,,,,,
2150,42.0,,,,,,,,
2151,126.0,,,,,,,,
2152,174.0,,,,,,,,
2153,132.0,,,,,,,,
2154,104.0,,,,,,,,
2155,210.0,,,,,,,,
2156,168.0,,,,,,,,
2157,84.0,,,,,,,,
2158,210.0,,,,,,,,
2159,210.0,,,,,,,,
2160,252.0,,,,,,,,
2161,98.0,,,,,,,,
2162,180.0,,,,,,,,
2163,168.0,,,,,,,,
2164,126.0,,,,,,,,
2165,300.0,,,,,,,,
2166,362.0,,,,,,,,
2167,210.0,,,,,,,,
2168,308.0,,,,,,,,
2169,370.0,,,,,,,,
2170,336.0,,,,,,,,
2171,180.0,,,,,,,,
2172,126.0,,,,,,,,
2173,210.0,,,,,,,,
2174,84.0,,,,,,,,
2175,210.0,,,,,,,,
2176,126.0,,,,,,,,
2177,418.0,,,,,,,,
2178,42.0,,,,,,,,
2179,168.0,,,,,,,,
2180,270.0,,,,,,,,
2181,308.0,,,,,,,,
2182,42.0,,,,,,,,
2183,90.0,,,,,,,,
2184,252.0,,,,,,,,
2185,126.0,,,,,,,,
2186,182.0,,,,,,,,
2187,84.0,,,,,,,,
2188,266.0,,,,,,,,
2189,174.0,,,,,,,,
2190,294.0,,,,,,,,
2191,168.0,,,,,,,,
2192,126.0,,,,,,,,
2193,300.0,,,,,,,,
2194,104.0,,,,,,,,
2195,362.0,,,,,,,,
2196,98.0,,,,,,,,
2197,306.0,,,,,,,,
2198,138.0,,,,,,,,
2199,326.0,,,,,,,,
2200,126.0,,,,,,,,
2201,336.0,,,,,,,,
2202,126.0,,,,,,,,
2203,126.0,,,,,,,,
2204,210.0,,,,,,,,
2205,104.0,,,,,,,,
2206,126.0,,,,,,,,
2207,84.0,,,,,,,,
2208,210.0,,,,,,,,
2209,42.0,,,,,,,,
2210,182.0,,,,,,,,
2211,42.0,,,,,,,,
2212,98.0,,,,,,,,
2213,126.0,,,,,,,,
2214,126.0,,,,,,,,
2215,84.0,,,,,,,,
2216,168.0,,,,,,,,
2217,140.0,,,,,,,,
2218,216.0,,,,,,,,
2219,252.0,,,,,,,,
2220,154.0,,,,,,,,
2221,270.0,,,,,,,,
2222,314.0,,,,,,,,
2223,308.0,,,,,,,,
2224,180.0,,,,,,,,
2225,168.0,,,,,,,,
2226,362.0,,,,,,,,
2227,138.0,,,,,,,,
2228,326.0,,,,,,,,
2229,370.0,,,,,,,,
2230,258.0,,,,,,,,
2231,90.0,,,,,,,,
2232,306.0,,,,,,,,
2233,336.0,,,,,,,,
2234,350.0,,,,,,,,
2235,126.0,,,,,,,,
2236,126.0,,,,,,,,
2237,362.0,,,,,,,,
2238,84.0,,,,,,,,
2239,252.0,,,,,,,,
2240,126.0,,,,,,,,
2241,42.0,,,,,,,,
2242,186.0,,,,,,,,
2243,182.0,,,,,,,,
2244,210.0,,,,,,,,
2245,126.0,,,,,,,,
2246,42.0,,,,,,,,
2247,126.0,,,,,,,,
2248,90.0,,,,,,,,
2249,168.0,,,,,,,,
2250,84.0,,,,,,,,
2251,104.0,,,,,,,,
2252,180.0,,,,,,,,
2253,282.0,,,,,,,,
2254,216.0,,,,,,,,
2255,336.0,,,,,,,,
2256,252.0,,,,,,,,
2257,132.0,,,,,,,,
2258,270.0,,,,,,,,
2259,360.0,,,,,,,,
2260,258.0,,,,,,,,
2261,326.0,,,,,,,,
2262,168.0,,,,,,,,
2263,210.0,,,,,,,,
2264,168.0,,,,,,,,
2265,98.0,,,,,,,,
2266,182.0,,,,,,,,
2267,252.0,,,,,,,,
2268,126.0,,,,,,,,
2269,42.0,,,,,,,,
2270,126.0,,,,,,,,
2271,180.0,,,,,,,,
2272,168.0,,,,,,,,
2273,104.0,,,,,,,,
2274,42.0,,,,,,,,
2275,174.0,,,,,,,,
2276,126.0,,,,,,,,
2277,84.0,,,,,,,,
2278,168.0,,,,,,,,
2279,126.0,,,,,,,,
2280,210.0,,,,,,,,
2281,84.0,,,,,,,,
2282,138.0,,,,,,,,
2283,300.0,,,,,,,,
2284,210.0,,,,,,,,
2285,178.0,,,,,,,,
2286,210.0,,,,,,,,
2287,98.0,,,,,,,,
2288,270.0,,,,,,,,
2289,268.0,,,,,,,,
2290,330.0,,,,,,,,
2291,126.0,,,,,,,,
2292,308.0,,,,,,,,
2293,326.0,,,,,,,,
2294,210.0,,,,,,,,
2295,450.0,,,,,,,,
2296,90.0,,,,,,,,
2297,336.0,,,,,,,,
2298,268.0,,,,,,,,
2299,42.0,,,,,,,,
2300,126.0,,,,,,,,
2301,492.0,,,,,,,,
2302,168.0,,,,,,,,
2303,270.0,,,,,,,,
2304,294.0,,,,,,,,
2305,252.0,,,,,,,,
2306,210.0,,,,,,,,
2307,126.0,,,,,,,,
2308,216.0,,,,,,,,
2309,104.0,,,,,,,,
2310,42.0,,,,,,,,
2311,84.0,,,,,,,,
2312,90.0,,,,,,,,
2313,84.0,,,,,,,,
2314,126.0,,,,,,,,
2315,182.0,,,,,,,,
2316,126.0,,,,,,,,
2317,138.0,,,,,,,,
2318,210.0,,,,,,,,
2319,178.0,,,,,,,,
2320,168.0,,,,,,,,
2321,258.0,,,,,,,,
2322,326.0,,,,,,,,
2323,308.0,,,,,,,,
2324,288.0,,,,,,,,
2325,98.0,,,,,,,,
2326,126.0,,,,,,,,
2327,306.0,,,,,,,,
2328,336.0,,,,,,,,
2329,168.0,,,,,,,,
2330,126.0,,,,,,,,
2331,126.0,,,,,,,,
2332,210.0,,,,,,,,
2333,126.0,,,,,,,,
2334,42.0,,,,,,,,
2335,168.0,,,,,,,,
2336,84.0,,,,,,,,
2337,210.0,,,,,,,,
2338,210.0,,,,,,,,
2339,126.0,,,,,,,,
2340,42.0,,,,,,,,
2341,90.0,,,,,,,,
2342,270.0,,,,,,,,
2343,182.0,,,,,,,,
2344,174.0,,,,,,,,
2345,84.0,,,,,,,,
2346,104.0,,,,,,,,
2347,252.0,,,,,,,,
2348,336.0,,,,,,,,
2349,362.0,,,,,,,,
2350,180.0,,,,,,,,
2351,270.0,,,,,,,,
2352,300.0,,,,,,,,
2353,308.0,,,,,,,,
2354,326.0,,,,,,,,
2355,258.0,,,,,,,,
2356,98.0,,,,,,,,
2357,266.0,,,,,,,,
2358,418.0,,,,,,,,
2359,126.0,,,,,,,,
2360,168.0,,,,,,,,
2361,182.0,,,,,,,,
2362,126.0,,,,,,,,
2363,126.0,,,,,,,,
2364,252.0,,,,,,,,
2365,42.0,,,,,,,,
2366,126.0,,,,,,,,
2367,216.0,,,,,,,,
2368,84.0,,,,,,,,
2369,42.0,,,,,,,,
2370,132.0,,,,,,,,
2371,180.0,,,,,,,,
2372,126.0,,,,,,,,
2373,210.0,,,,,,,,
2374,104.0,,,,,,,,
2375,90.0,,,,,,,,
2376,168.0,,,,,,,,
2377,210.0,,,,,,,,
2378,84.0,,,,,,,,
2379,210.0,,,,,,,,
2380,336.0,,,,,,,,
2381,98.0,,,,,,,,
2382,270.0,,,,,,,,
2383,314.0,,,,,,,,
2384,186.0,,,,,,,,
2385,370.0,,,,,,,,
2386,362.0,,,,,,,,
2387,326.0,,,,,,,,
2388,308.0,,,,,,,,
2389,258.0,,,,,,,,
2390,210.0,,,,,,,,
2391,126.0,,,,,,,,
2392,326.0,,,,,,,,
2393,126.0,,,,,,,,
2394,84.0,,,,,,,,
2395,300.0,,,,,,,,
2396,180.0,,,,,,,,
2397,42.0,,,,,,,,
2398,210.0,,,,,,,,
2399,168.0,,,,,,,,
2400,362.0,,,,,,,,
2401,42.0,,,,,,,,
2402,126.0,,,,,,,,
2403,84.0,,,,,,,,
2404,126.0,,,,,,,,
2405,126.0,,,,,,,,
2406,182.0,,,,,,,,
2407,104.0,,,,,,,,
2408,174.0,,,,,,,,
2409,90.0,,,,,,,,
2410,252.0,,,,,,,,
2411,224.0,,,,,,,,
2412,98.0,,,,,,,,
2413,314.0,,,,,,,,
2414,216.0,,,,,,,,
2415,270.0,,,,,,,,
2416,370.0,,,,,,,,
2417,168.0,,,,,,,,
2418,126.0,,,,,,,,
2419,186.0,,,,,,,,
2420,210.0,,,,,,,,
2421,210.0,,,,,,,,
2422,210.0,,,,,,,,
2423,336.0,,,,,,,,
2424,104.0,,,,,,,,
2425,126.0,,,,,,,,
2426,126.0,,,,,,,,
2427,252.0,,,,,,,,
2428,84.0,,,,,,,,
2429,332.0,,,,,,,,
2430,168.0,,,,,,,,
2431,210.0,,,,,,,,
2432,362.0,,,,,,,,
2433,42.0,,,,,,,,
2434,174.0,,,,,,,,
2435,42.0,,,,,,,,
2436,138.0,,,,,,,,
2437,126.0,,,,,,,,
2438,132.0,,,,,,,,
2439,126.0,,,,,,,,
2440,126.0,,,,,,,,
2441,182.0,,,,,,,,
2442,84.0,,,,,,,,
2443,210.0,,,,,,,,
2444,98.0,,,,,,,,
2445,168.0,,,,,,,,
2446,180.0,,,,,,,,
2447,210.0,,,,,,,,
2448,210.0,,,,,,,,
2449,138.0,,,,,,,,
2450,174.0,,,,,,,,
2451,308.0,,,,,,,,
2452,210.0,,,,,,,,
2453,234.0,,,,,,,,
2454,450.0,,,,,,,,
2455,180.0,,,,,,,,
2456,336.0,,,,,,,,
2457,126.0,,,,,,,,
2458,182.0,,,,,,,,
2459,84.0,,,,,,,,
2460,98.0,,,,,,,,
2461,174.0,,,,,,,,
2462,210.0,,,,,,,,
2463,126.0,,,,,,,,
2464,126.0,,,,,,,,
2465,42.0,,,,,,,,
2466,210.0,,,,,,,,
2467,168.0,,,,,,,,
2468,104.0,,,,,,,,
2469,268.0,,,,,,,,
2470,90.0,,,,,,,,
2471,192.0,,,,,,,,
2472,42.0,,,,,,,,
2473,306.0,,,,,,,,
2474,126.0,,,,,,,,
2475,84.0,,,,,,,,
2476,126.0,,,,,,,,
2477,252.0,,,,,,,,
2478,138.0,,,,,,,,
2479,178.0,,,,,,,,
2480,300.0,,,,,,,,
2481,270.0,,,,,,,,
2482,168.0,,,,,,,,
2483,168.0,,,,,,,,
2484,138.0,,,,,,,,
2485,126.0,,,,,,,,
2486,308.0,,,,,,,,
2487,326.0,,,,,,,,
2488,126.0,,,,,,,,
2489,324.0,,,,,,,,
2490,336.0,,,,,,,,
2491,84.0,,,,,,,,
2492,132.0,,,,,,,,
2493,126.0,,,,,,,,
2494,126.0,,,,,,,,
2495,126.0,,,,,,,,
2496,362.0,,,,,,,,
2497,42.0,,,,,,,,
2498,182.0,,,,,,,,
2499,98.0,,,,,,,,
2500,138.0,,,,,,,,
2501,168.0,,,,,,,,
2502,42.0,,,,,,,,
2503,210.0,,,,,,,,
2504,258.0,,,,,,,,
2505,252.0,,,,,,,,
2506,216.0,,,,,,,,
2507,336.0,,,,,,,,
2508,126.0,,,,,,,,
2509,84.0,,,,,,,,
2510,126.0,,,,,,,,
2511,168.0,,,,,,,,
2512,252.0,,,,,,,,
2513,138.0,,,,,,,,
2514,294.0,,,,,,,,
2515,104.0,,,,,,,,
2516,180.0,,,,,,,,
2517,308.0,,,,,,,,
2518,90.0,,,,,,,,
2519,326.0,,,,,,,,
2520,360.0,,,,,,,,
2521,282.0,,,,,,,,
2522,306.0,,,,,,,,
2523,84.0,,,,,,,,
2524,126.0,,,,,,,,
2525,216.0,,,,,,,,
2526,126.0,,,,,,,,
2527,126.0,,,,,,,,
2528,126.0,,,,,,,,
2529,270.0,,,,,,,,
2530,42.0,,,,,,,,
2531,84.0,,,,,,,,
2532,210.0,,,,,,,,
2533,210.0,,,,,,,,
2534,168.0,,,,,,,,
2535,264.0,,,,,,,,
2536,252.0,,,,,,,,
2537,42.0,,,,,,,,
2538,326.0,,,,,,,,
2539,126.0,,,,,,,,
2540,182.0,,,,,,,,
2541,104.0,,,,,,,,
2542,138.0,,,,,,,,
2543,180.0,,,,,,,,
2544,336.0,,,,,,,,
2545,168.0,,,,,,,,
2546,168.0,,,,,,,,
2547,210.0,,,,,,,,
2548,362.0,,,,,,,,
2549,216.0,,,,,,,,
2550,308.0,,,,,,,,
2551,98.0,,,,,,,,
2552,266.0,,,,,,,,
2553,90.0,,,,,,,,
2554,418.0,,,,,,,,
2555,126.0,,,,,,,,
2556,126.0,,,,,,,,
2557,210.0,,,,,,,,
2558,126.0,,,,,,,,
2559,180.0,,,,,,,,
2560,42.0,,,,,,,,
2561,168.0,,,,,,,,
2562,98.0,,,,,,,,
2563,210.0,,,,,,,,
2564,182.0,,,,,,,,
2565,84.0,,,,,,,,
2566,362.0,,,,,,,,
2567,42.0,,,,,,,,
2568,84.0,,,,,,,,
2569,126.0,,,,,,,,
2570,126.0,,,,,,,,
2571,168.0,,,,,,,,
2572,252.0,,,,,,,,
2573,326.0,,,,,,,,
2574,336.0,,,,,,,,
2575,104.0,,,,,,,,
2576,216.0,,,,,,,,
2577,418.0,,,,,,,,
2578,216.0,,,,,,,,
2579,270.0,,,,,,,,
2580,258.0,,,,,,,,
2581,186.0,,,,,,,,
2582,224.0,,,,,,,,
2583,266.0,,,,,,,,
2584,210.0,,,,,,,,
2585,210.0,,,,,,,,
2586,90.0,,,,,,,,
2587,126.0,,,,,,,,
2588,84.0,,,,,,,,
2589,132.0,,,,,,,,
2590,126.0,,,,,,,,
2591,336.0,,,,,,,,
2592,42.0,,,,,,,,
2593,210.0,,,,,,,,
2594,182.0,,,,,,,,
2595,42.0,,,,,,,,
2596,126.0,,,,,,,,
2597,252.0,,,,,,,,
2598,216.0,,,,,,,,
2599,126.0,,,,,,,,
2600,104.0,,,,,,,,
2601,168.0,,,,,,,,
2602,84.0,,,,,,,,
2603,362.0,,,,,,,,
2604,168.0,,,,,,,,
2605,210.0,,,,,,,,
2606,270.0,,,,,,,,
2607,180.0,,,,,,,,
2608,98.0,,,,,,,,
2609,186.0,,,,,,,,
2610,168.0,,,,,,,,
2611,252.0,,,,,,,,
2612,258.0,,,,,,,,
2613,370.0,,,,,,,,
2614,326.0,,,,,,,,
2615,308.0,,,,,,,,
2616,314.0,,,,,,,,
2617,90.0,,,,,,,,
2618,126.0,,,,,,,,
2619,210.0,,,,,,,,
2620,126.0,,,,,,,,
2621,168.0,,,,,,,,
2622,326.0,,,,,,,,
2623,126.0,,,,,,,,
2624,126.0,,,,,,,,
2625,42.0,,,,,,,,
2626,270.0,,,,,,,,
2627,42.0,,,,,,,,
2628,84.0,,,,,,,,
2629,84.0,,,,,,,,
2630,104.0,,,,,,,,
2631,300.0,,,,,,,,
2632,182.0,,,,,,,,
2633,126.0,,,,,,,,
2634,126.0,,,,,,,,
2635,174.0,,,,,,,,
2636,252.0,,,,,,,,
2637,258.0,,,,,,,,
2638,90.0,,,,,,,,
2639,350.0,,,,,,,,
2640,180.0,,,,,,,,
2641,270.0,,,,,,,,
2642,168.0,,,,,,,,
2643,210.0,,,,,,,,
2644,362.0,,,,,,,,
2645,210.0,,,,,,,,
2646,282.0,,,,,,,,
2647,98.0,,,,,,,,
2648,360.0,,,,,,,,
2649,336.0,,,,,,,,
2650,84.0,,,,,,,,
2651,182.0,,,,,,,,
2652,126.0,,,,,,,,
2653,300.0,,,,,,,,
2654,84.0,,,,,,,,
2655,126.0,,,,,,,,
2656,42.0,,,,,,,,
2657,326.0,,,,,,,,
2658,154.0,,,,,,,,
2659,168.0,,,,,,,,
2660,42.0,,,,,,,,
2661,282.0,,,,,,,,
2662,126.0,,,,,,,,
2663,174.0,,,,,,,,
2664,362.0,,,,,,,,
2665,252.0,,,,,,,,
2666,168.0,,,,,,,,
2667,126.0,,,,,,,,
2668,132.0,,,,,,,,
2669,138.0,,,,,,,,
2670,180.0,,,,,,,,
2671,210.0,,,,,,,,
2672,336.0,,,,,,,,
2673,140.0,,,,,,,,
2674,90.0,,,,,,,,
2675,104.0,,,,,,,,
2676,138.0,,,,,,,,
2677,126.0,,,,,,,,
2678,350.0,,,,,,,,
2679,210.0,,,,,,,,
2680,98.0,,,,,,,,
2681,360.0,,,,,,,,
2682,306.0,,,,,,,,
2683,168.0,,,,,,,,
2684,210.0,,,,,,,,
2685,182.0,,,,,,,,
2686,126.0,,,,,,,,
2687,180.0,,,,,,,,
2688,42.0,,,,,,,,
2689,126.0,,,,,,,,
2690,252.0,,,,,,,,
2691,84.0,,,,,,,,
2692,126.0,,,,,,,,
2693,216.0,,,,,,,,
2694,42.0,,,,,,,,
2695,270.0,,,,,,,,
2696,362.0,,,,,,,,
2697,84.0,,,,,,,,
2698,308.0,,,,,,,,
2699,168.0,,,,,,,,
2700,126.0,,,,,,,,
2701,104.0,,,,,,,,
2702,210.0,,,,,,,,
2703,168.0,,,,,,,,
2704,264.0,,,,,,,,
2705,126.0,,,,,,,,
2706,210.0,,,,,,,,
2707,138.0,,,,,,,,
2708,326.0,,,,,,,,
2709,216.0,,,,,,,,
2710,98.0,,,,,,,,
2711,314.0,,,,,,,,
2712,370.0,,,,,,,,
2713,90.0,,,,,,,,
2714,336.0,,,,,,,,
2715,126.0,,,,,,,,
2716,42.0,,,,,,,,
2717,362.0,,,,,,,,
2718,98.0,,,,,,,,
2719,126.0,,,,,,,,
2720,84.0,,,,,,,,
2721,126.0,,,,,,,,
2722,210.0,,,,,,,,
2723,42.0,,,,,,,,
2724,314.0,,,,,,,,
2725,174.0,,,,,,,,
2726,294.0,,,,,,,,
2727,252.0,,,,,,,,
2728,168.0,,,,,,,,
2729,126.0,,,,,,,,
2730,84.0,,,,,,,,
2731,300.0,,,,,,,,
2732,182.0,,,,,,,,
2733,326.0,,,,,,,,
2734,180.0,,,,,,,,
2735,336.0,,,,,,,,
2736,104.0,,,,,,,,
2737,210.0,,,,,,,,
2738,270.0,,,,,,,,
2739,168.0,,,,,,,,
2740,370.0,,,,,,,,
2741,138.0,,,,,,,,
2742,126.0,,,,,,,,
2743,308.0,,,,,,,,
2744,90.0,,,,,,,,
2745,306.0,,,,,,,,
2746,126.0,,,,,,,,
2747,104.0,,,,,,,,
2748,132.0,,,,,,,,
2749,98.0,,,,,,,,
2750,84.0,,,,,,,,
2751,168.0,,,,,,,,
2752,240.0,,,,,,,,
2753,154.0,,,,,,,,
2754,42.0,,,,,,,,
2755,226.0,,,,,,,,
2756,252.0,,,,,,,,
2757,126.0,,,,,,,,
2758,168.0,,,,,,,,
2759,126.0,,,,,,,,
2760,126.0,,,,,,,,
2761,42.0,,,,,,,,
2762,126.0,,,,,,,,
2763,84.0,,,,,,,,
2764,182.0,,,,,,,,
2765,360.0,,,,,,,,
2766,278.0,,,,,,,,
2767,174.0,,,,,,,,
2768,300.0,,,,,,,,
2769,350.0,,,,,,,,
2770,270.0,,,,,,,,
2771,138.0,,,,,,,,
2772,210.0,,,,,,,,
2773,140.0,,,,,,,,
2774,168.0,,,,,,,,
2775,178.0,,,,,,,,
2776,138.0,,,,,,,,
2777,90.0,,,,,,,,
2778,306.0,,,,,,,,
2779,336.0,,,,,,,,
2780,362.0,,,,,,,,
2781,182.0,,,,,,,,
2782,252.0,,,,,,,,
2783,104.0,,,,,,,,
2784,126.0,,,,,,,,
2785,42.0,,,,,,,,
2786,126.0,,,,,,,,
2787,126.0,,,,,,,,
2788,210.0,,,,,,,,
2789,270.0,,,,,,,,
2790,168.0,,,,,,,,
2791,42.0,,,,,,,,
2792,126.0,,,,,,,,
2793,84.0,,,,,,,,
2794,84.0,,,,,,,,
2795,258.0,,,,,,,,
2796,336.0,,,,,,,,
2797,216.0,,,,,,,,
2798,132.0,,,,,,,,
2799,210.0,,,,,,,,
2800,98.0,,,,,,,,
2801,180.0,,,,,,,,
2802,308.0,,,,,,,,
2803,326.0,,,,,,,,
2804,168.0,,,,,,,,
2805,186.0,,,,,,,,
2806,126.0,,,,,,,,
2807,210.0,,,,,,,,
2808,370.0,,,,,,,,
2809,210.0,,,,,,,,
2810,314.0,,,,,,,,
2811,90.0,,,,,,,,
2812,300.0,,,,,,,,
2813,168.0,,,,,,,,
2814,126.0,,,,,,,,
2815,270.0,,,,,,,,
2816,252.0,,,,,,,,
2817,84.0,,,,,,,,
2818,126.0,,,,,,,,
2819,210.0,,,,,,,,
2820,126.0,,,,,,,,
2821,42.0,,,,,,,,
2822,210.0,,,,,,,,
2823,168.0,,,,,,,,
2824,174.0,,,,,,,,
2825,42.0,,,,,,,,
2826,126.0,,,,,,,,
2827,98.0,,,,,,,,
2828,210.0,,,,,,,,
2829,126.0,,,,,,,,
2830,90.0,,,,,,,,
2831,182.0,,,,,,,,
2832,104.0,,,,,,,,
2833,84.0,,,,,,,,
2834,210.0,,,,,,,,
2835,178.0,,,,,,,,
2836,180.0,,,,,,,,
2837,268.0,,,,,,,,
2838,138.0,,,,,,,,
2839,350.0,,,,,,,,
2840,326.0,,,,,,,,
2841,378.0,,,,,,,,
2842,360.0,,,,,,,,
2843,336.0,,,,,,,,
2844,126.0,,,,,,,,
2845,226.0,,,,,,,,
2846,126.0,,,,,,,,
2847,168.0,,,,,,,,
2848,98.0,,,,,,,,
2849,126.0,,,,,,,,
2850,210.0,,,,,,,,
2851,168.0,,,,,,,,
2852,42.0,,,,,,,,
2853,42.0,,,,,,,,
2854,84.0,,,,,,,,
2855,210.0,,,,,,,,
2856,216.0,,,,,,,,
2857,252.0,,,,,,,,
2858,182.0,,,,,,,,
2859,84.0,,,,,,,,
2860,126.0,,,,,,,,
2861,174.0,,,,,,,,
2862,138.0,,,,,,,,
2863,168.0,,,,,,,,
2864,104.0,,,,,,,,
2865,178.0,,,,,,,,
2866,138.0,,,,,,,,
2867,138.0,,,,,,,,
2868,180.0,,,,,,,,
2869,126.0,,,,,,,,
2870,242.0,,,,,,,,
2871,418.0,,,,,,,,
2872,308.0,,,,,,,,
2873,210.0,,,,,,,,
2874,224.0,,,,,,,,
2875,132.0,,,,,,,,
2876,342.0,,,,,,,,
2877,336.0,,,,,,,,
2878,126.0,,,,,,,,
2879,168.0,,,,,,,,
2880,104.0,,,,,,,,
2881,132.0,,,,,,,,
2882,126.0,,,,,,,,
2883,84.0,,,,,,,,
2884,42.0,,,,,,,,
2885,258.0,,,,,,,,
2886,42.0,,,,,,,,
2887,252.0,,,,,,,,
2888,126.0,,,,,,,,
2889,226.0,,,,,,,,
2890,126.0,,,,,,,,
2891,90.0,,,,,,,,
2892,178.0,,,,,,,,
2893,84.0,,,,,,,,
2894,182.0,,,,,,,,
2895,216.0,,,,,,,,
2896,168.0,,,,,,,,
2897,138.0,,,,,,,,
2898,210.0,,,,,,,,
2899,98.0,,,,,,,,
2900,270.0,,,,,,,,
2901,168.0,,,,,,,,
2902,180.0,,,,,,,,
2903,126.0,,,,,,,,
2904,210.0,,,,,,,,
2905,278.0,,,,,,,,
2906,350.0,,,,,,,,
2907,378.0,,,,,,,,
2908,210.0,,,,,,,,
2909,360.0,,,,,,,,
2910,336.0,,,,,,,,
2911,178.0,,,,,,,,
2912,168.0,,,,,,,,
2913,126.0,,,,,,,,
2914,336.0,,,,,,,,
2915,84.0,,,,,,,,
2916,168.0,,,,,,,,
2917,42.0,,,,,,,,
2918,168.0,,,,,,,,
2919,42.0,,,,,,,,
2920,308.0,,,,,,,,
2921,84.0,,,,,,,,
2922,126.0,,,,,,,,
2923,132.0,,,,,,,,
2924,126.0,,,,,,,,
2925,174.0,,,,,,,,
2926,270.0,,,,,,,,
2927,182.0,,,,,,,,
2928,290.0,,,,,,,,
2929,252.0,,,,,,,,
2930,104.0,,,,,,,,
2931,210.0,,,,,,,,
2932,138.0,,,,,,,,
2933,178.0,,,,,,,,
2934,138.0,,,,,,,,
2935,126.0,,,,,,,,
2936,210.0,,,,,,,,
2937,174.0,,,,,,,,
2938,174.0,,,,,,,,
2939,210.0,,,,,,,,
2940,258.0,,,,,,,,
2941,224.0,,,,,,,,
2942,98.0,,,,,,,,
2943,418.0,,,,,,,,
2944,126.0,,,,,,,,
2945,126.0,,,,,,,,
2946,126.0,,,,,,,,
2947,126.0,,,,,,,,
2948,126.0,,,,,,,,
2949,266.0,,,,,,,,
2950,174.0,,,,,,,,
2951,42.0,,,,,,,,
2952,182.0,,,,,,,,
2953,324.0,,,,,,,,
2954,226.0,,,,,,,,
2955,174.0,,,,,,,,
2956,42.0,,,,,,,,
2957,104.0,,,,,,,,
2958,168.0,,,,,,,,
2959,84.0,,,,,,,,
2960,192.0,,,,,,,,
2961,126.0,,,,,,,,
2962,126.0,,,,,,,,
2963,84.0,,,,,,,,
2964,168.0,,,,,,,,
2965,210.0,,,,,,,,
2966,252.0,,,,,,,,
2967,178.0,,,,,,,,
2968,210.0,,,,,,,,
2969,210.0,,,,,,,,
2970,138.0,,,,,,,,
2971,138.0,,,,,,,,
2972,168.0,,,,,,,,
2973,138.0,,,,,,,,
2974,174.0,,,,,,,,
2975,242.0,,,,,,,,
2976,210.0,,,,,,,,
2977,98.0,,,,,,,,
2978,132.0,,,,,,,,
2979,222.0,,,,,,,,
2980,336.0,,,,,,,,
2981,210.0,,,,,,,,
2982,126.0,,,,,,,,
2983,126.0,,,,,,,,
2984,126.0,,,,,,,,
2985,168.0,,,,,,,,
2986,42.0,,,,,,,,
2987,174.0,,,,,,,,
2988,336.0,,,,,,,,
2989,84.0,,,,,,,,
2990,138.0,,,,,,,,
2991,174.0,,,,,,,,
2992,42.0,,,,,,,,
2993,252.0,,,,,,,,
2994,282.0,,,,,,,,
2995,126.0,,,,,,,,
2996,210.0,,,,,,,,
2997,126.0,,,,,,,,
2998,332.0,,,,,,,,
2999,84.0,,,,,,,,
3000,126.0,,,,,,,,
3001,182.0,,,,,,,,
3002,180.0,,,,,,,,
3003,350.0,,,,,,,,
3004,104.0,,,,,,,,
3005,362.0,,,,,,,,
3006,168.0,,,,,,,,
3007,264.0,,,,,,,,
3008,98.0,,,,,,,,
3009,168.0,,,,,,,,
3010,138.0,,,,,,,,
3011,360.0,,,,,,,,
3012,132.0,,,,,,,,
3013,252.0,,,,,,,,
3014,126.0,,,,,,,,
3015,270.0,,,,,,,,
3016,126.0,,,,,,,,
3017,210.0,,,,,,,,
3018,84.0,,,,,,,,
3019,168.0,,,,,,,,
3020,168.0,,,,,,,,
3021,98.0,,,,,,,,
3022,174.0,,,,,,,,
3023,362.0,,,,,,,,
3024,84.0,,,,,,,,
3025,42.0,,,,,,,,
3026,42.0,,,,,,,,
3027,326.0,,,,,,,,
3028,126.0,,,,,,,,
3029,182.0,,,,,,,,
3030,90.0,,,,,,,,
3031,126.0,,,,,,,,
3032,252.0,,,,,,,,
3033,210.0,,,,,,,,
3034,138.0,,,,,,,,
3035,266.0,,,,,,,,
3036,104.0,,,,,,,,
3037,336.0,,,,,,,,
3038,210.0,,,,,,,,
3039,180.0,,,,,,,,
3040,126.0,,,,,,,,
3041,300.0,,,,,,,,
3042,210.0,,,,,,,,
3043,266.0,,,,,,,,
3044,418.0,,,,,,,,
3045,222.0,,,,,,,,
3046,182.0,,,,,,,,
3047,126.0,,,,,,,,
3048,324.0,,,,,,,,
3049,210.0,,,,,,,,
3050,42.0,,,,,,,,
3051,126.0,,,,,,,,
3052,210.0,,,,,,,,
3053,210.0,,,,,,,,
3054,308.0,,,,,,,,
3055,84.0,,,,,,,,
3056,126.0,,,,,,,,
3057,42.0,,,,,,,,
3058,336.0,,,,,,,,
3059,126.0,,,,,,,,
3060,168.0,,,,,,,,
3061,132.0,,,,,,,,
3062,84.0,,,,,,,,
3063,180.0,,,,,,,,
3064,252.0,,,,,,,,
3065,168.0,,,,,,,,
3066,104.0,,,,,,,,
3067,326.0,,,,,,,,
3068,300.0,,,,,,,,
3069,270.0,,,,,,,,
3070,174.0,,,,,,,,
3071,362.0,,,,,,,,
3072,186.0,,,,,,,,
3073,210.0,,,,,,,,
3074,98.0,,,,,,,,
3075,234.0,,,,,,,,
3076,90.0,,,,,,,,
3077,126.0,,,,,,,,
3078,126.0,,,,,,,,
3079,182.0,,,,,,,,
3080,126.0,,,,,,,,
3081,168.0,,,,,,,,
3082,84.0,,,,,,,,
3083,210.0,,,,,,,,
3084,168.0,,,,,,,,
3085,42.0,,,,,,,,
3086,126.0,,,,,,,,
3087,270.0,,,,,,,,
3088,42.0,,,,,,,,
3089,126.0,,,,,,,,
3090,336.0,,,,,,,,
3091,84.0,,,,,,,,
3092,168.0,,,,,,,,
3093,126.0,,,,,,,,
3094,174.0,,,,,,,,
3095,104.0,,,,,,,,
3096,252.0,,,,,,,,
3097,132.0,,,,,,,,
3098,360.0,,,,,,,,
3099,240.0,,,,,,,,
3100,138.0,,,,,,,,
3101,278.0,,,,,,,,
3102,178.0,,,,,,,,
3103,270.0,,,,,,,,
3104,300.0,,,,,,,,
3105,350.0,,,,,,,,
3106,258.0,,,,,,,,
3107,210.0,,,,,,,,
3108,98.0,,,,,,,,
3109,90.0,,,,,,,,
3110,126.0,,,,,,,,
3111,226.0,,,,,,,,
3112,174.0,,,,,,,,
3113,126.0,,,,,,,,
3114,126.0,,,,,,,,
3115,226.0,,,,,,,,
3116,126.0,,,,,,,,
3117,252.0,,,,,,,,
3118,210.0,,,,,,,,
3119,168.0,,,,,,,,
3120,84.0,,,,,,,,
3121,224.0,,,,,,,,
3122,90.0,,,,,,,,
3123,300.0,,,,,,,,
3124,308.0,,,,,,,,
3125,132.0,,,,,,,,
3126,168.0,,,,,,,,
3127,126.0,,,,,,,,
3128,42.0,,,,,,,,
3129,84.0,,,,,,,,
3130,126.0,,,,,,,,
3131,42.0,,,,,,,,
3132,278.0,,,,,,,,
3133,168.0,,,,,,,,
3134,138.0,,,,,,,,
3135,182.0,,,,,,,,
3136,104.0,,,,,,,,
3137,138.0,,,,,,,,
3138,180.0,,,,,,,,
3139,138.0,,,,,,,,
3140,178.0,,,,,,,,
3141,210.0,,,,,,,,
3142,210.0,,,,,,,,
3143,98.0,,,,,,,,
3144,418.0,,,,,,,,
3145,132.0,,,,,,,,
3146,336.0,,,,,,,,
3147,216.0,,,,,,,,
3148,126.0,,,,,,,,
3149,126.0,,,,,,,,
3150,336.0,,,,,,,,
3151,126.0,,,,,,,,
3152,282.0,,,,,,,,
3153,42.0,,,,,,,,
3154,210.0,,,,,,,,
3155,168.0,,,,,,,,
3156,42.0,,,,,,,,
3157,126.0,,,,,,,,
3158,252.0,,,,,,,,
3159,360.0,,,,,,,,
3160,168.0,,,,,,,,
3161,84.0,,,,,,,,
3162,182.0,,,,,,,,
3163,186.0,,,,,,,,
3164,84.0,,,,,,,,
3165,104.0,,,,,,,,
3166,90.0,,,,,,,,
3167,210.0,,,,,,,,
3168,98.0,,,,,,,,
3169,270.0,,,,,,,,
3170,132.0,,,,,,,,
3171,180.0,,,,,,,,
3172,258.0,,,,,,,,
3173,210.0,,,,,,,,
3174,362.0,,,,,,,,
3175,326.0,,,,,,,,
3176,350.0,,,,,,,,
3177,210.0,,,,,,,,
3178,126.0,,,,,,,,
3179,126.0,,,,,,,,
3180,138.0,,,,,,,,
3181,84.0,,,,,,,,
3182,42.0,,,,,,,,
3183,216.0,,,,,,,,
3184,126.0,,,,,,,,
3185,270.0,,,,,,,,
3186,140.0,,,,,,,,
3187,168.0,,,,,,,,
3188,336.0,,,,,,,,
3189,42.0,,,,,,,,
3190,126.0,,,,,,,,
3191,182.0,,,,,,,,
3192,84.0,,,,,,,,
3193,210.0,,,,,,,,
3194,266.0,,,,,,,,
3195,326.0,,,,,,,,
3196,126.0,,,,,,,,
3197,126.0,,,,,,,,
3198,90.0,,,,,,,,
3199,252.0,,,,,,,,
3200,168.0,,,,,,,,
3201,104.0,,,,,,,,
3202,154.0,,,,,,,,
3203,306.0,,,,,,,,
3204,362.0,,,,,,,,
3205,210.0,,,,,,,,
3206,180.0,,,,,,,,
3207,308.0,,,,,,,,
3208,258.0,,,,,,,,
3209,98.0,,,,,,,,
3210,418.0,,,,,,,,
3211,252.0,,,,,,,,
3212,126.0,,,,,,,,
3213,168.0,,,,,,,,
3214,98.0,,,,,,,,
3215,126.0,,,,,,,,
3216,84.0,,,,,,,,
3217,90.0,,,,,,,,
3218,42.0,,,,,,,,
3219,104.0,,,,,,,,
3220,210.0,,,,,,,,
3221,42.0,,,,,,,,
3222,168.0,,,,,,,,
3223,126.0,,,,,,,,
3224,300.0,,,,,,,,
3225,126.0,,,,,,,,
3226,282.0,,,,,,,,
3227,84.0,,,,,,,,
3228,182.0,,,,,,,,
3229,270.0,,,,,,,,
3230,174.0,,,,,,,,
3231,186.0,,,,,,,,
3232,174.0,,,,,,,,
3233,266.0,,,,,,,,
3234,210.0,,,,,,,,
3235,126.0,,,,,,,,
3236,180.0,,,,,,,,
3237,362.0,,,,,,,,
3238,326.0,,,,,,,,
3239,252.0,,,,,,,,
3240,210.0,,,,,,,,
3241,360.0,,,,,,,,
3242,336.0,,,,,,,,
