cell_site_id,emission_designation,technology,tx_frequency,rx_frequency,azimuth,antenna_gain,back_front_relation,hpa,mechanical_elevation,polarization,antenna_height,tx_power,latitude,longitude,cell_carrier_id,operator
379966620,10M0G7W,NR,788,733,170,13.8,33.0,70.36,0.0,X,48,40,-30.02028,-51.20389,5fe1f9fc51ef4,TELEFONICA BRASIL S.A.
379966620,10M0G7W,NR,788,733,50,13.8,33.0,70.36,0.0,X,48,40,-30.02028,-51.20389,5fe1f9fc52e66,TELEFONICA BRASIL S.A.
379966620,10M0G7W,NR,788,733,300,13.8,33.0,70.36,0.0,X,48,40,-30.02028,-51.20389,5fe1f9fc5335e,TELEFONICA BRASIL S.A.
436298570,10M0G7W,NR,788,733,240,13.8,33.0,70.36,0.0,X,35,40,-30.02556,-51.19778,5fe1f9fc6c6dc,TELEFONICA BRASIL S.A.
436298570,10M0G7W,NR,788,733,330,13.8,33.0,70.36,0.0,X,35,40,-30.02556,-51.19778,5fe1f9fc6d997,TELEFONICA BRASIL S.A.
436298570,10M0G7W,NR,788,733,130,13.8,33.0,70.36,0.0,X,35,40,-30.02556,-51.19778,5fe1f9fc6de69,TELEFONICA BRASIL S.A.
536417997,10M0G7W,NR,788,733,220,13.6,23.0,70.0,0.0,X,35,40,-30.03944,-51.17222,5fe1f9fc79d3f,TELEFONICA BRASIL S.A.
536417997,10M0G7W,NR,788,733,340,13.6,23.0,70.0,0.0,X,35,40,-30.03944,-51.17222,5fe1f9fc7a956,TELEFONICA BRASIL S.A.
536417997,10M0G7W,NR,788,733,100,13.6,23.0,70.0,0.0,X,35,40,-30.03944,-51.17222,5fe1f9fc7ae71,TELEFONICA BRASIL S.A.
536418004,10M0G7W,NR,788,733,120,13.6,23.0,70.0,0.0,X,45,40,-30.02709,-51.20425,5fe1f9fc85fc3,TELEFONICA BRASIL S.A.
536418004,10M0G7W,NR,788,733,250,13.6,23.0,70.0,0.0,X,45,40,-30.02709,-51.20425,5fe1f9fc86702,TELEFONICA BRASIL S.A.
536418004,10M0G7W,NR,788,733,20,13.6,23.0,70.0,-4.0,X,45,40,-30.02709,-51.20425,5fe1f9fc86c81,TELEFONICA BRASIL S.A.
699802261,10M0G7W,NR,788,733,10,12.8,30.0,68.0,0.0,X,37,40,-30.01972,-51.1875,5fe1f9fc9f591,TELEFONICA BRASIL S.A.
699802261,10M0G7W,NR,788,733,170,12.8,30.0,68.0,0.0,X,37,40,-30.01972,-51.1875,5fe1f9fc9fe2e,TELEFONICA BRASIL S.A.
699802261,10M0G7W,NR,788,733,280,12.8,30.0,68.0,0.0,X,37,40,-30.01972,-51.1875,5fe1f9fca02b6,TELEFONICA BRASIL S.A.
699802270,10M0G7W,NR,788,733,200,16.9,29.0,28.0,0.0,X,44,40,-30.01464,-51.18614,5fe1f9fcab02d,TELEFONICA BRASIL S.A.
699802270,10M0G7W,NR,788,733,310,16.9,29.0,28.0,0.0,X,44,40,-30.01464,-51.18614,5fe1f9fcab49e,TELEFONICA BRASIL S.A.
699802270,10M0G7W,NR,788,733,70,16.9,29.0,28.0,0.0,X,44,40,-30.01464,-51.18614,5fe1f9fcab8da,TELEFONICA BRASIL S.A.
699802296,10M0G7W,NR,788,733,360,12.8,30.0,68.0,0.0,X,54,40,-30.02722,-51.18222,5fe1f9fcb68b9,TELEFONICA BRASIL S.A.
699802296,10M0G7W,NR,788,733,100,12.8,30.0,68.0,0.0,X,54,40,-30.02722,-51.18222,5fe1f9fcb7340,TELEFONICA BRASIL S.A.
699802296,10M0G7W,NR,788,733,250,12.8,30.0,68.0,0.0,X,54,40,-30.02722,-51.18222,5fe1f9fcb77c9,TELEFONICA BRASIL S.A.
699802300,10M0G7W,NR,788,733,320,12.8,30.0,68.0,0.0,X,31,40,-30.02736,-51.21017,5fe1f9fcc2404,TELEFONICA BRASIL S.A.
699802300,10M0G7W,NR,788,733,220,12.8,30.0,68.0,0.0,X,31,40,-30.02736,-51.21017,5fe1f9fcc2c34,TELEFONICA BRASIL S.A.
699802300,10M0G7W,NR,788,733,100,12.8,30.0,68.0,0.0,X,31,40,-30.02736,-51.21017,5fe1f9fcc302d,TELEFONICA BRASIL S.A.
699802466,10M0G7W,NR,788,733,0,12.8,30.0,68.0,0.0,X,50,40,-30.0325,-51.21694,5fe1f9fcd9ef4,TELEFONICA BRASIL S.A.
699802466,10M0G7W,NR,788,733,100,12.8,30.0,68.0,0.0,X,50,40,-30.0325,-51.21694,5fe1f9fcda9d5,TELEFONICA BRASIL S.A.
699802466,10M0G7W,NR,788,733,250,12.8,30.0,68.0,0.0,X,50,40,-30.0325,-51.21694,5fe1f9fcdae50,TELEFONICA BRASIL S.A.
3769895,100MG7W,NR,3450,3450,30,25,25.0,105.0,0.0,X,30,200,-30.04083,-51.20333,0d05f5f8617473c5,TELEFONICA BRASIL S.A.
3769895,100MG7W,NR,3450,3450,110,25,25.0,105.0,0.0,X,30,200,-30.04083,-51.20333,0d05f5f8617473c6,TELEFONICA BRASIL S.A.
3769895,100MG7W,NR,3450,3450,240,25,25.0,105.0,0.0,X,30,200,-30.04083,-51.20333,0d05f5f8617473c7,TELEFONICA BRASIL S.A.
536417997,100MG7W,NR,3450,3450,220,25,25.0,105.0,0.0,X,35,200,-30.03944,-51.17222,0d05f5f8617473c8,TELEFONICA BRASIL S.A.
536417997,100MG7W,NR,3450,3450,340,25,25.0,105.0,0.0,X,35,200,-30.03944,-51.17222,0d05f5f8617473c9,TELEFONICA BRASIL S.A.
536417997,100MG7W,NR,3450,3450,100,25,25.0,105.0,0.0,X,35,200,-30.03944,-51.17222,0d05f5f8617473ca,TELEFONICA BRASIL S.A.
699802261,100MG7W,NR,3450,3450,10,25,25.0,105.0,0.0,X,37,200,-30.01972,-51.1875,212cf5f8584612b0,TELEFONICA BRASIL S.A.
699802261,100MG7W,NR,3450,3450,170,25,25.0,105.0,0.0,X,37,200,-30.01972,-51.1875,212cf5f8584612b1,TELEFONICA BRASIL S.A.
699802261,100MG7W,NR,3450,3450,280,25,25.0,105.0,0.0,X,37,200,-30.01972,-51.1875,212cf5f8584612b2,TELEFONICA BRASIL S.A.
436298570,100MG7W,NR,3450,3450,240,25,25.0,105.0,0.0,X,35,200,-30.02556,-51.19778,8629f5f8424caf62,TELEFONICA BRASIL S.A.
436298570,100MG7W,NR,3450,3450,330,25,25.0,105.0,0.0,X,35,200,-30.02556,-51.19778,8629f5f8424caf63,TELEFONICA BRASIL S.A.
436298570,100MG7W,NR,3450,3450,130,25,25.0,105.0,0.0,X,35,200,-30.02556,-51.19778,8629f5f8424caf64,TELEFONICA BRASIL S.A.
3769828,100MG7W,NR,3450,3450,150,25,25.0,105.0,0.0,X,26.5,200,-30.02861,-51.18111,8629f5f8424caf65,TELEFONICA BRASIL S.A.
3769828,100MG7W,NR,3450,3450,20,25,25.0,105.0,0.0,X,28.3,200,-30.02861,-51.18111,8629f5f8424caf66,TELEFONICA BRASIL S.A.
3769828,100MG7W,NR,3450,3450,250,25,25.0,105.0,0.0,X,26.3,200,-30.02861,-51.18111,8629f5f8424caf67,TELEFONICA BRASIL S.A.
359992323,100MG7W,NR,3450,3450,140,25,25.0,105.0,0.0,X,30,200,-30.04639,-51.20333,8629f5f8424caf68,TELEFONICA BRASIL S.A.
359992323,100MG7W,NR,3450,3450,260,25,25.0,105.0,0.0,X,30,200,-30.04639,-51.20333,8629f5f8424caf69,TELEFONICA BRASIL S.A.
359992323,100MG7W,NR,3450,3450,20,25,25.0,105.0,0.0,X,30,200,-30.04639,-51.20333,8629f5f8424caf6a,TELEFONICA BRASIL S.A.
699802270,100MG7W,NR,3450,3450,200,25,25.0,105.0,0.0,X,44,200,-30.01464,-51.18614,8629f5f8424caf6b,TELEFONICA BRASIL S.A.
699802270,100MG7W,NR,3450,3450,310,25,25.0,105.0,0.0,X,44,200,-30.01464,-51.18614,8629f5f8424caf6c,TELEFONICA BRASIL S.A.
699802270,100MG7W,NR,3450,3450,70,25,25.0,105.0,0.0,X,44,200,-30.01464,-51.18614,8629f5f8424caf6d,TELEFONICA BRASIL S.A.
699805783,100MG7W,NR,3450,3450,0,25,25.0,105.0,0.0,X,34,200,-30.03583,-51.23806,8629f5f8424caf6e,TELEFONICA BRASIL S.A.
699805783,100MG7W,NR,3450,3450,200,25,25.0,105.0,0.0,X,34,200,-30.03583,-51.23806,8629f5f8424caf6f,TELEFONICA BRASIL S.A.
699805783,100MG7W,NR,3450,3450,100,25,25.0,105.0,0.0,X,34,200,-30.03583,-51.23806,8629f5f8424caf70,TELEFONICA BRASIL S.A.
3770095,100MG7W,NR,3450,3450,360,25,25.0,105.0,0.0,X,30,200,-30.02444,-51.19056,4455f5f814310452,TELEFONICA BRASIL S.A.
3770095,100MG7W,NR,3450,3450,120,25,25.0,105.0,0.0,X,30,200,-30.02444,-51.19056,4455f5f814310453,TELEFONICA BRASIL S.A.
3770095,100MG7W,NR,3450,3450,220,25,25.0,105.0,0.0,X,30,200,-30.02444,-51.19056,4455f5f814310454,TELEFONICA BRASIL S.A.
3770095,10M0G7W,NR,2160,1970,210,13.4,27.0,73.7,0.0,X,30,49.1,-30.02444,-51.19056,4455f5f814310455,TELEFONICA BRASIL S.A.
3770095,10M0G7W,NR,2160,1970,210,13.4,27.0,73.7,0.0,X,30,49.1,-30.02444,-51.19056,4455f5f814310456,TELEFONICA BRASIL S.A.
3770095,10M0G7W,NR,2160,1970,210,13.4,27.0,73.7,0.0,X,30,49.1,-30.02444,-51.19056,4455f5f814310457,TELEFONICA BRASIL S.A.
3770141,100MG7W,NR,3450,3450,10,25,25.0,105.0,0.0,X,30,200,-30.04556,-51.18639,4455f5f81431045f,TELEFONICA BRASIL S.A.
3770141,100MG7W,NR,3450,3450,110,25,25.0,105.0,0.0,X,30,200,-30.04556,-51.18639,4455f5f814310460,TELEFONICA BRASIL S.A.
3770141,100MG7W,NR,3450,3450,250,25,25.0,105.0,0.0,X,30,200,-30.04556,-51.18639,4455f5f814310461,TELEFONICA BRASIL S.A.
3770141,10M0G7W,NR,2160,1970,110,13.4,27.0,73.7,0.0,X,30,49.1,-30.04556,-51.18639,4455f5f814310462,TELEFONICA BRASIL S.A.
3770141,10M0G7W,NR,2160,1970,10,13.4,27.0,73.7,0.0,X,30,78,-30.04556,-51.18639,4455f5f814310463,TELEFONICA BRASIL S.A.
3770141,10M0G7W,NR,2160,1970,250,13.4,27.0,73.7,0.0,X,30,78,-30.04556,-51.18639,4455f5f814310464,TELEFONICA BRASIL S.A.
5186196,10M0G7W,NR,2160,1970,320,16.4,23.0,55.0,0.0,X,19,49.1,-30.02861,-51.21944,4455f5f81431046d,TELEFONICA BRASIL S.A.
5186196,10M0G7W,NR,2160,1970,240,16.4,23.0,55.0,0.0,X,19,49.1,-30.02861,-51.21944,4455f5f81431046e,TELEFONICA BRASIL S.A.
5186196,10M0G7W,NR,2160,1970,140,16.4,23.0,55.0,0.0,X,19,49.1,-30.02861,-51.21944,4455f5f814310477,TELEFONICA BRASIL S.A.
5186196,100MG7W,NR,3450,3450,315,25,25.0,105.0,0.0,X,19,200,-30.02861,-51.21944,4455f5f81431047d,TELEFONICA BRASIL S.A.
5186196,100MG7W,NR,3450,3450,145,25,25.0,105.0,0.0,X,19,200,-30.02861,-51.21944,4455f5f81431047e,TELEFONICA BRASIL S.A.
5186196,100MG7W,NR,3450,3450,240,25,25.0,105.0,0.0,X,19,200,-30.02861,-51.21944,4455f5f81431047f,TELEFONICA BRASIL S.A.
403010500,10M0G7W,NR,2160,1970,360,16.4,23.0,55.0,0.0,X,35,49.1,-30.03389,-51.20667,4455f5f814310490,TELEFONICA BRASIL S.A.
403010500,10M0G7W,NR,2160,1970,255,16.4,23.0,55.0,0.0,X,35,49.1,-30.03389,-51.20667,4455f5f814310491,TELEFONICA BRASIL S.A.
403010500,10M0G7W,NR,2160,1970,100,16.4,23.0,55.0,0.0,X,35,78,-30.03389,-51.20667,4455f5f814310492,TELEFONICA BRASIL S.A.
403010500,100MG7W,NR,3450,3450,100,25,25.0,105.0,0.0,X,35,200,-30.03389,-51.20667,4455f5f814310493,TELEFONICA BRASIL S.A.
403010500,100MG7W,NR,3450,3450,255,25,25.0,105.0,0.0,X,35,200,-30.03389,-51.20667,4455f5f814310494,TELEFONICA BRASIL S.A.
403010500,100MG7W,NR,3450,3450,360,25,25.0,105.0,0.0,X,35,200,-30.03389,-51.20667,4455f5f814310495,TELEFONICA BRASIL S.A.
436298287,10M0G7W,NR,2160,1970,30,16.4,23.0,55.0,0.0,X,25,49.1,-30.05225,-51.181769,4455f5f814310499,TELEFONICA BRASIL S.A.
436298287,10M0G7W,NR,2160,1970,135,16.4,23.0,55.0,0.0,X,25,49.1,-30.05225,-51.181769,4455f5f81431049a,TELEFONICA BRASIL S.A.
436298287,10M0G7W,NR,2160,1970,260,16.4,23.0,55.0,0.0,X,25,49.1,-30.05225,-51.181769,4455f5f81431049b,TELEFONICA BRASIL S.A.
436298287,100MG7W,NR,3450,3450,30,25,25.0,105.0,0.0,X,25,200,-30.05225,-51.181769,4455f5f81431049c,TELEFONICA BRASIL S.A.
436298287,100MG7W,NR,3450,3450,260,25,25.0,105.0,0.0,X,25,200,-30.05225,-51.181769,4455f5f81431049d,TELEFONICA BRASIL S.A.
436298287,100MG7W,NR,3450,3450,135,25,25.0,105.0,0.0,X,25,200,-30.05225,-51.181769,4455f5f81431049e,TELEFONICA BRASIL S.A.
436298520,100MG7W,NR,3450,3450,320,25,25.0,105.0,0.0,X,25,200,-30.02944,-51.19139,4455f5f8143104a2,TELEFONICA BRASIL S.A.
436298520,100MG7W,NR,3450,3450,225,25,25.0,105.0,0.0,X,25,200,-30.02944,-51.19139,4455f5f8143104a3,TELEFONICA BRASIL S.A.
436298520,100MG7W,NR,3450,3450,130,25,25.0,105.0,0.0,X,25,200,-30.02944,-51.19139,4455f5f8143104a4,TELEFONICA BRASIL S.A.
436298520,10M0G7W,NR,2160,1970,130,16.4,23.0,55.0,0.0,X,25,49.1,-30.02944,-51.19139,4455f5f8143104a5,TELEFONICA BRASIL S.A.
436298520,10M0G7W,NR,2160,1970,320,16.4,23.0,55.0,0.0,X,25,49.1,-30.02944,-51.19139,4455f5f8143104a6,TELEFONICA BRASIL S.A.
436298520,10M0G7W,NR,2160,1970,225,16.4,23.0,55.0,0.0,X,25,49.1,-30.02944,-51.19139,4455f5f8143104a7,TELEFONICA BRASIL S.A.
441094392,10M0G7W,NR,2160,1970,50,16.4,23.0,55.0,0.0,X,40,49.1,-30.02333,-51.22083,4455f5f8143104ae,TELEFONICA BRASIL S.A.
441094392,10M0G7W,NR,2160,1970,140,16.4,23.0,55.0,0.0,X,40,49.1,-30.02333,-51.22083,4455f5f8143104af,TELEFONICA BRASIL S.A.
441094392,10M0G7W,NR,2160,1970,240,16.4,23.0,55.0,0.0,X,40,49.1,-30.02333,-51.22083,4455f5f8143104b0,TELEFONICA BRASIL S.A.
441094392,100MG7W,NR,3450,3450,50,25,25.0,105.0,0.0,X,41,200,-30.02333,-51.22083,4455f5f8143104b1,TELEFONICA BRASIL S.A.
441094392,100MG7W,NR,3450,3450,140,25,25.0,105.0,0.0,X,16,200,-30.02333,-51.22083,4455f5f8143104b2,TELEFONICA BRASIL S.A.
441094392,100MG7W,NR,3450,3450,240,25,25.0,105.0,0.0,X,41,200,-30.02333,-51.22083,4455f5f8143104b3,TELEFONICA BRASIL S.A.
441095259,10M0G7W,NR,2160,1970,220,12.8,30.0,68.0,2.0,X,35,78,-30.02639,-51.22722,4455f5f8143104b4,TELEFONICA BRASIL S.A.
441095259,10M0G7W,NR,2160,1970,135,12.8,30.0,68.0,0.0,X,35,78,-30.02639,-51.22722,4455f5f8143104b5,TELEFONICA BRASIL S.A.
441095259,100MG7W,NR,3450,3450,135,25,25.0,105.0,0.0,X,35,200,-30.02639,-51.22722,4455f5f8143104b8,TELEFONICA BRASIL S.A.
441095259,100MG7W,NR,3450,3450,220,25,25.0,105.0,2.0,X,35,200,-30.02639,-51.22722,4455f5f8143104b9,TELEFONICA BRASIL S.A.
441583652,10M0G7W,NR,2160,1970,120,16.4,23.0,55.0,0.0,X,28,49.1,-30.04556,-51.21417,4455f5f8143104cc,TELEFONICA BRASIL S.A.
441583652,10M0G7W,NR,2160,1970,360,16.4,23.0,55.0,0.0,X,28,49.1,-30.04556,-51.21417,4455f5f8143104cd,TELEFONICA BRASIL S.A.
441583652,10M0G7W,NR,2160,1970,240,16.4,23.0,55.0,0.0,X,28,49.1,-30.04556,-51.21417,4455f5f8143104ce,TELEFONICA BRASIL S.A.
441583652,100MG7W,NR,3450,3450,25,25,25.0,105.0,0.0,X,30,200,-30.04556,-51.21417,4455f5f8143104cf,TELEFONICA BRASIL S.A.
441583652,100MG7W,NR,3450,3450,115,25,25.0,105.0,0.0,X,30,200,-30.04556,-51.21417,4455f5f8143104d0,TELEFONICA BRASIL S.A.
441583652,100MG7W,NR,3450,3450,215,25,25.0,105.0,0.0,X,30,200,-30.04556,-51.21417,4455f5f8143104d1,TELEFONICA BRASIL S.A.
441584926,10M0G7W,NR,2160,1970,70,16.4,23.0,55.0,0.0,X,65,46,-30.02778,-51.22972,4455f5f8143104d5,TELEFONICA BRASIL S.A.
441584926,10M0G7W,NR,2160,1970,150,16.4,23.0,55.0,0.0,X,65,46,-30.02778,-51.22972,4455f5f8143104d6,TELEFONICA BRASIL S.A.
441584926,10M0G7W,NR,2160,1970,240,16.4,23.0,55.0,2.0,X,65,46,-30.02778,-51.22972,4455f5f8143104d7,TELEFONICA BRASIL S.A.
441584926,100MG7W,NR,3450,3450,150,25,25.0,105.0,0.0,X,65,200,-30.02778,-51.22972,4455f5f8143104d8,TELEFONICA BRASIL S.A.
441584926,100MG7W,NR,3450,3450,70,25,25.0,105.0,0.0,X,65,200,-30.02778,-51.22972,4455f5f8143104d9,TELEFONICA BRASIL S.A.
441584926,100MG7W,NR,3450,3450,240,25,25.0,105.0,0.0,X,65,200,-30.02778,-51.22972,4455f5f8143104da,TELEFONICA BRASIL S.A.
441626114,100MG7W,NR,3450,3450,125,25,25.0,105.0,0.0,X,55,200,-30.02706,-51.22056,4455f5f8143104e1,TELEFONICA BRASIL S.A.
441626114,100MG7W,NR,3450,3450,315,25,25.0,105.0,-2.0,X,55,200,-30.02706,-51.22056,4455f5f8143104e2,TELEFONICA BRASIL S.A.
441626114,100MG7W,NR,3450,3450,245,25,25.0,105.0,-2.0,X,55,200,-30.02706,-51.22056,4455f5f8143104e3,TELEFONICA BRASIL S.A.
441626114,10M0G7W,NR,2160,1970,125,12.8,30.0,68.0,0.0,X,55,46,-30.02706,-51.22056,4455f5f8143104e4,TELEFONICA BRASIL S.A.
441626114,10M0G7W,NR,2160,1970,315,12.8,30.0,68.0,-2.0,X,55,46,-30.02706,-51.22056,4455f5f8143104e5,TELEFONICA BRASIL S.A.
441626114,10M0G7W,NR,2160,1970,245,12.8,30.0,68.0,-2.0,X,55,46,-30.02706,-51.22056,4455f5f8143104e6,TELEFONICA BRASIL S.A.
536418004,10M0G7W,NR,2160,1970,360,16.4,23.0,55.0,0.0,X,45,49.1,-30.02709,-51.20425,4455f5f8143104e9,TELEFONICA BRASIL S.A.
536418004,10M0G7W,NR,2160,1970,120,16.4,23.0,55.0,0.0,X,45,49.1,-30.02709,-51.20425,4455f5f8143104ea,TELEFONICA BRASIL S.A.
536418004,10M0G7W,NR,2160,1970,250,16.4,23.0,55.0,0.0,X,45,49.1,-30.02709,-51.20425,4455f5f8143104eb,TELEFONICA BRASIL S.A.
536418004,100MG7W,NR,3450,3450,120,25,25.0,105.0,0.0,X,45,200,-30.02709,-51.20425,4455f5f8143104f0,TELEFONICA BRASIL S.A.
536418004,100MG7W,NR,3450,3450,250,25,25.0,105.0,0.0,X,45,200,-30.02709,-51.20425,4455f5f8143104f1,TELEFONICA BRASIL S.A.
536418004,100MG7W,NR,3450,3450,20,25,25.0,105.0,-4.0,X,45,200,-30.02709,-51.20425,4455f5f8143104f2,TELEFONICA BRASIL S.A.
688888127,100MG7W,NR,3450,3450,10,25,25.0,105.0,0.0,X,35,200,-30.03861,-51.21361,4455f5f8143104f9,TELEFONICA BRASIL S.A.
688888127,100MG7W,NR,3450,3450,90,25,25.0,105.0,0.0,X,35,200,-30.03861,-51.21361,4455f5f8143104fa,TELEFONICA BRASIL S.A.
688888127,100MG7W,NR,3450,3450,280,25,25.0,105.0,0.0,X,35,200,-30.03861,-51.21361,4455f5f8143104fb,TELEFONICA BRASIL S.A.
688888127,10M0G7W,NR,2160,1970,10,13.6,23.0,70.0,0.0,X,35,46,-30.03861,-51.21361,4455f5f8143104fc,TELEFONICA BRASIL S.A.
688888127,10M0G7W,NR,2160,1970,90,13.6,23.0,70.0,0.0,X,35,46,-30.03861,-51.21361,4455f5f8143104fd,TELEFONICA BRASIL S.A.
688888127,10M0G7W,NR,2160,1970,280,13.6,23.0,70.0,0.0,X,35,46,-30.03861,-51.21361,4455f5f8143104fe,TELEFONICA BRASIL S.A.
699802172,100MG7W,NR,3450,3450,300,25,25.0,105.0,0.0,X,62,200,-30.03085,-51.22447,4455f5f8143104ff,TELEFONICA BRASIL S.A.
699802172,100MG7W,NR,3450,3450,40,25,25.0,105.0,0.0,X,62,200,-30.03085,-51.22447,4455f5f814310500,TELEFONICA BRASIL S.A.
699802172,100MG7W,NR,3450,3450,120,25,25.0,105.0,0.0,X,62,200,-30.03085,-51.22447,4455f5f814310501,TELEFONICA BRASIL S.A.
699802172,10M0G7W,NR,2160,1970,300,12.8,30.0,68.0,0.0,X,62,46,-30.03085,-51.22447,4455f5f814310502,TELEFONICA BRASIL S.A.
699802172,10M0G7W,NR,2160,1970,40,12.8,30.0,68.0,0.0,X,62,46,-30.03085,-51.22447,4455f5f814310503,TELEFONICA BRASIL S.A.
699802172,10M0G7W,NR,2160,1970,120,12.8,30.0,68.0,0.0,X,62,46,-30.03085,-51.22447,4455f5f814310504,TELEFONICA BRASIL S.A.
699802237,100MG7W,NR,3450,3450,110,25,25.0,105.0,0.0,X,48,200,-30.04094,-51.22072,4455f5f814310505,TELEFONICA BRASIL S.A.
699802237,100MG7W,NR,3450,3450,330,25,25.0,105.0,0.0,X,48,200,-30.04094,-51.22072,4455f5f814310506,TELEFONICA BRASIL S.A.
699802237,100MG7W,NR,3450,3450,230,25,25.0,105.0,0.0,X,48,200,-30.04094,-51.22072,4455f5f814310507,TELEFONICA BRASIL S.A.
699802253,10M0G7W,NR,2160,1970,280,12.8,30.0,68.0,0.0,X,38,85.7,-30.02667,-51.22397,4455f5f81431050f,TELEFONICA BRASIL S.A.
699802253,10M0G7W,NR,2160,1970,60,12.8,30.0,68.0,0.0,X,38,85.7,-30.02667,-51.22397,4455f5f814310511,TELEFONICA BRASIL S.A.
699802253,10M0G7W,NR,2160,1970,170,12.8,30.0,68.0,0.0,X,38,85.7,-30.02667,-51.22397,4455f5f814310512,TELEFONICA BRASIL S.A.
699802253,100MG7W,NR,3450,3450,60,25,25.0,105.0,0.0,X,38,200,-30.02667,-51.22397,4455f5f814310514,TELEFONICA BRASIL S.A.
699802253,100MG7W,NR,3450,3450,170,25,25.0,105.0,0.0,X,38,200,-30.02667,-51.22397,4455f5f814310515,TELEFONICA BRASIL S.A.
699802253,100MG7W,NR,3450,3450,280,25,25.0,105.0,0.0,X,38,200,-30.02667,-51.22397,4455f5f814310516,TELEFONICA BRASIL S.A.
699802300,100MG7W,NR,3450,3450,320,25,25.0,105.0,0.0,X,31,200,-30.02736,-51.21017,4455f5f814310517,TELEFONICA BRASIL S.A.
699802300,100MG7W,NR,3450,3450,220,25,25.0,105.0,0.0,X,31,200,-30.02736,-51.21017,4455f5f814310518,TELEFONICA BRASIL S.A.
699802300,100MG7W,NR,3450,3450,100,25,25.0,105.0,0.0,X,31,200,-30.02736,-51.21017,4455f5f814310519,TELEFONICA BRASIL S.A.
699802300,10M0G7W,NR,2160,1970,320,12.8,30.0,68.0,0.0,X,31,46,-30.02736,-51.21017,4455f5f81431051a,TELEFONICA BRASIL S.A.
699802300,10M0G7W,NR,2160,1970,100,12.8,30.0,68.0,0.0,X,31,46,-30.02736,-51.21017,4455f5f81431051c,TELEFONICA BRASIL S.A.
699802385,10M0G7W,NR,2160,1970,320,12.8,30.0,67.0,0.0,X,45,85.7,-30.02931,-51.20226,4455f5f81431051d,TELEFONICA BRASIL S.A.
699802385,10M0G7W,NR,2160,1970,130,12.8,30.0,67.0,0.0,X,45,85.7,-30.02931,-51.20226,4455f5f81431051e,TELEFONICA BRASIL S.A.
699802385,10M0G7W,NR,2160,1970,220,12.8,30.0,67.0,0.0,X,45,85.7,-30.02931,-51.20226,4455f5f81431051f,TELEFONICA BRASIL S.A.
699802385,100MG7W,NR,3450,3450,320,25,25.0,105.0,0.0,X,45,200,-30.02931,-51.20226,4455f5f814310520,TELEFONICA BRASIL S.A.
699802385,100MG7W,NR,3450,3450,130,25,25.0,105.0,0.0,X,45,200,-30.02931,-51.20226,4455f5f814310521,TELEFONICA BRASIL S.A.
699802385,100MG7W,NR,3450,3450,220,25,25.0,105.0,0.0,X,45,200,-30.02931,-51.20226,4455f5f814310522,TELEFONICA BRASIL S.A.
699802466,10M0G7W,NR,2160,1970,360,12.8,30.0,68.0,0.0,X,50,85.7,-30.0325,-51.21694,4455f5f814310523,TELEFONICA BRASIL S.A.
699802466,10M0G7W,NR,2160,1970,100,12.8,30.0,68.0,0.0,X,50,85.7,-30.0325,-51.21694,4455f5f814310524,TELEFONICA BRASIL S.A.
699802466,10M0G7W,NR,2160,1970,250,12.8,30.0,68.0,0.0,X,50,85.7,-30.0325,-51.21694,4455f5f814310525,TELEFONICA BRASIL S.A.
699802466,100MG7W,NR,3450,3450,360,25,25.0,105.0,0.0,X,50,200,-30.0325,-51.21694,4455f5f814310526,TELEFONICA BRASIL S.A.
699802466,100MG7W,NR,3450,3450,100,25,25.0,105.0,0.0,X,50,200,-30.0325,-51.21694,4455f5f814310527,TELEFONICA BRASIL S.A.
699802466,100MG7W,NR,3450,3450,250,25,25.0,105.0,0.0,X,50,200,-30.0325,-51.21694,4455f5f814310528,TELEFONICA BRASIL S.A.
699873762,10M0G7W,NR,2160,1970,240,12.8,30.0,68.0,0.0,X,52,85.7,-30.03194,-51.19278,4455f5f814310529,TELEFONICA BRASIL S.A.
699873762,10M0G7W,NR,2160,1970,340,12.8,30.0,68.0,0.0,X,52,85.7,-30.03194,-51.19278,4455f5f81431052a,TELEFONICA BRASIL S.A.
699873762,10M0G7W,NR,2160,1970,90,12.8,30.0,68.0,0.0,X,52,85.7,-30.03194,-51.19278,4455f5f81431052b,TELEFONICA BRASIL S.A.
699873762,100MG7W,NR,3450,3450,90,25,25.0,105.0,0.0,X,52,200,-30.03194,-51.19278,4455f5f81431052c,TELEFONICA BRASIL S.A.
699873762,100MG7W,NR,3450,3450,340,25,25.0,105.0,0.0,X,52,200,-30.03194,-51.19278,4455f5f81431052d,TELEFONICA BRASIL S.A.
699873762,100MG7W,NR,3450,3450,240,25,25.0,105.0,0.0,X,52,200,-30.03194,-51.19278,4455f5f81431052e,TELEFONICA BRASIL S.A.
699873940,100MG7W,NR,3450,3450,40,25,25.0,105.0,0.0,X,43,200,-30.03583,-51.20972,4455f5f81431052f,TELEFONICA BRASIL S.A.
699873940,100MG7W,NR,3450,3450,300,25,25.0,105.0,0.0,X,43,200,-30.03583,-51.20972,4455f5f814310530,TELEFONICA BRASIL S.A.
699873940,100MG7W,NR,3450,3450,160,25,25.0,105.0,0.0,X,43,200,-30.03583,-51.20972,4455f5f814310531,TELEFONICA BRASIL S.A.
699873940,10M0G7W,NR,2160,1970,40,12.8,30.0,68.0,0.0,X,43,46,-30.03583,-51.20972,4455f5f814310532,TELEFONICA BRASIL S.A.
699873940,10M0G7W,NR,2160,1970,300,12.8,30.0,68.0,0.0,X,43,46,-30.03583,-51.20972,4455f5f814310533,TELEFONICA BRASIL S.A.
699873940,10M0G7W,NR,2160,1970,160,12.8,30.0,68.0,0.0,X,43,46,-30.03583,-51.20972,4455f5f814310534,TELEFONICA BRASIL S.A.
1001572359,10M0G7W,NR,2160,1970,100,"14,70",27.0,64.0,0.0,X,47,49,-30.03202,-51.19818,4455f5f814310535,TELEFONICA BRASIL S.A.
1001572359,10M0G7W,NR,2160,1970,360,"14,70",27.0,64.0,0.0,X,47,49,-30.03202,-51.19818,4455f5f814310536,TELEFONICA BRASIL S.A.
1001572359,10M0G7W,NR,2160,1970,220,"14,70",27.0,64.0,0.0,X,47,49,-30.03202,-51.19818,4455f5f814310537,TELEFONICA BRASIL S.A.
1001572359,100MG7W,NR,3450,3450,360,25,25.0,105.0,0.0,X,47,200,-30.03202,-51.19818,4455f5f814310538,TELEFONICA BRASIL S.A.
1001572359,100MG7W,NR,3450,3450,100,25,25.0,105.0,0.0,X,47,200,-30.03202,-51.19818,4455f5f814310539,TELEFONICA BRASIL S.A.
1001572359,100MG7W,NR,3450,3450,220,25,25.0,105.0,0.0,X,47,200,-30.03202,-51.19818,4455f5f81431053a,TELEFONICA BRASIL S.A.
5185386,100MG7W,NR,3450,3450,135,25,25.0,105.0,0.0,X,51,200,-30.02972,-51.23361,1253f5f800d21add,TELEFONICA BRASIL S.A.
5185386,100MG7W,NR,3450,3450,220,25,25.0,105.0,0.0,X,51,200,-30.02972,-51.23361,1253f5f800d21ade,TELEFONICA BRASIL S.A.
5185386,100MG7W,NR,3450,3450,45,25,25.0,105.0,0.0,X,51,200,-30.02972,-51.23361,1253f5f800d21adf,TELEFONICA BRASIL S.A.
1000732700,100MG7W,NR,3450,3450,30,25,25.0,105.0,0.0,X,40,200,-30.03722,-51.20417,1253f5f800d21ae0,TELEFONICA BRASIL S.A.
1000732700,100MG7W,NR,3450,3450,120,25,25.0,105.0,0.0,X,40,200,-30.03722,-51.20417,1253f5f800d21ae1,TELEFONICA BRASIL S.A.
1000732700,100MG7W,NR,3450,3450,250,25,25.0,105.0,0.0,X,40,200,-30.03722,-51.20417,1253f5f800d21ae2,TELEFONICA BRASIL S.A.
688836410,100MG7W,NR,3450,3450,60,25,25.0,105.0,0.0,X,24,200,-30.02417,-51.20889,1253f5f800d21ae3,TELEFONICA BRASIL S.A.
688836410,100MG7W,NR,3450,3450,165,25,25.0,105.0,0.0,X,24,200,-30.02417,-51.20889,1253f5f800d21ae4,TELEFONICA BRASIL S.A.
688836410,100MG7W,NR,3450,3450,240,25,25.0,105.0,2.0,X,24,200,-30.02417,-51.20889,1253f5f800d21ae5,TELEFONICA BRASIL S.A.
5186315,100MG7W,NR,3450,3450,140,25,25.0,105.0,0.0,X,30,200,-30.04194,-51.21056,1253f5f800d21ae6,TELEFONICA BRASIL S.A.
5186315,100MG7W,NR,3450,3450,260,25,25.0,105.0,0.0,X,30,200,-30.04194,-51.21056,1253f5f800d21ae7,TELEFONICA BRASIL S.A.
5186315,100MG7W,NR,3450,3450,30,25,25.0,105.0,0.0,X,30,200,-30.04194,-51.21056,1253f5f800d21ae8,TELEFONICA BRASIL S.A.
699802296,100MG7W,NR,3450,3450,360,25,25.0,105.0,0.0,X,54,200,-30.02722,-51.18222,1253f5f800d21aec,TELEFONICA BRASIL S.A.
699802296,100MG7W,NR,3450,3450,100,25,25.0,105.0,0.0,X,54,200,-30.02722,-51.18222,1253f5f800d21aed,TELEFONICA BRASIL S.A.
699802296,100MG7W,NR,3450,3450,250,25,25.0,105.0,0.0,X,54,200,-30.02722,-51.18222,1253f5f800d21aee,TELEFONICA BRASIL S.A.
441094325,100MG7W,NR,3450,3450,310,25,25.0,105.0,0.0,X,49,200,-30.03443,-51.19102,464af5f848189f43,TELEFONICA BRASIL S.A.
441094325,100MG7W,NR,3450,3450,80,25,25.0,105.0,0.0,X,49,200,-30.03443,-51.19102,464af5f848189f44,TELEFONICA BRASIL S.A.
441094325,100MG7W,NR,3450,3450,210,25,25.0,105.0,-2.0,X,49,200,-30.03443,-51.19102,464af5f848189f45,TELEFONICA BRASIL S.A.
691319227,100MG7W,NR,3450,3450,320,25,25.0,105.0,0.0,X,33,200,-30.02133,-51.18184,464af5f848189f46,TELEFONICA BRASIL S.A.
691319227,100MG7W,NR,3450,3450,70,25,25.0,105.0,0.0,X,33,200,-30.02133,-51.18184,464af5f848189f47,TELEFONICA BRASIL S.A.
691319227,100MG7W,NR,3450,3450,180,25,25.0,105.0,0.0,X,33,200,-30.02133,-51.18184,464af5f848189f48,TELEFONICA BRASIL S.A.
534605230,100MG7W,NR,3450,3450,160,25,25.0,105.0,-4.0,X,64,200,-30.03682,-51.22772,d5c1a5f85820ef1f,TELEFONICA BRASIL S.A.
534605230,100MG7W,NR,3450,3450,35,25,25.0,105.0,-2.0,X,64,200,-30.03682,-51.22772,d5c1a5f85820ef20,TELEFONICA BRASIL S.A.
534605230,100MG7W,NR,3450,3450,310,25,25.0,105.0,0.0,X,64,200,-30.03682,-51.22772,d5c1a5f85820ef21,TELEFONICA BRASIL S.A.
1000094283,100MG7W,NR,3450,3450,320,25,25.0,105.0,0.0,X,30,200,-30.04278,-51.18889,d5c1a5f85820ef22,TELEFONICA BRASIL S.A.
1000094283,100MG7W,NR,3450,3450,60,25,25.0,105.0,0.0,X,30,200,-30.04278,-51.18889,d5c1a5f85820ef23,TELEFONICA BRASIL S.A.
1000094283,100MG7W,NR,3450,3450,220,25,25.0,105.0,0.0,X,30,200,-30.04278,-51.18889,d5c1a5f85820ef24,TELEFONICA BRASIL S.A.
3769836,100MG7W,NR,3450,3450,100,25,25.0,105.0,0.0,X,60,200,-30.03833,-51.18028,4872c5f82db6e46e,TELEFONICA BRASIL S.A.
3769836,100MG7W,NR,3450,3450,220,25,25.0,105.0,4.0,X,60,200,-30.03833,-51.18028,4872c5f82db6e46f,TELEFONICA BRASIL S.A.
3769836,100MG7W,NR,3450,3450,10,25,25.0,105.0,0.0,X,60,200,-30.03833,-51.18028,4872c5f82db6e470,TELEFONICA BRASIL S.A.
5186170,100MG7W,NR,3450,3450,60,25,25.0,105.0,2.0,X,60,200,-30.03,-51.21278,4872c5f82db6e48b,TELEFONICA BRASIL S.A.
5186170,100MG7W,NR,3450,3450,210,25,25.0,105.0,2.0,X,60,200,-30.03,-51.21278,4872c5f82db6e48c,TELEFONICA BRASIL S.A.
5186170,100MG7W,NR,3450,3450,310,25,25.0,105.0,2.0,X,60,200,-30.03,-51.21278,4872c5f82db6e48d,TELEFONICA BRASIL S.A.
5186285,100MG7W,NR,3450,3450,250,25,25.0,105.0,2.0,X,65,200,-30.03083,-51.22667,4872c5f82db6e48e,TELEFONICA BRASIL S.A.
5186285,100MG7W,NR,3450,3450,360,25,25.0,105.0,2.0,X,65,200,-30.03083,-51.22667,4872c5f82db6e48f,TELEFONICA BRASIL S.A.
5186285,100MG7W,NR,3450,3450,130,25,25.0,105.0,4.0,X,65,200,-30.03083,-51.22667,4872c5f82db6e490,TELEFONICA BRASIL S.A.
5186331,100MG7W,NR,3450,3450,330,25,25.0,105.0,0.0,X,62,200,-30.045,-51.22917,4872c5f82db6e491,TELEFONICA BRASIL S.A.
5186331,100MG7W,NR,3450,3450,220,25,25.0,105.0,2.0,X,62,200,-30.045,-51.22917,4872c5f82db6e492,TELEFONICA BRASIL S.A.
5186331,100MG7W,NR,3450,3450,100,25,25.0,105.0,2.0,X,62,200,-30.045,-51.22917,4872c5f82db6e493,TELEFONICA BRASIL S.A.
379966620,100MG7W,NR,3450,3450,170,25,25.0,105.0,0.0,X,48,200,-30.02028,-51.20389,4872c5f82db6e494,TELEFONICA BRASIL S.A.
379966620,100MG7W,NR,3450,3450,50,25,25.0,105.0,0.0,X,48,200,-30.02028,-51.20389,4872c5f82db6e495,TELEFONICA BRASIL S.A.
379966620,100MG7W,NR,3450,3450,300,25,25.0,105.0,0.0,X,48,200,-30.02028,-51.20389,4872c5f82db6e496,TELEFONICA BRASIL S.A.
441625665,100MG7W,NR,3450,3450,360,25,25.0,105.0,0.0,X,28,200,-30.02139,-51.19444,4872c5f82db6e497,TELEFONICA BRASIL S.A.
441625665,100MG7W,NR,3450,3450,90,25,25.0,105.0,0.0,X,28,200,-30.02139,-51.19444,4872c5f82db6e498,TELEFONICA BRASIL S.A.
441625665,100MG7W,NR,3450,3450,240,25,25.0,105.0,0.0,X,28,200,-30.02139,-51.19444,4872c5f82db6e499,TELEFONICA BRASIL S.A.
688836437,100MG7W,NR,3450,3450,30,25,25.0,105.0,0.0,X,42,200,-30.02417,-51.21444,4872c5f82db6e49a,TELEFONICA BRASIL S.A.
688836437,100MG7W,NR,3450,3450,150,25,25.0,105.0,0.0,X,42,200,-30.02417,-51.21444,4872c5f82db6e49b,TELEFONICA BRASIL S.A.
688836437,100MG7W,NR,3450,3450,270,25,25.0,105.0,0.0,X,42,200,-30.02417,-51.21444,4872c5f82db6e49c,TELEFONICA BRASIL S.A.
691512299,100MG7W,NR,3450,3450,350,25,25.0,105.0,0.0,X,30,200,-30.04861,-51.22111,4872c5f82db6e49d,TELEFONICA BRASIL S.A.
691512299,100MG7W,NR,3450,3450,140,25,25.0,105.0,0.0,X,30,200,-30.04861,-51.22111,4872c5f82db6e49e,TELEFONICA BRASIL S.A.
691512299,100MG7W,NR,3450,3450,250,25,25.0,105.0,0.0,X,30,200,-30.04861,-51.22111,4872c5f82db6e49f,TELEFONICA BRASIL S.A.
699802318,100MG7W,NR,3450,3450,230,25,25.0,105.0,0.0,X,58,200,-30.02833,-51.16278,4872c5f82db6e4a0,TELEFONICA BRASIL S.A.
699802318,100MG7W,NR,3450,3450,30,25,25.0,105.0,0.0,X,58,200,-30.02833,-51.16278,4872c5f82db6e4a1,TELEFONICA BRASIL S.A.
699802318,100MG7W,NR,3450,3450,120,25,25.0,105.0,0.0,X,58,200,-30.02833,-51.16278,4872c5f82db6e4a2,TELEFONICA BRASIL S.A.
699874041,100MG7W,NR,3450,3450,210,25,25.0,105.0,0.0,X,39,200,-30.02167,-51.17167,4872c5f82db6e4a3,TELEFONICA BRASIL S.A.
699874041,100MG7W,NR,3450,3450,320,25,25.0,105.0,0.0,X,39,200,-30.02167,-51.17167,4872c5f82db6e4a4,TELEFONICA BRASIL S.A.
699874041,100MG7W,NR,3450,3450,60,25,25.0,105.0,0.0,X,39,200,-30.02167,-51.17167,4872c5f82db6e4a5,TELEFONICA BRASIL S.A.
699874068,100MG7W,NR,3450,3450,20,25,25.0,105.0,0.0,X,48,200,-30.04917,-51.19417,4872c5f82db6e4a6,TELEFONICA BRASIL S.A.
699874068,100MG7W,NR,3450,3450,140,25,25.0,105.0,0.0,X,48,200,-30.04917,-51.19417,4872c5f82db6e4a7,TELEFONICA BRASIL S.A.
699874068,100MG7W,NR,3450,3450,270,25,25.0,105.0,0.0,X,48,200,-30.04917,-51.19417,4872c5f82db6e4a8,TELEFONICA BRASIL S.A.
699874114,100MG7W,NR,3450,3450,250,25,25.0,105.0,0.0,X,50,200,-30.03306,-51.23111,4872c5f82db6e4a9,TELEFONICA BRASIL S.A.
699874114,100MG7W,NR,3450,3450,350,25,25.0,105.0,0.0,X,50,200,-30.03306,-51.23111,4872c5f82db6e4aa,TELEFONICA BRASIL S.A.
699874114,100MG7W,NR,3450,3450,100,25,25.0,105.0,0.0,X,50,200,-30.03306,-51.23111,4872c5f82db6e4ab,TELEFONICA BRASIL S.A.
699874130,100MG7W,NR,3450,3450,100,25,25.0,105.0,0.0,X,49,200,-30.03889,-51.1975,4872c5f82db6e4ac,TELEFONICA BRASIL S.A.
699874130,100MG7W,NR,3450,3450,210,25,25.0,105.0,0.0,X,49,200,-30.03889,-51.1975,4872c5f82db6e4ad,TELEFONICA BRASIL S.A.
699874130,100MG7W,NR,3450,3450,360,25,25.0,105.0,0.0,X,49,200,-30.03889,-51.1975,4872c5f82db6e4ae,TELEFONICA BRASIL S.A.
1008990350,100MG7W,NR,3450,3450,60,23.5,25.0,65.0,0.0,X,39,200,-30.03444,-51.17722,4872c5f82db6e4af,TELEFONICA BRASIL S.A.
1008990350,100MG7W,NR,3450,3450,150,23.5,25.0,65.0,0.0,X,39,200,-30.03444,-51.17722,4872c5f82db6e4b0,TELEFONICA BRASIL S.A.
1008990350,100MG7W,NR,3450,3450,300,23.5,25.0,65.0,0.0,X,39,200,-30.03444,-51.17722,4872c5f82db6e4b1,TELEFONICA BRASIL S.A.
3769917,100MG7W,NR,3450,3450,360,25,25.0,105.0,0.0,X,30,200,-30.01028,-51.19806,af8bc5f86150601d,TELEFONICA BRASIL S.A.
3769917,100MG7W,NR,3450,3450,110,25,25.0,105.0,0.0,X,30,200,-30.01028,-51.19806,af8bc5f86150601e,TELEFONICA BRASIL S.A.
3769917,100MG7W,NR,3450,3450,240,25,25.0,105.0,0.0,X,30,200,-30.01028,-51.19806,af8bc5f86150601f,TELEFONICA BRASIL S.A.
441529879,100MG7W,NR,3450,3450,345,25,25.0,105.0,0.0,X,30,200,-30.05417,-51.18972,af8bc5f861506020,TELEFONICA BRASIL S.A.
441529879,100MG7W,NR,3450,3450,240,25,25.0,105.0,0.0,X,30,200,-30.05417,-51.18972,af8bc5f861506021,TELEFONICA BRASIL S.A.
441529879,100MG7W,NR,3450,3450,110,25,25.0,105.0,0.0,X,30,200,-30.05417,-51.18972,af8bc5f861506022,TELEFONICA BRASIL S.A.
682876623,100MG7W,NR,3450,3450,40,25,25.0,105.0,0.0,X,30,200,-30.02917,-51.23222,af8bc5f861506023,TELEFONICA BRASIL S.A.
682876623,100MG7W,NR,3450,3450,130,25,25.0,105.0,0.0,X,30,200,-30.02917,-51.23222,af8bc5f861506024,TELEFONICA BRASIL S.A.
699873991,100MG7W,NR,3450,3450,240,25,25.0,105.0,0.0,X,50,200,-30.03944,-51.22472,af8bc5f861506025,TELEFONICA BRASIL S.A.
699873991,100MG7W,NR,3450,3450,10,25,25.0,105.0,0.0,X,50,200,-30.03944,-51.22472,af8bc5f861506026,TELEFONICA BRASIL S.A.
699873991,100MG7W,NR,3450,3450,120,25,25.0,105.0,0.0,X,50,200,-30.03944,-51.22472,af8bc5f861506027,TELEFONICA BRASIL S.A.
699873886,100MG7W,NR,3450,3450,110,25,25.0,105.0,0.0,X,33,200,-30.01167,-51.16917,af8bc5f861506028,TELEFONICA BRASIL S.A.
699873886,100MG7W,NR,3450,3450,20,25,25.0,105.0,0.0,X,33,200,-30.01167,-51.16917,af8bc5f861506029,TELEFONICA BRASIL S.A.
699873886,100MG7W,NR,3450,3450,220,25,25.0,105.0,0.0,X,33,200,-30.01167,-51.16917,af8bc5f86150602a,TELEFONICA BRASIL S.A.
699802210,100MG7W,NR,3450,3450,10,25,25.0,105.0,0.0,X,49,200,-30.02944,-51.21528,af8bc5f86150602b,TELEFONICA BRASIL S.A.
699802210,100MG7W,NR,3450,3450,150,25,25.0,105.0,0.0,X,49,200,-30.02944,-51.21528,af8bc5f86150602c,TELEFONICA BRASIL S.A.
699802210,100MG7W,NR,3450,3450,250,25,25.0,105.0,0.0,X,49,200,-30.02944,-51.21528,af8bc5f86150602d,TELEFONICA BRASIL S.A.
699873959,100MG7W,NR,3450,3450,340,25,25.0,105.0,0.0,X,30,200,-30.04694,-51.20639,af8bc5f86150602e,TELEFONICA BRASIL S.A.
699873959,100MG7W,NR,3450,3450,95,25,25.0,105.0,0.0,X,30,200,-30.04694,-51.20639,af8bc5f86150602f,TELEFONICA BRASIL S.A.
699873959,100MG7W,NR,3450,3450,190,25,25.0,105.0,0.0,X,30,200,-30.04694,-51.20639,af8bc5f861506030,TELEFONICA BRASIL S.A.
5186250,100MG7W,NR,3450,3450,60,25,25.0,105.0,0.0,X,27,200,-30.03333,-51.2375,6a8c15f8141cc321,TELEFONICA BRASIL S.A.
5186250,100MG7W,NR,3450,3450,170,25,25.0,105.0,0.0,X,27,200,-30.03333,-51.2375,6a8c15f8141cc322,TELEFONICA BRASIL S.A.
5186250,100MG7W,NR,3450,3450,280,25,25.0,105.0,0.0,X,27,200,-30.03333,-51.2375,6a8c15f8141cc323,TELEFONICA BRASIL S.A.
359992315,100MG7W,NR,3450,3450,360,25,25.0,105.0,0.0,X,75,200,-30.05472,-51.22944,6a8c15f8141cc324,TELEFONICA BRASIL S.A.
359992315,100MG7W,NR,3450,3450,110,25,25.0,105.0,0.0,X,75,200,-30.05472,-51.22944,6a8c15f8141cc325,TELEFONICA BRASIL S.A.
359992315,100MG7W,NR,3450,3450,210,25,25.0,105.0,0.0,X,75,200,-30.05472,-51.22944,6a8c15f8141cc326,TELEFONICA BRASIL S.A.
699873975,100MG7W,NR,3450,3450,90,25,25.0,105.0,0.0,X,28,200,-30.02306,-51.20528,6a8c15f8141cc327,TELEFONICA BRASIL S.A.
699873975,100MG7W,NR,3450,3450,210,25,25.0,105.0,0.0,X,28,200,-30.02306,-51.20528,6a8c15f8141cc328,TELEFONICA BRASIL S.A.
699873975,100MG7W,NR,3450,3450,320,25,25.0,105.0,0.0,X,28,200,-30.02306,-51.20528,6a8c15f8141cc329,TELEFONICA BRASIL S.A.
699802245,100MG7W,NR,3450,3450,160,25,25.0,105.0,0.0,X,34,200,-30.06528,-51.22361,6a8c15f8141cc32a,TELEFONICA BRASIL S.A.
699802245,100MG7W,NR,3450,3450,260,25,25.0,105.0,0.0,X,34,200,-30.06528,-51.22361,6a8c15f8141cc32b,TELEFONICA BRASIL S.A.
699802245,100MG7W,NR,3450,3450,55,25,25.0,105.0,0.0,X,34,200,-30.06528,-51.22361,6a8c15f8141cc32c,TELEFONICA BRASIL S.A.
3770087,100MG7W,NR,3450,3450,330,25,25.0,105.0,0.0,X,30,200,-30.00778,-51.18028,6a8c15f8141cc32d,TELEFONICA BRASIL S.A.
3770087,100MG7W,NR,3450,3450,130,25,25.0,105.0,0.0,X,30,200,-30.00778,-51.18028,6a8c15f8141cc32e,TELEFONICA BRASIL S.A.
3770087,100MG7W,NR,3450,3450,240,25,25.0,105.0,0.0,X,30,200,-30.00778,-51.18028,6a8c15f8141cc32f,TELEFONICA BRASIL S.A.
699873983,100MG7W,NR,3450,3450,50,25,25.0,105.0,0.0,X,30,200,-30.0425,-51.17972,6a8c15f8141cc330,TELEFONICA BRASIL S.A.
699873983,100MG7W,NR,3450,3450,180,25,25.0,105.0,0.0,X,30,200,-30.0425,-51.17972,6a8c15f8141cc331,TELEFONICA BRASIL S.A.
699873983,100MG7W,NR,3450,3450,290,25,25.0,105.0,0.0,X,30,200,-30.0425,-51.17972,6a8c15f8141cc332,TELEFONICA BRASIL S.A.
1008990385,100MG7W,NR,3450,3450,30,23.5,25.0,65.0,0.0,X,40,200,-30.04528,-51.19389,6a8c15f8141cc333,TELEFONICA BRASIL S.A.
1008990385,100MG7W,NR,3450,3450,130,23.5,25.0,65.0,0.0,X,40,200,-30.04528,-51.19389,6a8c15f8141cc334,TELEFONICA BRASIL S.A.
1008990385,100MG7W,NR,3450,3450,240,23.5,25.0,65.0,0.0,X,40,200,-30.04528,-51.19389,6a8c15f8141cc335,TELEFONICA BRASIL S.A.
698718097,100MG7W,NR,3450,3450,100,25,25.0,105.0,0.0,X,56,200,-30.01528,-51.16833,6a8c15f8141cc336,TELEFONICA BRASIL S.A.
698718097,100MG7W,NR,3450,3450,360,25,25.0,105.0,0.0,X,56,200,-30.01528,-51.16833,6a8c15f8141cc337,TELEFONICA BRASIL S.A.
698718097,100MG7W,NR,3450,3450,250,25,25.0,105.0,0.0,X,56,200,-30.01528,-51.16833,6a8c15f8141cc338,TELEFONICA BRASIL S.A.
1012964725,100MG7W,NR,3450,3450,340,25,25.0,105.0,0.0,X,28,200,-30.061919,-51.170089,6a8c15f8141cc339,TELEFONICA BRASIL S.A.
1012964725,100MG7W,NR,3450,3450,110,25,25.0,105.0,0.0,X,28,200,-30.061919,-51.170089,6a8c15f8141cc33a,TELEFONICA BRASIL S.A.
1012964725,100MG7W,NR,3450,3450,200,25,25.0,105.0,0.0,X,28,200,-30.061919,-51.170089,6a8c15f8141cc33b,TELEFONICA BRASIL S.A.
1014770928,100MG7W,NR,3450,3450,20,25,25.0,105.0,0.0,X,30,200,-30.017619,-51.198389,0f1845f8196c7cd9,TELEFONICA BRASIL S.A.
1014770928,100MG7W,NR,3450,3450,110,25,25.0,105.0,0.0,X,30,200,-30.017619,-51.198389,0f1845f8196c7cda,TELEFONICA BRASIL S.A.
1014770928,100MG7W,NR,3450,3450,240,25,25.0,105.0,0.0,X,30,200,-30.017619,-51.198389,0f1845f8196c7cdb,TELEFONICA BRASIL S.A.
683823191,100MG7W,NR,3450,3450,270,25,25.0,105.0,0.0,X,35,200,-30.02972,-51.1875,200875f804c971d4,TELEFONICA BRASIL S.A.
683823191,100MG7W,NR,3450,3450,330,25,25.0,105.0,0.0,X,35,200,-30.02972,-51.1875,200875f804c971d5,TELEFONICA BRASIL S.A.
683823191,100MG7W,NR,3450,3450,160,25,25.0,105.0,0.0,X,35,200,-30.02972,-51.1875,200875f804c971d6,TELEFONICA BRASIL S.A.
436298309,100MG7W,NR,3450,3450,120,25,25.0,105.0,0.0,X,21,200,-30.03611,-51.19056,0e8a85f80122dfc3,TELEFONICA BRASIL S.A.
5185394,100MG7W,NR,3450,3450,20,25,25.0,105.0,0.0,X,31,200,-30.06472,-51.21139,0e8a85f80122dfc7,TELEFONICA BRASIL S.A.
5185394,100MG7W,NR,3450,3450,220,25,25.0,105.0,0.0,X,31,200,-30.06472,-51.21139,0e8a85f80122dfc8,TELEFONICA BRASIL S.A.
563110,100MG7W,NR,3450,3450,150,25,25.0,105.0,0.0,X,37.5,200,-30.05733,-51.22317,0e8a85f80122dfc9,TELEFONICA BRASIL S.A.
5186331,100MG7W,NR,3450,3450,120,25,25.0,105.0,0.0,X,62,200,-30.045,-51.22917,0e8a85f80122dfcc,TELEFONICA BRASIL S.A.
3770125,100MG7W,NR,3450,3450,310,25,25.0,105.0,0.0,X,30,200,-30.03028,-51.20194,0e8a85f80122dfcd,TELEFONICA BRASIL S.A.
3770125,100MG7W,NR,3450,3450,190,25,25.0,105.0,0.0,X,30,200,-30.03028,-51.20194,0e8a85f80122dfce,TELEFONICA BRASIL S.A.
699802393,100MG7W,NR,3450,3450,100,25,25.0,105.0,0.0,X,27,200,-30.05833,-51.21556,0e8a85f80122dfcf,TELEFONICA BRASIL S.A.
5185262,100MG7W,NR,3450,3450,150,25,25.0,105.0,0.0,X,35.5,200,-30.09949,-51.25394,0e8a85f80122dfd2,TELEFONICA BRASIL S.A.
699873843,100MG7W,NR,3450,3450,100,25,25.0,10.5,0.0,X,28,200,-30.06961,-51.21301,18e685f8293a0fca,TELEFONICA BRASIL S.A.
699873843,100MG7W,NR,3450,3450,240,25,25.0,10.5,0.0,X,28,200,-30.06961,-51.21301,18e685f8293a0fcb,TELEFONICA BRASIL S.A.
699873843,100MG7W,NR,3450,3450,330,25,25.0,10.5,0.0,X,28,200,-30.06961,-51.21301,18e685f8293a0fcc,TELEFONICA BRASIL S.A.
1000731917,100MG7W,NR,3450,3450,350,25,25.0,105.0,0.0,X,34,200,-30.04361,-51.22556,7d29c5f804d10409,TELEFONICA BRASIL S.A.
1000731917,100MG7W,NR,3450,3450,90,25,25.0,105.0,0.0,X,34,200,-30.04361,-51.22556,7d29c5f804d1040a,TELEFONICA BRASIL S.A.
1000731917,100MG7W,NR,3450,3450,220,25,25.0,105.0,0.0,X,34,200,-30.04361,-51.22556,7d29c5f804d1040b,TELEFONICA BRASIL S.A.
1000731984,100MG7W,NR,3450,3450,360,12.8,30.0,68.0,0.0,X,34,200,-30.03708,-51.19685,2a97d5f8040276b1,TELEFONICA BRASIL S.A.
1000731984,100MG7W,NR,3450,3450,230,12.8,30.0,68.0,-2.0,X,34,200,-30.03708,-51.19685,2a97d5f8040276b2,TELEFONICA BRASIL S.A.
1000731984,100MG7W,NR,3450,3450,120,12.8,30.0,68.0,-6.0,X,34,200,-30.03708,-51.19685,2a97d5f8040276b3,TELEFONICA BRASIL S.A.
1014462417,100MG7W,NR,3450,3450,1,0,0.0,0.0,0.0,X,3,31.62,-29.9904,-51.1751,140be5f802b7e7d2,TELEFONICA BRASIL S.A.
1014462417,100MG7W,NR,3450,3450,2,0,0.0,0.0,0.0,X,3,31.62,-29.9904,-51.1751,140be5f802b7e7d3,TELEFONICA BRASIL S.A.
1014462417,100MG7W,NR,3450,3450,3,0,0.0,0.0,0.0,X,3,31.62,-29.9904,-51.1751,140be5f802b7e7d4,TELEFONICA BRASIL S.A.
3769933,100MG7W,NR,3450,3450,340,25,25.0,65.0,0.0,X,33,200,-30.04,-51.16306,b470e5f801e283d4,TELEFONICA BRASIL S.A.
3769933,100MG7W,NR,3450,3450,90,25,25.0,65.0,0.0,X,33,200,-30.04,-51.16306,b470e5f801e283d5,TELEFONICA BRASIL S.A.
3769933,100MG7W,NR,3450,3450,230,25,25.0,65.0,0.0,X,33,200,-30.04,-51.16306,b470e5f801e283d6,TELEFONICA BRASIL S.A.
5186366,100MG7W,NR,3450,3450,350,25,25.0,65.0,0.0,X,30,200,-30.03361,-51.22222,b470e5f801e2841f,TELEFONICA BRASIL S.A.
5186366,100MG7W,NR,3450,3450,120,25,25.0,65.0,0.0,X,30,200,-30.03361,-51.22222,b470e5f801e28420,TELEFONICA BRASIL S.A.
5186366,100MG7W,NR,3450,3450,250,25,25.0,65.0,0.0,X,30,200,-30.03361,-51.22222,b470e5f801e28421,TELEFONICA BRASIL S.A.
403010519,100MG7W,NR,3450,3450,0,25,25.0,65.0,0.0,X,30,200,-30.07333,-51.195,b470e5f801e284c7,TELEFONICA BRASIL S.A.
403010519,100MG7W,NR,3450,3450,120,25,25.0,65.0,0.0,X,30,200,-30.07333,-51.195,b470e5f801e284c8,TELEFONICA BRASIL S.A.
403010519,100MG7W,NR,3450,3450,250,25,25.0,65.0,0.0,X,30,200,-30.07333,-51.195,b470e5f801e284c9,TELEFONICA BRASIL S.A.
436303531,100MG7W,NR,3450,3450,50,25,25.0,65.0,0.0,X,35,200,-30.05306,-51.20139,b470e5f801e28567,TELEFONICA BRASIL S.A.
436303531,100MG7W,NR,3450,3450,120,25,25.0,65.0,0.0,X,35,200,-30.05306,-51.20139,b470e5f801e28568,TELEFONICA BRASIL S.A.
436303531,100MG7W,NR,3450,3450,280,25,25.0,65.0,0.0,X,35,200,-30.05306,-51.20139,b470e5f801e28569,TELEFONICA BRASIL S.A.
441529810,100MG7W,NR,3450,3450,20,25,25.0,65.0,0.0,X,33,31.62,-29.99889,-51.18972,b470e5f801e285b2,TELEFONICA BRASIL S.A.
441529810,100MG7W,NR,3450,3450,120,25,25.0,65.0,0.0,X,33,31.62,-29.99889,-51.18972,b470e5f801e285b3,TELEFONICA BRASIL S.A.
441529810,100MG7W,NR,3450,3450,270,25,25.0,65.0,0.0,X,33,31.62,-29.99889,-51.18972,b470e5f801e285b4,TELEFONICA BRASIL S.A.
684182351,100MG7W,NR,3450,3450,0,25,25.0,65.0,0.0,X,41,200,-30.06194,-51.22833,b470e5f801e286a4,TELEFONICA BRASIL S.A.
684182351,100MG7W,NR,3450,3450,120,25,25.0,65.0,0.0,X,41,200,-30.06194,-51.22833,b470e5f801e286a5,TELEFONICA BRASIL S.A.
684182351,100MG7W,NR,3450,3450,240,25,25.0,65.0,0.0,X,41,200,-30.06194,-51.22833,b470e5f801e286a6,TELEFONICA BRASIL S.A.
697673693,100MG7W,NR,3450,3450,340,25,25.0,65.0,0.0,X,32,200,-30.07528,-51.20889,b470e5f801e28752,TELEFONICA BRASIL S.A.
697673693,100MG7W,NR,3450,3450,110,25,25.0,65.0,0.0,X,32,200,-30.07528,-51.20889,b470e5f801e28753,TELEFONICA BRASIL S.A.
697673693,100MG7W,NR,3450,3450,180,25,25.0,65.0,0.0,X,32,200,-30.07528,-51.20889,b470e5f801e28754,TELEFONICA BRASIL S.A.
699802369,100MG7W,NR,3450,3450,340,25,25.0,65.0,0.0,X,29,200,-30.06278,-51.20556,b470e5f801e2878e,TELEFONICA BRASIL S.A.
699802369,100MG7W,NR,3450,3450,130,25,25.0,65.0,0.0,X,29,200,-30.06278,-51.20556,b470e5f801e2878f,TELEFONICA BRASIL S.A.
699802369,100MG7W,NR,3450,3450,230,25,25.0,65.0,0.0,X,29,200,-30.06278,-51.20556,b470e5f801e28790,TELEFONICA BRASIL S.A.
699873924,100MG7W,NR,3450,3450,320,25,25.0,65.0,0.0,X,33,200,-30.05472,-51.20694,b470e5f801e287a6,TELEFONICA BRASIL S.A.
699873924,100MG7W,NR,3450,3450,90,25,25.0,65.0,0.0,X,33,200,-30.05472,-51.20694,b470e5f801e287a7,TELEFONICA BRASIL S.A.
699873924,100MG7W,NR,3450,3450,210,25,25.0,65.0,0.0,X,33,200,-30.05472,-51.20694,b470e5f801e287a8,TELEFONICA BRASIL S.A.
1011695879,100MG7W,NR,3450,3450,40,25,25.0,105.0,0.0,X,30,200,-30.05644,-51.16765,b470e5f801e287b2,TELEFONICA BRASIL S.A.
1011695879,100MG7W,NR,3450,3450,170,25,25.0,105.0,0.0,X,30,200,-30.05644,-51.16765,b470e5f801e287b3,TELEFONICA BRASIL S.A.
1011695879,100MG7W,NR,3450,3450,260,25,25.0,105.0,0.0,X,30,200,-30.05644,-51.16765,b470e5f801e287b4,TELEFONICA BRASIL S.A.
1015831793,100MG7W,NR,3450,3450,330,25,25.0,65.0,4.0,X,32,200,-30.028,-51.1684,3856e5f885b7269a,TELEFONICA BRASIL S.A.
1015831793,100MG7W,NR,3450,3450,100,25,25.0,65.0,2.0,X,32,200,-30.028,-51.1684,3856e5f885b7269b,TELEFONICA BRASIL S.A.
1015831793,100MG7W,NR,3450,3450,230,25,25.0,65.0,4.0,X,32,200,-30.028,-51.1684,3856e5f885b7269c,TELEFONICA BRASIL S.A.
3770001,100MG7W,NR,3450,3450,340,25,25.0,105.0,0.0,X,36,200,-30.00972,-51.15139,9f1336483a896296,TELEFONICA BRASIL S.A.
3770001,100MG7W,NR,3450,3450,120,25,25.0,105.0,0.0,X,36,200,-30.00972,-51.15139,9f1336483a896297,TELEFONICA BRASIL S.A.
3770001,100MG7W,NR,3450,3450,220,25,25.0,105.0,0.0,X,36,200,-30.00972,-51.15139,9f1336483a896298,TELEFONICA BRASIL S.A.
5185408,100MG7W,NR,3450,3450,0,25,25.0,105.0,0.0,X,31,200,-30.08972,-51.23472,9f1336483a89629c,TELEFONICA BRASIL S.A.
5185408,100MG7W,NR,3450,3450,120,25,25.0,105.0,0.0,X,31,200,-30.08972,-51.23472,9f1336483a89629d,TELEFONICA BRASIL S.A.
5185408,100MG7W,NR,3450,3450,240,25,25.0,105.0,0.0,X,31,200,-30.08972,-51.23472,9f1336483a89629e,TELEFONICA BRASIL S.A.
441094961,100MG7W,NR,3450,3450,345,25,25.0,105.0,0.0,X,30,200,-30.07917,-51.23972,9f1336483a8962a8,TELEFONICA BRASIL S.A.
441094961,100MG7W,NR,3450,3450,120,25,25.0,105.0,0.0,X,30,200,-30.07917,-51.23972,9f1336483a8962a9,TELEFONICA BRASIL S.A.
441094961,100MG7W,NR,3450,3450,250,25,25.0,105.0,0.0,X,30,200,-30.07917,-51.23972,9f1336483a8962aa,TELEFONICA BRASIL S.A.
699802288,100MG7W,NR,3450,3450,10,25,25.0,105.0,0.0,X,33,200,-30.01,-51.20389,9f1336483a8962c3,TELEFONICA BRASIL S.A.
699802288,100MG7W,NR,3450,3450,140,25,25.0,105.0,0.0,X,33,200,-30.01,-51.20389,9f1336483a8962c4,TELEFONICA BRASIL S.A.
699802288,100MG7W,NR,3450,3450,260,25,25.0,105.0,0.0,X,33,200,-30.01,-51.20389,9f1336483a8962c5,TELEFONICA BRASIL S.A.
1007047795,100MG7W,NR,3450,3450,330,25,25.0,105.0,0.0,X,40,200,-30.11421,-51.24398,9f1336483a8962d2,TELEFONICA BRASIL S.A.
1007047795,100MG7W,NR,3450,3450,70,25,25.0,105.0,0.0,X,40,200,-30.11421,-51.24398,9f1336483a8962d3,TELEFONICA BRASIL S.A.
1007047795,100MG7W,NR,3450,3450,230,25,25.0,105.0,0.0,X,40,200,-30.11421,-51.24398,9f1336483a8962d4,TELEFONICA BRASIL S.A.
1010832228,100MG7W,NR,3450,3450,60,25,25.0,105.0,0.0,X,40,200,-30.1564,-51.1719,9f1336483a8962d8,TELEFONICA BRASIL S.A.
1010832228,100MG7W,NR,3450,3450,160,25,25.0,105.0,0.0,X,40,200,-30.1564,-51.1719,9f1336483a8962d9,TELEFONICA BRASIL S.A.
1010832228,100MG7W,NR,3450,3450,240,25,25.0,105.0,0.0,X,40,200,-30.1564,-51.1719,9f1336483a8962da,TELEFONICA BRASIL S.A.
1012018366,100MG7W,NR,3450,3450,340,25,25.0,105.0,0.0,X,24.8,200,-30.098333,-51.238,9f1336483a8962db,TELEFONICA BRASIL S.A.
1012018366,100MG7W,NR,3450,3450,140,25,25.0,105.0,0.0,X,24.8,200,-30.098333,-51.238,9f1336483a8962dc,TELEFONICA BRASIL S.A.
1012018366,100MG7W,NR,3450,3450,240,25,25.0,105.0,0.0,X,24.8,200,-30.098333,-51.238,9f1336483a8962dd,TELEFONICA BRASIL S.A.
1015960739,100MG7W,NR,3450,3450,1,0,0.0,0.0,0.0,X,4,200,-30.0549,-51.18692,d3970ae8051230e6,TELEFONICA BRASIL S.A.
3770001,100MG7W,NR,3450,3450,340,25,25.0,105.0,0.0,X,36,200,-30.00972,-51.15139,05e90ae8032743ca,TELEFONICA BRASIL S.A.
3770001,100MG7W,NR,3450,3450,120,25,25.0,105.0,0.0,X,36,200,-30.00972,-51.15139,05e90ae8032743cb,TELEFONICA BRASIL S.A.
3770001,100MG7W,NR,3450,3450,220,25,25.0,105.0,0.0,X,36,200,-30.00972,-51.15139,05e90ae8032743cc,TELEFONICA BRASIL S.A.
5185408,100MG7W,NR,3450,3450,0,25,25.0,105.0,0.0,X,31,200,-30.08972,-51.23472,05e90ae8032743d0,TELEFONICA BRASIL S.A.
5185408,100MG7W,NR,3450,3450,120,25,25.0,105.0,0.0,X,31,200,-30.08972,-51.23472,05e90ae8032743d1,TELEFONICA BRASIL S.A.
5185408,100MG7W,NR,3450,3450,240,25,25.0,105.0,0.0,X,31,200,-30.08972,-51.23472,05e90ae8032743d2,TELEFONICA BRASIL S.A.
441094961,100MG7W,NR,3450,3450,345,25,25.0,105.0,0.0,X,30,200,-30.07917,-51.23972,05e90ae8032743dc,TELEFONICA BRASIL S.A.
441094961,100MG7W,NR,3450,3450,120,25,25.0,105.0,0.0,X,30,200,-30.07917,-51.23972,05e90ae8032743dd,TELEFONICA BRASIL S.A.
441094961,100MG7W,NR,3450,3450,250,25,25.0,105.0,0.0,X,30,200,-30.07917,-51.23972,05e90ae8032743de,TELEFONICA BRASIL S.A.
699802288,100MG7W,NR,3450,3450,10,25,25.0,105.0,0.0,X,33,200,-30.01,-51.20389,05e90ae8032743f4,TELEFONICA BRASIL S.A.
699802288,100MG7W,NR,3450,3450,140,25,25.0,105.0,0.0,X,33,200,-30.01,-51.20389,05e90ae8032743f5,TELEFONICA BRASIL S.A.
699802288,100MG7W,NR,3450,3450,260,25,25.0,105.0,0.0,X,33,200,-30.01,-51.20389,05e90ae8032743f6,TELEFONICA BRASIL S.A.
699873894,100MG7W,NR,3450,3450,30,25,25.0,105.0,0.0,X,12,31.62,-30.00083,-51.15972,05e90ae8032743f7,TELEFONICA BRASIL S.A.
699873894,100MG7W,NR,3450,3450,140,25,25.0,105.0,0.0,X,12,31.62,-30.00083,-51.15972,05e90ae8032743f8,TELEFONICA BRASIL S.A.
699873894,100MG7W,NR,3450,3450,240,25,25.0,105.0,0.0,X,12,31.62,-30.00083,-51.15972,05e90ae8032743f9,TELEFONICA BRASIL S.A.
1007047795,100MG7W,NR,3450,3450,330,25,25.0,105.0,0.0,X,40,200,-30.11306,-51.24417,05e90ae803274403,TELEFONICA BRASIL S.A.
1007047795,100MG7W,NR,3450,3450,70,25,25.0,105.0,0.0,X,40,200,-30.11306,-51.24417,05e90ae803274404,TELEFONICA BRASIL S.A.
1007047795,100MG7W,NR,3450,3450,230,25,25.0,105.0,0.0,X,40,200,-30.11306,-51.24417,05e90ae803274405,TELEFONICA BRASIL S.A.
1010210065,100MG7W,NR,3450,3450,340,25,25.0,105.0,0.0,X,30,200,-30.06556,-51.14694,05e90ae803274409,TELEFONICA BRASIL S.A.
1010210065,100MG7W,NR,3450,3450,130,25,25.0,105.0,0.0,X,30,200,-30.06556,-51.14694,05e90ae80327440a,TELEFONICA BRASIL S.A.
1010210065,100MG7W,NR,3450,3450,220,25,25.0,105.0,0.0,X,30,200,-30.06556,-51.14694,05e90ae80327440b,TELEFONICA BRASIL S.A.
1010832228,100MG7W,NR,3450,3450,60,25,25.0,105.0,0.0,X,40,200,-30.1564,-51.1719,05e90ae80327440c,TELEFONICA BRASIL S.A.
1010832228,100MG7W,NR,3450,3450,160,25,25.0,105.0,0.0,X,40,200,-30.1564,-51.1719,05e90ae80327440d,TELEFONICA BRASIL S.A.
1010832228,100MG7W,NR,3450,3450,240,25,25.0,105.0,0.0,X,40,200,-30.1564,-51.1719,05e90ae80327440e,TELEFONICA BRASIL S.A.
1012018366,100MG7W,NR,3450,3450,340,25,25.0,105.0,0.0,X,24.8,200,-30.098333,-51.238,05e90ae80327440f,TELEFONICA BRASIL S.A.
1012018366,100MG7W,NR,3450,3450,140,25,25.0,105.0,0.0,X,24.8,200,-30.098333,-51.238,05e90ae803274410,TELEFONICA BRASIL S.A.
1012018366,100MG7W,NR,3450,3450,240,25,25.0,105.0,0.0,X,24.8,200,-30.098333,-51.238,05e90ae803274411,TELEFONICA BRASIL S.A.
1016071830,100MG7W,NR,3450,3450,30,25,25.0,105.0,0.0,X,28,200,-30.0204,-51.162419,162b0ae801e75c76,TELEFONICA BRASIL S.A.
1016071830,100MG7W,NR,3450,3450,110,25,25.0,105.0,0.0,X,28,200,-30.0204,-51.162419,162b0ae801e75c77,TELEFONICA BRASIL S.A.
1016071830,100MG7W,NR,3450,3450,270,25,25.0,105.0,0.0,X,28,200,-30.0204,-51.162419,162b0ae801e75c78,TELEFONICA BRASIL S.A.
1014118341,100MG7W,NR,3450,3450,340,25,25.0,105.0,0.0,X,30,200,-30.04003056,-51.18683056,162b0ae801e75c79,TELEFONICA BRASIL S.A.
1014118341,100MG7W,NR,3450,3450,110,25,25.0,105.0,0.0,X,30,200,-30.04003056,-51.18683056,162b0ae801e75c7a,TELEFONICA BRASIL S.A.
1014118341,100MG7W,NR,3450,3450,240,25,25.0,105.0,0.0,X,30,200,-30.04003056,-51.18683056,162b0ae801e75c7b,TELEFONICA BRASIL S.A.
699802458,100MG7W,NR,3450,3450,280,25,25.0,105.0,0.0,X,43,200,-30.04139,-51.21111,162b0ae801e75c85,TELEFONICA BRASIL S.A.
699802458,100MG7W,NR,3450,3450,15,25,25.0,105.0,0.0,X,43,200,-30.04139,-51.21111,162b0ae801e75c86,TELEFONICA BRASIL S.A.
699802458,100MG7W,NR,3450,3450,155,25,25.0,105.0,0.0,X,43,200,-30.04139,-51.21111,162b0ae801e75c87,TELEFONICA BRASIL S.A.
1012964660,100MG7W,NR,3450,3450,30,25,23.0,60.0,0.0,X,45,200,-30.08192,-51.22941,d9803ae803801ee1,TELEFONICA BRASIL S.A.
1012964660,100MG7W,NR,3450,3450,140,25,23.0,60.0,0.0,X,45,200,-30.08192,-51.22941,d9803ae803801ee2,TELEFONICA BRASIL S.A.
1012964660,100MG7W,NR,3450,3450,250,25,23.0,60.0,0.0,X,45,200,-30.08192,-51.22941,d9803ae803801ee3,TELEFONICA BRASIL S.A.
5185297,100MG7W,NR,3450,3450,10,25,23.0,60.0,0.0,X,35,200,-30.15743,-51.14545,816a3af803c67ba8,TELEFONICA BRASIL S.A.
5185297,100MG7W,NR,3450,3450,120,25,23.0,60.0,0.0,X,35,200,-30.15743,-51.14545,816a3af803c67ba9,TELEFONICA BRASIL S.A.
5185297,100MG7W,NR,3450,3450,270,25,23.0,60.0,0.0,X,35,200,-30.15743,-51.14545,816a3af803c67baa,TELEFONICA BRASIL S.A.
436297370,100MG7W,NR,3450,3450,90,25,23.0,60.0,0.0,X,25,200,-30.06251,-51.17603,816a3af803c67e98,TELEFONICA BRASIL S.A.
436297370,100MG7W,NR,3450,3450,190,25,23.0,60.0,0.0,X,25,200,-30.06251,-51.17603,816a3af803c67e99,TELEFONICA BRASIL S.A.
436297370,100MG7W,NR,3450,3450,340,25,23.0,60.0,0.0,X,25,200,-30.06251,-51.17603,816a3af803c67e9a,TELEFONICA BRASIL S.A.
436297396,100MG7W,NR,3450,3450,0,16.8,23.8,65.0,0.0,X,20,200,-30.01049,-51.14429,816a3af803c67ebf,TELEFONICA BRASIL S.A.
436297396,100MG7W,NR,3450,3450,120,16.8,23.8,65.0,0.0,X,20,200,-30.01049,-51.14429,816a3af803c67ec0,TELEFONICA BRASIL S.A.
436297396,100MG7W,NR,3450,3450,220,16.8,23.8,65.0,0.0,X,20,200,-30.01049,-51.14429,816a3af803c67ec1,TELEFONICA BRASIL S.A.
1000964970,100MG7W,NR,3450,3450,30,16.8,23.8,65.0,0.0,X,19,200,-30.11397,-51.25514,62cb6ae802a86e1e,TELEFONICA BRASIL S.A.
1000964970,100MG7W,NR,3450,3450,150,16.8,23.8,65.0,0.0,X,19,200,-30.11397,-51.25514,62cb6ae802a86e1f,TELEFONICA BRASIL S.A.
1000964970,100MG7W,NR,3450,3450,270,16.8,23.8,65.0,-8.0,X,19,200,-30.11397,-51.25514,62cb6ae802a86e20,TELEFONICA BRASIL S.A.
3770001,100MG7W,NR,3450,3450,340,23.8,0.0,65.0,6.5,X,36,200,-30.00972,-51.15139,9f9d6ae801e36fb7,TELEFONICA BRASIL S.A.
3770001,100MG7W,NR,3450,3450,120,23.8,0.0,65.0,6.5,X,36,200,-30.00972,-51.15139,9f9d6ae801e36fb8,TELEFONICA BRASIL S.A.
3770001,100MG7W,NR,3450,3450,220,23.8,0.0,65.0,6.5,X,36,200,-30.00972,-51.15139,9f9d6ae801e36fb9,TELEFONICA BRASIL S.A.
5185408,100MG7W,NR,3450,3450,0,23.8,0.0,65.0,6.5,X,31,200,-30.08972,-51.23472,9f9d6ae801e36fc6,TELEFONICA BRASIL S.A.
5185408,100MG7W,NR,3450,3450,120,23.8,0.0,65.0,6.5,X,31,200,-30.08972,-51.23472,9f9d6ae801e36fc7,TELEFONICA BRASIL S.A.
5185408,100MG7W,NR,3450,3450,240,23.8,0.0,65.0,6.5,X,31,200,-30.08972,-51.23472,9f9d6ae801e36fc8,TELEFONICA BRASIL S.A.
441094961,100MG7W,NR,3450,3450,345,25,25.0,105.0,0.0,X,30,200,-30.07917,-51.23972,9f9d6ae801e36ff9,TELEFONICA BRASIL S.A.
441094961,100MG7W,NR,3450,3450,120,25,25.0,105.0,0.0,X,30,200,-30.07917,-51.23972,9f9d6ae801e36ffa,TELEFONICA BRASIL S.A.
441094961,100MG7W,NR,3450,3450,250,25,25.0,105.0,0.0,X,30,200,-30.07917,-51.23972,9f9d6ae801e36ffb,TELEFONICA BRASIL S.A.
441510531,100MG7W,NR,3450,3450,330,23.8,0.0,65.0,6.5,X,28,200,-30.04333,-51.195,9f9d6ae801e36ffc,TELEFONICA BRASIL S.A.
441510531,100MG7W,NR,3450,3450,100,23.8,0.0,65.0,6.5,X,28,200,-30.04333,-51.195,9f9d6ae801e36ffd,TELEFONICA BRASIL S.A.
441510531,100MG7W,NR,3450,3450,220,23.8,0.0,65.0,6.5,X,28,200,-30.04333,-51.195,9f9d6ae801e36ffe,TELEFONICA BRASIL S.A.
699802288,100MG7W,NR,3450,3450,10,25,25.0,105.0,0.0,X,33,200,-30.01,-51.20389,9f9d6ae801e370a1,TELEFONICA BRASIL S.A.
699802288,100MG7W,NR,3450,3450,140,25,25.0,105.0,0.0,X,33,200,-30.01,-51.20389,9f9d6ae801e370a2,TELEFONICA BRASIL S.A.
699802288,100MG7W,NR,3450,3450,260,25,25.0,105.0,0.0,X,33,200,-30.01,-51.20389,9f9d6ae801e370a3,TELEFONICA BRASIL S.A.
699873894,100MG7W,NR,3450,3450,30,25,25.0,105.0,0.0,X,12,"31,62",-30.00083,-51.15972,9f9d6ae801e370aa,TELEFONICA BRASIL S.A.
699873894,100MG7W,NR,3450,3450,140,25,25.0,105.0,0.0,X,12,"31,62",-30.00083,-51.15972,9f9d6ae801e370ab,TELEFONICA BRASIL S.A.
699873894,100MG7W,NR,3450,3450,240,25,25.0,105.0,0.0,X,12,"31,62",-30.00083,-51.15972,9f9d6ae801e370ac,TELEFONICA BRASIL S.A.
699873967,100MG7W,NR,3450,3450,10,23.8,0.0,65.0,6.5,X,20,200,-30.10333,-51.24611,9f9d6ae801e370ad,TELEFONICA BRASIL S.A.
699873967,100MG7W,NR,3450,3450,100,23.8,0.0,65.0,6.5,X,20,200,-30.10333,-51.24611,9f9d6ae801e370ae,TELEFONICA BRASIL S.A.
699873967,100MG7W,NR,3450,3450,260,23.8,0.0,65.0,6.5,X,20,200,-30.10333,-51.24611,9f9d6ae801e370af,TELEFONICA BRASIL S.A.
1007047795,100MG7W,NR,3450,3450,330,25,25.0,105.0,0.0,X,40,200,-30.11421,-51.24398,9f9d6ae801e370d9,TELEFONICA BRASIL S.A.
1007047795,100MG7W,NR,3450,3450,70,25,25.0,105.0,0.0,X,40,200,-30.11421,-51.24398,9f9d6ae801e370da,TELEFONICA BRASIL S.A.
1007047795,100MG7W,NR,3450,3450,230,25,25.0,105.0,0.0,X,40,200,-30.11421,-51.24398,9f9d6ae801e370db,TELEFONICA BRASIL S.A.
1010210065,100MG7W,NR,3450,3450,340,25,25.0,105.0,0.0,X,30,200,-30.06556,-51.14694,9f9d6ae801e370fa,TELEFONICA BRASIL S.A.
1010210065,100MG7W,NR,3450,3450,130,25,25.0,105.0,0.0,X,30,200,-30.06556,-51.14694,9f9d6ae801e370fb,TELEFONICA BRASIL S.A.
1010210065,100MG7W,NR,3450,3450,220,25,25.0,105.0,0.0,X,30,200,-30.06556,-51.14694,9f9d6ae801e370fc,TELEFONICA BRASIL S.A.
1010832228,100MG7W,NR,3450,3450,60,25,25.0,105.0,0.0,X,40,200,-30.1564,-51.1719,9f9d6ae801e370fd,TELEFONICA BRASIL S.A.
1010832228,100MG7W,NR,3450,3450,160,25,25.0,105.0,0.0,X,40,200,-30.1564,-51.1719,9f9d6ae801e370fe,TELEFONICA BRASIL S.A.
1010832228,100MG7W,NR,3450,3450,240,25,25.0,105.0,0.0,X,40,200,-30.1564,-51.1719,9f9d6ae801e370ff,TELEFONICA BRASIL S.A.
1012018366,100MG7W,NR,3450,3450,340,25,25.0,105.0,0.0,X,24.8,200,-30.098333,-51.238,9f9d6ae801e3710f,TELEFONICA BRASIL S.A.
1012018366,100MG7W,NR,3450,3450,140,25,25.0,105.0,0.0,X,24.8,200,-30.098333,-51.238,9f9d6ae801e37110,TELEFONICA BRASIL S.A.
1012018366,100MG7W,NR,3450,3450,240,25,25.0,105.0,0.0,X,24.8,200,-30.098333,-51.238,9f9d6ae801e37111,TELEFONICA BRASIL S.A.
699802326,100MG7W,NR,3450,3450,50,16.8,23.8,65.0,0.0,X,16,31.62,-30.00216,-51.14412,816a3af803e77b8b,TELEFONICA BRASIL S.A.
699802326,100MG7W,NR,3450,3450,170,16.8,23.8,65.0,0.0,X,16,31.62,-30.00216,-51.14412,816a3af803e77b8c,TELEFONICA BRASIL S.A.
699802326,100MG7W,NR,3450,3450,260,16.8,23.8,65.0,0.0,X,16,31.62,-30.00216,-51.14412,816a3af803e77b8d,TELEFONICA BRASIL S.A.
1000964970,100MG7W,NR,3450,3450,30,16.8,23.8,65.0,0.0,X,19,200,-30.11397,-51.25514,816a3af803e77d17,TELEFONICA BRASIL S.A.
1000964970,100MG7W,NR,3450,3450,150,16.8,23.8,65.0,0.0,X,19,200,-30.11397,-51.25514,816a3af803e77d18,TELEFONICA BRASIL S.A.
1000964970,100MG7W,NR,3450,3450,270,16.8,23.8,65.0,-8.0,X,19,200,-30.11397,-51.25514,816a3af803e77d19,TELEFONICA BRASIL S.A.
1009651118,100MG7W,NR,3450,3450,60,25,23.0,60.0,0.0,X,27,200,-30.05222,-51.22431,816a3af803e77f73,TELEFONICA BRASIL S.A.
1009651118,100MG7W,NR,3450,3450,180,25,23.0,60.0,0.0,X,27,200,-30.05222,-51.22431,816a3af803e77f74,TELEFONICA BRASIL S.A.
1009651118,100MG7W,NR,3450,3450,320,25,23.0,60.0,0.0,X,27,200,-30.05222,-51.22431,816a3af803e77f75,TELEFONICA BRASIL S.A.
1010247678,100MG7W,NR,3450,3450,60,16.8,23.8,65.0,0.0,X,39,200,-30.10417,-51.1505,816a3af803e77f8e,TELEFONICA BRASIL S.A.
1010247678,100MG7W,NR,3450,3450,200,16.8,23.8,65.0,0.0,X,39,200,-30.10417,-51.1505,816a3af803e77f8f,TELEFONICA BRASIL S.A.
1010247678,100MG7W,NR,3450,3450,330,16.8,23.8,65.0,0.0,X,39,200,-30.10417,-51.1505,816a3af803e77f90,TELEFONICA BRASIL S.A.
1010832236,100MG7W,NR,3450,3450,90,25,23.0,60.0,0.0,X,46.5,200,-29.97929,-51.18963,816a3af803e77fa0,TELEFONICA BRASIL S.A.
1010832236,100MG7W,NR,3450,3450,240,25,23.0,60.0,0.0,X,46.5,200,-29.97929,-51.18963,816a3af803e77fa1,TELEFONICA BRASIL S.A.
1010832236,100MG7W,NR,3450,3450,330,25,23.0,60.0,0.0,X,46.5,200,-29.97929,-51.18963,816a3af803e77fa2,TELEFONICA BRASIL S.A.
1016160582,100MG7W,NR,3450,3450,90,25,23.0,60.0,0.0,X,19.5,200,-30.04243,-51.23304,816a3af803e78530,TELEFONICA BRASIL S.A.
1016160582,100MG7W,NR,3450,3450,180,25,23.0,60.0,0.0,X,19.5,200,-30.04243,-51.23304,816a3af803e78531,TELEFONICA BRASIL S.A.
1016160582,100MG7W,NR,3450,3450,300,25,23.0,60.0,0.0,X,19.5,200,-30.04243,-51.23304,816a3af803e78532,TELEFONICA BRASIL S.A.
1016160590,100MG7W,NR,3450,3450,100,25,23.0,60.0,0.0,X,19.5,31.62,-29.98818,-51.18005,816a3af803e78533,TELEFONICA BRASIL S.A.
1016160590,100MG7W,NR,3450,3450,230,25,23.0,60.0,0.0,X,19.5,31.62,-29.98818,-51.18005,816a3af803e78534,TELEFONICA BRASIL S.A.
1016160590,100MG7W,NR,3450,3450,340,25,23.0,60.0,0.0,X,19.5,31.62,-29.98818,-51.18005,816a3af803e78535,TELEFONICA BRASIL S.A.
1016160604,100MG7W,NR,3450,3450,10,25,23.0,60.0,0.0,X,14.5,200,-30.0639,-51.23201,816a3af803e78536,TELEFONICA BRASIL S.A.
1016160604,100MG7W,NR,3450,3450,250,25,23.0,60.0,0.0,X,14.5,200,-30.0639,-51.23201,816a3af803e78537,TELEFONICA BRASIL S.A.
1016160612,100MG7W,NR,3450,3450,130,25,23.0,60.0,0.0,X,14.5,200,-29.97221,-51.19405,816a3af803e78538,TELEFONICA BRASIL S.A.
1016160612,100MG7W,NR,3450,3450,250,25,23.0,60.0,0.0,X,14.5,200,-29.97221,-51.19405,816a3af803e78539,TELEFONICA BRASIL S.A.
1016160620,100MG7W,NR,3450,3450,10,25,23.0,60.0,0.0,X,22,200,-29.97576,-51.19379,816a3af803e7853a,TELEFONICA BRASIL S.A.
1016160620,100MG7W,NR,3450,3450,280,25,23.0,60.0,0.0,X,22,200,-29.97576,-51.19379,816a3af803e7853b,TELEFONICA BRASIL S.A.
1016160183,100MG7W,NR,3450,3450,30,25,23.0,60.0,0.0,X,28,200,-30.02017,-51.16207,816a3af803e7853c,TELEFONICA BRASIL S.A.
1016160183,100MG7W,NR,3450,3450,110,25,23.0,60.0,0.0,X,28,200,-30.02017,-51.16207,816a3af803e7853d,TELEFONICA BRASIL S.A.
1016160183,100MG7W,NR,3450,3450,270,25,23.0,60.0,0.0,X,28,200,-30.02017,-51.16207,816a3af803e7853e,TELEFONICA BRASIL S.A.
1016160639,100MG7W,NR,3450,3450,60,25,23.0,60.0,0.0,X,16.5,200,-30.02285,-51.1567,816a3af803e78542,TELEFONICA BRASIL S.A.
1016160639,100MG7W,NR,3450,3450,160,25,23.0,60.0,0.0,X,16.5,200,-30.02285,-51.1567,816a3af803e78543,TELEFONICA BRASIL S.A.
1016160639,100MG7W,NR,3450,3450,290,25,23.0,60.0,0.0,X,16.5,200,-30.02285,-51.1567,816a3af803e78544,TELEFONICA BRASIL S.A.
1016160230,100MG7W,NR,3450,3450,30,25,23.0,60.0,0.0,X,47,200,-30.0323,-51.22874,816a3af803e78545,TELEFONICA BRASIL S.A.
1016160230,100MG7W,NR,3450,3450,180,25,23.0,60.0,0.0,X,47,200,-30.0323,-51.22874,816a3af803e78546,TELEFONICA BRASIL S.A.
1016160230,100MG7W,NR,3450,3450,270,25,23.0,60.0,0.0,X,47,200,-30.0323,-51.22874,816a3af803e78547,TELEFONICA BRASIL S.A.
1016160647,100MG7W,NR,3450,3450,60,25,23.0,60.0,0.0,X,18,200,-30.05987,-51.23048,816a3af803e78548,TELEFONICA BRASIL S.A.
1016160647,100MG7W,NR,3450,3450,190,25,23.0,60.0,0.0,X,18,200,-30.05987,-51.23048,816a3af803e78549,TELEFONICA BRASIL S.A.
1016160647,100MG7W,NR,3450,3450,330,25,23.0,60.0,0.0,X,18,200,-30.05987,-51.23048,816a3af803e7854a,TELEFONICA BRASIL S.A.
1011703391,100MG7W,NR,3450,3450,30,16.8,23.8,65.0,0.0,X,32,200,-30.01131,-51.15727,1c113af803390f94,TELEFONICA BRASIL S.A.
1011703391,100MG7W,NR,3450,3450,190,16.8,23.8,65.0,0.0,X,32,200,-30.01131,-51.15727,1c113af803390f95,TELEFONICA BRASIL S.A.
1011703391,100MG7W,NR,3450,3450,300,16.8,23.8,65.0,0.0,X,32,200,-30.01131,-51.15727,1c113af803390f96,TELEFONICA BRASIL S.A.
1009386520,100MG7W,NR,3450,3450,80,16.8,23.8,65.0,0.0,X,19,200,-30.0581,-51.15836,1c113af803390fa3,TELEFONICA BRASIL S.A.
1009386520,100MG7W,NR,3450,3450,170,16.8,23.8,65.0,0.0,X,19,200,-30.0581,-51.15836,1c113af803390fa4,TELEFONICA BRASIL S.A.
1009386520,100MG7W,NR,3450,3450,320,16.8,23.8,65.0,0.0,X,19,200,-30.0581,-51.15836,1c113af803390fa5,TELEFONICA BRASIL S.A.
1000964970,100MG7W,NR,3450,3450,30,16.8,23.8,65.0,0.0,X,19,200,-30.11397,-51.25514,1c113af8033d5a44,TELEFONICA BRASIL S.A.
1000964970,100MG7W,NR,3450,3450,150,16.8,23.8,65.0,0.0,X,19,200,-30.11397,-51.25514,1c113af8033d5a45,TELEFONICA BRASIL S.A.
1000964970,100MG7W,NR,3450,3450,270,16.8,23.8,65.0,-8.0,X,19,200,-30.11397,-51.25514,1c113af8033d5a46,TELEFONICA BRASIL S.A.
