cell_site_id,emission_designation,technology,tx_frequency,rx_frequency,azimuth,antenna_gain,back_front_relation,hpa,mechanical_elevation,polarization,antenna_height,tx_power,latitude,longitude,cell_carrier_id,operator
697742032,100MG7W,NR,3450,3450,65,25.0,25,65.0,0,X,15.5,31.62,-12.914,-38.309164,59a5993dd11df,TELEFONICA BRASIL S.A.
697742032,100MG7W,NR,3450,3450,185,25.0,25,65.0,0,X,15.5,31.62,-12.914,-38.309164,59a5993dd8ae5,TELEFONICA BRASIL S.A.
697742032,100MG7W,NR,3450,3450,305,25.0,25,65.0,0,X,15.5,31.62,-12.914,-38.309164,59a5993de03fd,TELEFONICA BRASIL S.A.
1001009859,100MG7W,NR,3450,3450,80,25.0,25,65.0,0,X,39.0,200.0,-12.949889,-38.351231,59c00a6bf11e4,TELEFONICA BRASIL S.A.
1001009859,100MG7W,NR,3450,3450,200,25.0,25,65.0,0,X,39.0,200.0,-12.949889,-38.351231,59c00a6bf16bb,TELEFONICA BRASIL S.A.
1001009859,100MG7W,NR,3450,3450,340,25.0,25,65.0,0,X,39.0,200.0,-12.949889,-38.351231,59c00a6c1a8d7,TELEFONICA BRASIL S.A.
1003727805,100MG7W,NR,3450,3450,120,25.0,25,65.0,0,X,40.0,200.0,-12.879556,-38.440972,5a688842933e3,TELEFONICA BRASIL S.A.
1003727805,100MG7W,NR,3450,3450,220,25.0,25,65.0,0,X,40.0,200.0,-12.879556,-38.440972,5a68884293ac7,TELEFONICA BRASIL S.A.
1003727805,100MG7W,NR,3450,3450,350,25.0,25,65.0,0,X,40.0,200.0,-12.879556,-38.440972,5a6888429400b,TELEFONICA BRASIL S.A.
1008950731,100MG7W,NR,3450,3450,50,25.0,25,65.0,0,X,21.0,200.0,-12.940089,-38.502467,5f972abb98848,TELEFONICA BRASIL S.A.
1008950731,100MG7W,NR,3450,3450,115,25.0,25,65.0,0,X,21.0,200.0,-12.940089,-38.502467,5f972abb98c69,TELEFONICA BRASIL S.A.
1008950731,100MG7W,NR,3450,3450,350,25.0,25,65.0,0,X,21.0,200.0,-12.940089,-38.502467,5f972abb99148,TELEFONICA BRASIL S.A.
5221676,10M0G7W,NR,788,733,70,17.0,28,63.03,0,X,19.0,40.0,-13.005,-38.45417,da2a8248903158f4,TELEFONICA BRASIL S.A.
5221676,10M0G7W,NR,788,733,270,17.0,28,63.03,0,X,24.0,40.0,-13.005,-38.45417,da2a8248903158f5,TELEFONICA BRASIL S.A.
5221676,10M0G7W,NR,788,733,340,17.0,28,63.03,0,X,27.0,40.0,-13.005,-38.45417,da2a8248903158f6,TELEFONICA BRASIL S.A.
5221803,10M0G7W,NR,788,733,260,17.0,28,63.03,0,X,40.0,40.0,-13.00583,-38.46806,da2a8248903158f7,TELEFONICA BRASIL S.A.
5221803,10M0G7W,NR,788,733,50,17.0,28,63.03,0,X,40.0,40.0,-13.00583,-38.46806,da2a8248903158f8,TELEFONICA BRASIL S.A.
5221803,10M0G7W,NR,788,733,160,17.0,28,63.03,0,X,40.0,40.0,-13.00583,-38.46806,da2a8248903158f9,TELEFONICA BRASIL S.A.
6843042,10M0G7W,NR,788,733,320,17.0,28,63.03,0,X,22.0,40.0,-12.99889,-38.46,da2a8248903158fa,TELEFONICA BRASIL S.A.
6843042,10M0G7W,NR,788,733,220,17.0,28,63.03,0,X,22.0,40.0,-12.99889,-38.46,da2a8248903158fb,TELEFONICA BRASIL S.A.
6843042,10M0G7W,NR,788,733,130,17.0,28,63.03,0,X,22.0,40.0,-12.99889,-38.46,da2a8248903158fc,TELEFONICA BRASIL S.A.
413582787,10M0G7W,NR,788,733,30,17.0,28,63.03,0,X,27.0,40.0,-12.98389,-38.46472,da2a8248903158fd,TELEFONICA BRASIL S.A.
413582787,10M0G7W,NR,788,733,135,17.0,28,63.03,0,X,27.0,40.0,-12.98389,-38.46472,da2a8248903158fe,TELEFONICA BRASIL S.A.
413582787,10M0G7W,NR,788,733,250,17.0,28,63.03,0,X,27.0,40.0,-12.98389,-38.46472,da2a8248903158ff,TELEFONICA BRASIL S.A.
413585964,10M0G7W,NR,788,733,360,17.0,28,63.03,0,X,19.0,40.0,-12.98222,-38.45833,da2a824890315900,TELEFONICA BRASIL S.A.
413585964,10M0G7W,NR,788,733,170,17.0,28,63.03,0,X,19.0,40.0,-12.98222,-38.45833,da2a824890315901,TELEFONICA BRASIL S.A.
413585964,10M0G7W,NR,788,733,260,17.0,28,63.03,0,X,19.0,40.0,-12.98222,-38.45833,da2a824890315902,TELEFONICA BRASIL S.A.
422352640,10M0G7W,NR,788,733,50,17.0,28,66.0,0,X,62.0,40.0,-12.99806,-38.46639,da2a824890315903,TELEFONICA BRASIL S.A.
422352640,10M0G7W,NR,788,733,310,17.0,28,66.0,0,X,52.0,40.0,-12.99806,-38.46639,da2a824890315904,TELEFONICA BRASIL S.A.
422352640,10M0G7W,NR,788,733,200,17.0,28,66.0,0,X,62.0,40.0,-12.99806,-38.46639,da2a824890315905,TELEFONICA BRASIL S.A.
422352780,10M0G7W,NR,788,733,360,17.0,28,66.0,0,X,57.0,40.0,-12.98972,-38.47389,da2a824890315906,TELEFONICA BRASIL S.A.
422352780,10M0G7W,NR,788,733,100,17.0,28,66.0,0,X,57.0,40.0,-12.98972,-38.47389,da2a824890315907,TELEFONICA BRASIL S.A.
422352780,10M0G7W,NR,788,733,190,17.0,28,66.0,0,X,57.0,40.0,-12.98972,-38.47389,da2a824890315908,TELEFONICA BRASIL S.A.
422395447,10M0G7W,NR,788,733,230,17.0,28,63.03,0,X,24.5,40.0,-12.99778,-38.44806,da2a824890315909,TELEFONICA BRASIL S.A.
422395447,10M0G7W,NR,788,733,50,17.0,28,63.03,0,X,24.5,40.0,-12.99778,-38.44806,da2a82489031590a,TELEFONICA BRASIL S.A.
422395447,10M0G7W,NR,788,733,155,17.0,28,63.03,0,X,24.5,40.0,-12.99778,-38.44806,da2a82489031590b,TELEFONICA BRASIL S.A.
436370514,10M0G7W,NR,788,733,50,17.0,28,63.03,0,X,26.0,40.0,-12.98194,-38.45139,da2a82489031590c,TELEFONICA BRASIL S.A.
436370514,10M0G7W,NR,788,733,145,17.0,28,63.03,0,X,26.0,40.0,-12.98194,-38.45139,da2a82489031590d,TELEFONICA BRASIL S.A.
436370514,10M0G7W,NR,788,733,260,17.0,28,63.03,0,X,26.0,40.0,-12.98194,-38.45139,da2a82489031590e,TELEFONICA BRASIL S.A.
442880537,10M0G7W,NR,788,733,220,17.0,28,63.03,0,X,26.0,40.0,-12.99194,-38.46111,da2a82489031590f,TELEFONICA BRASIL S.A.
442880537,10M0G7W,NR,788,733,320,17.0,28,63.03,0,X,26.0,40.0,-12.99194,-38.46111,da2a824890315910,TELEFONICA BRASIL S.A.
442880537,10M0G7W,NR,788,733,130,17.0,28,63.03,0,X,26.0,40.0,-12.99194,-38.46111,da2a824890315911,TELEFONICA BRASIL S.A.
683943685,10M0G7W,NR,788,733,350,17.0,28,63.03,0,X,24.3,40.0,-13.00889,-38.46333,da2a824890315912,TELEFONICA BRASIL S.A.
683943685,10M0G7W,NR,788,733,50,17.0,28,63.03,0,X,24.3,40.0,-13.00889,-38.46333,da2a824890315913,TELEFONICA BRASIL S.A.
683943685,10M0G7W,NR,788,733,250,17.0,28,63.03,0,X,24.3,40.0,-13.00889,-38.46333,da2a824890315914,TELEFONICA BRASIL S.A.
693118245,10M0G7W,NR,788,733,240,17.0,28,63.03,0,X,37.0,40.0,-12.99194,-38.44583,da2a824890315915,TELEFONICA BRASIL S.A.
693118245,10M0G7W,NR,788,733,360,17.0,28,63.03,0,X,37.0,40.0,-12.99194,-38.44583,da2a824890315916,TELEFONICA BRASIL S.A.
693118245,10M0G7W,NR,788,733,100,17.0,28,63.03,0,X,37.0,40.0,-12.99194,-38.44583,da2a824890315917,TELEFONICA BRASIL S.A.
697741613,10M0G7W,NR,788,733,150,17.0,28,63.03,0,X,45.0,40.0,-13.00472,-38.46083,da2a824890315918,TELEFONICA BRASIL S.A.
697741613,10M0G7W,NR,788,733,40,17.0,28,63.03,0,X,45.0,40.0,-13.00472,-38.46083,da2a824890315919,TELEFONICA BRASIL S.A.
697741613,10M0G7W,NR,788,733,280,17.0,28,63.03,0,X,45.0,40.0,-13.00472,-38.46083,da2a82489031591a,TELEFONICA BRASIL S.A.
698280644,10M0G7W,NR,788,733,180,17.0,28,63.03,0,X,46.0,40.0,-12.99194,-38.45556,da2a82489031591b,TELEFONICA BRASIL S.A.
698280644,10M0G7W,NR,788,733,70,17.0,28,63.03,0,X,46.0,40.0,-12.99194,-38.45556,da2a82489031591c,TELEFONICA BRASIL S.A.
698280644,10M0G7W,NR,788,733,330,17.0,28,63.03,0,X,46.0,40.0,-12.99194,-38.45556,da2a82489031591d,TELEFONICA BRASIL S.A.
693116480,10M0G7W,NR,788,733,200,17.5,30,57.0,0,X,63.0,40.0,-13.000039,-38.46417,da2a82489031591e,TELEFONICA BRASIL S.A.
693116480,10M0G7W,NR,788,733,120,17.5,30,57.0,0,X,63.0,40.0,-13.000039,-38.46417,da2a82489031591f,TELEFONICA BRASIL S.A.
693116480,10M0G7W,NR,788,733,300,17.5,30,57.0,0,X,63.0,40.0,-13.000039,-38.46417,da2a824890315920,TELEFONICA BRASIL S.A.
697741877,10M0G7W,NR,788,733,60,17.0,28,66.0,0,X,42.0,40.0,-12.98111,-38.45521,da2a824890315921,TELEFONICA BRASIL S.A.
697741877,10M0G7W,NR,788,733,160,17.0,28,66.0,0,X,42.0,40.0,-12.98111,-38.45521,da2a824890315922,TELEFONICA BRASIL S.A.
697741877,10M0G7W,NR,788,733,310,17.0,28,66.0,0,X,42.0,40.0,-12.98111,-38.45521,da2a824890315923,TELEFONICA BRASIL S.A.
1004007059,10M0G7W,NR,788,733,190,17.5,30,57.0,0,X,19.0,40.0,-12.98139,-38.46056,da2a824890315924,TELEFONICA BRASIL S.A.
1004007059,10M0G7W,NR,788,733,250,17.5,30,57.0,0,X,19.0,40.0,-12.98139,-38.46056,da2a824890315925,TELEFONICA BRASIL S.A.
1004007059,10M0G7W,NR,788,733,50,17.5,30,57.0,0,X,19.0,40.0,-12.98139,-38.46056,da2a824890315926,TELEFONICA BRASIL S.A.
1007510657,10M0G7W,NR,788,733,60,17.5,30,57.0,13,X,31.0,40.0,-12.98667,-38.47222,da2a824890315927,TELEFONICA BRASIL S.A.
1007510657,10M0G7W,NR,788,733,150,17.5,30,57.0,11,X,31.0,40.0,-12.98667,-38.47222,da2a824890315928,TELEFONICA BRASIL S.A.
1007510657,10M0G7W,NR,788,733,300,17.5,30,57.0,14,X,31.0,40.0,-12.98667,-38.47222,da2a824890315929,TELEFONICA BRASIL S.A.
1008950766,10M0G7W,NR,788,733,70,17.5,30,57.0,0,X,3.0,40.0,-12.98556,-38.44889,da2a82489031592a,TELEFONICA BRASIL S.A.
1008950766,10M0G7W,NR,788,733,210,17.5,30,57.0,0,X,3.0,40.0,-12.98556,-38.44889,da2a82489031592b,TELEFONICA BRASIL S.A.
1008950766,10M0G7W,NR,788,733,300,17.5,30,57.0,0,X,3.0,40.0,-12.98556,-38.44889,da2a82489031592c,TELEFONICA BRASIL S.A.
598746765,10M0G7W,NR,788,733,360,17.5,30,57.0,0,X,63.0,40.0,-12.95889,-38.46611,da2a82489031592d,TELEFONICA BRASIL S.A.
598746765,10M0G7W,NR,788,733,100,17.5,30,57.0,0,X,30.0,40.0,-12.95889,-38.46611,da2a82489031592e,TELEFONICA BRASIL S.A.
598746765,10M0G7W,NR,788,733,180,17.5,30,57.0,0,X,48.0,40.0,-12.95889,-38.46611,da2a82489031592f,TELEFONICA BRASIL S.A.
1009497305,10M0G7W,NR,2160,1970,360,17.5,30,57.0,0,X,45.0,40.0,-13.00667,-38.465,e87162a8d6cb5b31,TELEFONICA BRASIL S.A.
1009497305,10M0G7W,NR,2160,1970,90,17.5,30,57.0,0,X,45.0,40.0,-13.00667,-38.465,e87162a8d6cb5b32,TELEFONICA BRASIL S.A.
1009497305,10M0G7W,NR,2160,1970,220,17.5,30,57.0,0,X,45.0,40.0,-13.00667,-38.465,e87162a8d6cb5b33,TELEFONICA BRASIL S.A.
5221722,10M0G7W,NR,2160,1970,20,17.5,30,57.0,0,X,29.0,40.0,-12.99389,-38.48361,fe0ff5f819159961,TELEFONICA BRASIL S.A.
5221722,10M0G7W,NR,2160,1970,140,17.5,30,57.0,0,X,29.0,40.0,-12.99389,-38.48361,fe0ff5f819159962,TELEFONICA BRASIL S.A.
5221722,10M0G7W,NR,2160,1970,230,17.5,30,57.0,0,X,29.0,40.0,-12.99389,-38.48361,fe0ff5f819159963,TELEFONICA BRASIL S.A.
698280644,100MG7W,NR,3450,3450,70,25.0,25,65.0,0,X,17.0,200.0,-12.99194,-38.45556,464af5f847c4c8cc,TELEFONICA BRASIL S.A.
698280644,100MG7W,NR,3450,3450,180,25.0,25,65.0,0,X,17.0,200.0,-12.99194,-38.45556,464af5f847c4c8cd,TELEFONICA BRASIL S.A.
698280644,100MG7W,NR,3450,3450,330,25.0,25,65.0,0,X,17.0,200.0,-12.99194,-38.45556,464af5f847c4c8ce,TELEFONICA BRASIL S.A.
698280628,100MG7W,NR,3450,3450,60,25.0,25,65.0,0,X,16.0,200.0,-12.99778,-38.47306,464af5f847c4c8cf,TELEFONICA BRASIL S.A.
698280628,100MG7W,NR,3450,3450,180,25.0,25,65.0,0,X,16.0,200.0,-12.99778,-38.47306,464af5f847c4c8d0,TELEFONICA BRASIL S.A.
698280628,100MG7W,NR,3450,3450,320,25.0,25,65.0,0,X,16.0,200.0,-12.99778,-38.47306,464af5f847c4c8d1,TELEFONICA BRASIL S.A.
697741877,100MG7W,NR,3450,3450,60,25.0,25,65.0,0,X,56.0,200.0,-12.98111,-38.45521,464af5f847c4c8d2,TELEFONICA BRASIL S.A.
697741877,100MG7W,NR,3450,3450,160,25.0,25,65.0,0,X,56.0,200.0,-12.98111,-38.45521,464af5f847c4c8d3,TELEFONICA BRASIL S.A.
697741877,100MG7W,NR,3450,3450,310,25.0,25,65.0,0,X,56.0,200.0,-12.98111,-38.45521,464af5f847c4c8d4,TELEFONICA BRASIL S.A.
697741613,100MG7W,NR,3450,3450,40,25.0,25,65.0,0,X,59.0,200.0,-13.00472,-38.46083,464af5f847c4c8d5,TELEFONICA BRASIL S.A.
697741613,100MG7W,NR,3450,3450,150,25.0,25,65.0,0,X,59.0,200.0,-13.00472,-38.46083,464af5f847c4c8d6,TELEFONICA BRASIL S.A.
697741613,100MG7W,NR,3450,3450,280,25.0,25,65.0,0,X,59.0,200.0,-13.00472,-38.46083,464af5f847c4c8d7,TELEFONICA BRASIL S.A.
693118245,100MG7W,NR,3450,3450,60,25.0,25,65.0,0,X,16.0,200.0,-12.99194,-38.44583,464af5f847c4c8d8,TELEFONICA BRASIL S.A.
693118245,100MG7W,NR,3450,3450,160,25.0,25,65.0,0,X,16.0,200.0,-12.99194,-38.44583,464af5f847c4c8d9,TELEFONICA BRASIL S.A.
693118245,100MG7W,NR,3450,3450,310,25.0,25,65.0,0,X,16.0,200.0,-12.99194,-38.44583,464af5f847c4c8da,TELEFONICA BRASIL S.A.
693116480,100MG7W,NR,3450,3450,120,25.0,25,65.0,0,X,94.0,200.0,-13.000039,-38.46417,464af5f847c4c8db,TELEFONICA BRASIL S.A.
693116480,100MG7W,NR,3450,3450,200,25.0,25,65.0,0,X,94.0,200.0,-13.000039,-38.46417,464af5f847c4c8dc,TELEFONICA BRASIL S.A.
693116480,100MG7W,NR,3450,3450,300,25.0,25,65.0,0,X,94.0,200.0,-13.000039,-38.46417,464af5f847c4c8dd,TELEFONICA BRASIL S.A.
6843042,100MG7W,NR,3450,3450,20,25.0,25,65.0,0,X,31.0,200.0,-12.99889,-38.46,464af5f847c4c8de,TELEFONICA BRASIL S.A.
6843042,100MG7W,NR,3450,3450,130,25.0,25,65.0,0,X,31.0,200.0,-12.99889,-38.46,464af5f847c4c8df,TELEFONICA BRASIL S.A.
6843042,100MG7W,NR,3450,3450,280,25.0,25,65.0,0,X,31.0,200.0,-12.99889,-38.46,464af5f847c4c8e0,TELEFONICA BRASIL S.A.
683943685,100MG7W,NR,3450,3450,50,25.0,25,65.0,0,X,25.0,200.0,-13.00889,-38.46333,464af5f847c4c8e1,TELEFONICA BRASIL S.A.
683943685,100MG7W,NR,3450,3450,250,25.0,25,65.0,0,X,25.0,200.0,-13.00889,-38.46333,464af5f847c4c8e2,TELEFONICA BRASIL S.A.
683943685,100MG7W,NR,3450,3450,350,25.0,25,65.0,0,X,25.0,200.0,-13.00889,-38.46333,464af5f847c4c8e3,TELEFONICA BRASIL S.A.
598746765,100MG7W,NR,3450,3450,360,25.0,25,65.0,0,X,57.0,200.0,-12.95889,-38.46611,464af5f847c4c8e4,TELEFONICA BRASIL S.A.
598746765,100MG7W,NR,3450,3450,100,25.0,25,65.0,0,X,57.0,200.0,-12.95889,-38.46611,464af5f847c4c8e5,TELEFONICA BRASIL S.A.
598746765,100MG7W,NR,3450,3450,180,25.0,25,65.0,0,X,57.0,200.0,-12.95889,-38.46611,464af5f847c4c8e6,TELEFONICA BRASIL S.A.
5221803,100MG7W,NR,3450,3450,50,25.0,25,65.0,0,X,75.0,200.0,-13.00583,-38.46806,464af5f847c4c8e7,TELEFONICA BRASIL S.A.
5221803,100MG7W,NR,3450,3450,160,25.0,25,65.0,0,X,75.0,200.0,-13.00583,-38.46806,464af5f847c4c8e8,TELEFONICA BRASIL S.A.
5221803,100MG7W,NR,3450,3450,260,25.0,25,65.0,0,X,75.0,200.0,-13.00583,-38.46806,464af5f847c4c8e9,TELEFONICA BRASIL S.A.
5221676,100MG7W,NR,3450,3450,50,25.0,25,65.0,0,X,8.0,200.0,-13.005,-38.45417,464af5f847c4c8ea,TELEFONICA BRASIL S.A.
5221676,100MG7W,NR,3450,3450,250,25.0,25,65.0,0,X,8.0,200.0,-13.005,-38.45417,464af5f847c4c8eb,TELEFONICA BRASIL S.A.
5221676,100MG7W,NR,3450,3450,340,25.0,25,65.0,0,X,8.0,200.0,-13.005,-38.45417,464af5f847c4c8ec,TELEFONICA BRASIL S.A.
442880537,100MG7W,NR,3450,3450,120,25.0,25,65.0,0,X,19.0,200.0,-12.99194,-38.46111,464af5f847c4c8ed,TELEFONICA BRASIL S.A.
442880537,100MG7W,NR,3450,3450,220,25.0,25,65.0,0,X,19.0,200.0,-12.99194,-38.46111,464af5f847c4c8ee,TELEFONICA BRASIL S.A.
442880537,100MG7W,NR,3450,3450,320,25.0,25,65.0,0,X,19.0,200.0,-12.99194,-38.46111,464af5f847c4c8ef,TELEFONICA BRASIL S.A.
436370514,100MG7W,NR,3450,3450,50,25.0,25,65.0,0,X,16.0,200.0,-12.98194,-38.45139,464af5f847c4c8f0,TELEFONICA BRASIL S.A.
436370514,100MG7W,NR,3450,3450,150,25.0,25,65.0,0,X,16.0,200.0,-12.98194,-38.45139,464af5f847c4c8f1,TELEFONICA BRASIL S.A.
436370514,100MG7W,NR,3450,3450,260,25.0,25,65.0,0,X,16.0,200.0,-12.98194,-38.45139,464af5f847c4c8f2,TELEFONICA BRASIL S.A.
422395447,100MG7W,NR,3450,3450,50,25.0,25,65.0,0,X,15.0,200.0,-12.99778,-38.44806,464af5f847c4c8f3,TELEFONICA BRASIL S.A.
422395447,100MG7W,NR,3450,3450,230,25.0,25,65.0,0,X,15.0,200.0,-12.99778,-38.44806,464af5f847c4c8f4,TELEFONICA BRASIL S.A.
422395447,100MG7W,NR,3450,3450,320,25.0,25,65.0,0,X,15.0,200.0,-12.99778,-38.44806,464af5f847c4c8f5,TELEFONICA BRASIL S.A.
422352780,100MG7W,NR,3450,3450,40,25.0,25,65.0,0,X,26.0,200.0,-12.98972,-38.47389,464af5f847c4c8f6,TELEFONICA BRASIL S.A.
422352780,100MG7W,NR,3450,3450,100,25.0,25,65.0,0,X,26.0,200.0,-12.98972,-38.47389,464af5f847c4c8f7,TELEFONICA BRASIL S.A.
422352780,100MG7W,NR,3450,3450,170,25.0,25,65.0,0,X,26.0,200.0,-12.98972,-38.47389,464af5f847c4c8f8,TELEFONICA BRASIL S.A.
422352640,100MG7W,NR,3450,3450,50,25.0,25,65.0,0,X,31.0,200.0,-12.99806,-38.46639,464af5f847c4c8f9,TELEFONICA BRASIL S.A.
422352640,100MG7W,NR,3450,3450,210,25.0,25,65.0,0,X,31.0,200.0,-12.99806,-38.46639,464af5f847c4c8fa,TELEFONICA BRASIL S.A.
422352640,100MG7W,NR,3450,3450,310,25.0,25,65.0,0,X,31.0,200.0,-12.99806,-38.46639,464af5f847c4c8fb,TELEFONICA BRASIL S.A.
413585964,100MG7W,NR,3450,3450,360,25.0,25,65.0,0,X,24.0,200.0,-12.98222,-38.45833,464af5f847c4c8fc,TELEFONICA BRASIL S.A.
413585964,100MG7W,NR,3450,3450,170,25.0,25,65.0,0,X,24.0,200.0,-12.98222,-38.45833,464af5f847c4c8fd,TELEFONICA BRASIL S.A.
413585964,100MG7W,NR,3450,3450,260,25.0,25,65.0,0,X,24.0,200.0,-12.98222,-38.45833,464af5f847c4c8fe,TELEFONICA BRASIL S.A.
413582787,100MG7W,NR,3450,3450,30,25.0,25,65.0,0,X,23.0,200.0,-12.98389,-38.46472,464af5f847c4c8ff,TELEFONICA BRASIL S.A.
413582787,100MG7W,NR,3450,3450,135,25.0,25,65.0,0,X,23.0,200.0,-12.98389,-38.46472,464af5f847c4c900,TELEFONICA BRASIL S.A.
413582787,100MG7W,NR,3450,3450,230,25.0,25,65.0,0,X,23.0,200.0,-12.98389,-38.46472,464af5f847c4c901,TELEFONICA BRASIL S.A.
356128105,100MG7W,NR,3450,3450,40,25.0,25,65.0,0,X,32.0,200.0,-12.99083,-38.45056,464af5f847c4c902,TELEFONICA BRASIL S.A.
356128105,100MG7W,NR,3450,3450,170,25.0,25,65.0,0,X,32.0,200.0,-12.99083,-38.45056,464af5f847c4c903,TELEFONICA BRASIL S.A.
356128105,100MG7W,NR,3450,3450,280,25.0,25,65.0,0,X,32.0,200.0,-12.99083,-38.45056,464af5f847c4c904,TELEFONICA BRASIL S.A.
1010290310,100MG7W,NR,3450,3450,95,25.0,25,65.0,0,X,24.0,200.0,-13.00153,-38.45525,464af5f847c4c905,TELEFONICA BRASIL S.A.
1010290310,100MG7W,NR,3450,3450,215,25.0,25,65.0,0,X,24.0,200.0,-13.00153,-38.45525,464af5f847c4c906,TELEFONICA BRASIL S.A.
1010290310,100MG7W,NR,3450,3450,340,25.0,25,65.0,0,X,24.0,200.0,-13.00153,-38.45525,464af5f847c4c907,TELEFONICA BRASIL S.A.
1009535835,100MG7W,NR,3450,3450,105,25.0,25,65.0,0,X,99.0,200.0,-12.98694,-38.45361,464af5f847c4c908,TELEFONICA BRASIL S.A.
1009535835,100MG7W,NR,3450,3450,230,25.0,25,65.0,0,X,99.0,200.0,-12.98694,-38.45361,464af5f847c4c909,TELEFONICA BRASIL S.A.
1009535835,100MG7W,NR,3450,3450,330,25.0,25,65.0,0,X,99.0,200.0,-12.98694,-38.45361,464af5f847c4c90a,TELEFONICA BRASIL S.A.
1009077713,100MG7W,NR,3450,3450,40,25.0,25,65.0,0,X,14.0,200.0,-12.99194,-38.46611,464af5f847c4c90b,TELEFONICA BRASIL S.A.
1009077713,100MG7W,NR,3450,3450,270,25.0,25,65.0,0,X,14.0,200.0,-12.99194,-38.46611,464af5f847c4c90c,TELEFONICA BRASIL S.A.
1009077713,100MG7W,NR,3450,3450,330,25.0,25,65.0,0,X,14.0,200.0,-12.99194,-38.46611,464af5f847c4c90d,TELEFONICA BRASIL S.A.
1008950855,100MG7W,NR,3450,3450,115,25.0,25,65.0,0,X,25.0,200.0,-13.01,-38.50833,464af5f847c4c90e,TELEFONICA BRASIL S.A.
1008950855,100MG7W,NR,3450,3450,260,25.0,25,65.0,0,X,25.0,200.0,-13.01,-38.50833,464af5f847c4c90f,TELEFONICA BRASIL S.A.
1008950855,100MG7W,NR,3450,3450,340,25.0,25,65.0,0,X,25.0,200.0,-13.01,-38.50833,464af5f847c4c910,TELEFONICA BRASIL S.A.
1008950820,100MG7W,NR,3450,3450,70,25.0,25,65.0,0,X,97.0,200.0,-12.9962,-38.47954,464af5f847c4c911,TELEFONICA BRASIL S.A.
1008950820,100MG7W,NR,3450,3450,180,25.0,25,65.0,0,X,97.0,200.0,-12.9962,-38.47954,464af5f847c4c912,TELEFONICA BRASIL S.A.
1008950820,100MG7W,NR,3450,3450,340,25.0,25,65.0,0,X,97.0,200.0,-12.9962,-38.47954,464af5f847c4c913,TELEFONICA BRASIL S.A.
1008950766,100MG7W,NR,3450,3450,70,25.0,25,65.0,0,X,54.0,200.0,-12.98556,-38.44889,464af5f847c4c914,TELEFONICA BRASIL S.A.
1008950766,100MG7W,NR,3450,3450,210,25.0,25,65.0,0,X,54.0,200.0,-12.98556,-38.44889,464af5f847c4c915,TELEFONICA BRASIL S.A.
1008950766,100MG7W,NR,3450,3450,300,25.0,25,65.0,0,X,54.0,200.0,-12.98556,-38.44889,464af5f847c4c916,TELEFONICA BRASIL S.A.
1007510665,100MG7W,NR,3450,3450,90,25.0,25,65.0,0,X,96.0,200.0,-12.98753,-38.46082,464af5f847c4c917,TELEFONICA BRASIL S.A.
1007510665,100MG7W,NR,3450,3450,210,25.0,25,65.0,0,X,96.0,200.0,-12.98753,-38.46082,464af5f847c4c918,TELEFONICA BRASIL S.A.
1007510665,100MG7W,NR,3450,3450,340,25.0,25,65.0,0,X,96.0,200.0,-12.98753,-38.46082,464af5f847c4c919,TELEFONICA BRASIL S.A.
1007510657,100MG7W,NR,3450,3450,60,25.0,25,65.0,0,X,36.0,200.0,-12.98667,-38.47222,464af5f847c4c91a,TELEFONICA BRASIL S.A.
1007510657,100MG7W,NR,3450,3450,150,25.0,25,65.0,0,X,36.0,200.0,-12.98667,-38.47222,464af5f847c4c91b,TELEFONICA BRASIL S.A.
1007510657,100MG7W,NR,3450,3450,300,25.0,25,65.0,0,X,36.0,200.0,-12.98667,-38.47222,464af5f847c4c91c,TELEFONICA BRASIL S.A.
1004007059,100MG7W,NR,3450,3450,50,25.0,25,65.0,0,X,33.0,200.0,-12.98139,-38.46056,464af5f847c4c91d,TELEFONICA BRASIL S.A.
1004007059,100MG7W,NR,3450,3450,190,25.0,25,65.0,0,X,33.0,200.0,-12.98139,-38.46056,464af5f847c4c91e,TELEFONICA BRASIL S.A.
1004007059,100MG7W,NR,3450,3450,250,25.0,25,65.0,0,X,33.0,200.0,-12.98139,-38.46056,464af5f847c4c91f,TELEFONICA BRASIL S.A.
1001908616,100MG7W,NR,3450,3450,90,25.0,25,65.0,0,X,43.0,200.0,-12.99528,-38.47056,464af5f847c4c920,TELEFONICA BRASIL S.A.
1001908616,100MG7W,NR,3450,3450,230,25.0,25,65.0,0,X,43.0,200.0,-12.99528,-38.47056,464af5f847c4c921,TELEFONICA BRASIL S.A.
1001908616,100MG7W,NR,3450,3450,320,25.0,25,65.0,0,X,43.0,200.0,-12.99528,-38.47056,464af5f847c4c922,TELEFONICA BRASIL S.A.
1001502440,100MG7W,NR,3450,3450,70,25.0,25,65.0,0,X,20.0,200.0,-12.99183,-38.51839,464af5f847c4c923,TELEFONICA BRASIL S.A.
1001502440,100MG7W,NR,3450,3450,200,25.0,25,65.0,0,X,20.0,200.0,-12.99183,-38.51839,464af5f847c4c924,TELEFONICA BRASIL S.A.
1001502440,100MG7W,NR,3450,3450,290,25.0,25,65.0,0,X,20.0,200.0,-12.99183,-38.51839,464af5f847c4c925,TELEFONICA BRASIL S.A.
5221722,100MG7W,NR,3450,3450,20,25.0,25,65.0,0,X,31.0,200.0,-12.99389,-38.48361,464af5f847c4c926,TELEFONICA BRASIL S.A.
5221722,100MG7W,NR,3450,3450,140,25.0,25,65.0,0,X,31.0,200.0,-12.99389,-38.48361,464af5f847c4c927,TELEFONICA BRASIL S.A.
5221722,100MG7W,NR,3450,3450,230,25.0,25,65.0,0,X,31.0,200.0,-12.99389,-38.48361,464af5f847c4c928,TELEFONICA BRASIL S.A.
1010444384,100MG7W,NR,3450,3450,15,25.0,25,65.0,0,X,45.0,200.0,-13.00139,-38.52278,464af5f847c4c929,TELEFONICA BRASIL S.A.
1010444384,100MG7W,NR,3450,3450,115,25.0,25,65.0,0,X,45.0,200.0,-13.00139,-38.52278,464af5f847c4c92a,TELEFONICA BRASIL S.A.
1010444384,100MG7W,NR,3450,3450,220,25.0,25,65.0,0,X,45.0,200.0,-13.00139,-38.52278,464af5f847c4c92b,TELEFONICA BRASIL S.A.
1009077748,100MG7W,NR,3450,3450,10,25.0,25,65.0,0,X,39.0,200.0,-12.9975,-38.52278,464af5f847c4c92c,TELEFONICA BRASIL S.A.
1009077748,100MG7W,NR,3450,3450,105,25.0,25,65.0,0,X,39.0,200.0,-12.9975,-38.52278,464af5f847c4c92d,TELEFONICA BRASIL S.A.
1009077748,100MG7W,NR,3450,3450,170,25.0,25,65.0,0,X,39.0,200.0,-12.9975,-38.52278,464af5f847c4c92e,TELEFONICA BRASIL S.A.
1008950847,100MG7W,NR,3450,3450,20,25.0,25,65.0,0,X,50.0,200.0,-12.99222,-38.52389,464af5f847c4c92f,TELEFONICA BRASIL S.A.
1008950847,100MG7W,NR,3450,3450,100,25.0,25,65.0,0,X,50.0,200.0,-12.99222,-38.52389,464af5f847c4c930,TELEFONICA BRASIL S.A.
1008950847,100MG7W,NR,3450,3450,230,25.0,25,65.0,0,X,50.0,200.0,-12.99222,-38.52389,464af5f847c4c931,TELEFONICA BRASIL S.A.
1008950812,100MG7W,NR,3450,3450,360,25.0,25,65.0,0,X,40.0,200.0,-12.99646,-38.51993,464af5f847c4c932,TELEFONICA BRASIL S.A.
1008950812,100MG7W,NR,3450,3450,125,25.0,25,65.0,0,X,40.0,200.0,-12.99646,-38.51993,464af5f847c4c933,TELEFONICA BRASIL S.A.
1008950812,100MG7W,NR,3450,3450,220,25.0,25,65.0,0,X,40.0,200.0,-12.99646,-38.51993,464af5f847c4c934,TELEFONICA BRASIL S.A.
1008553910,100MG7W,NR,3450,3450,25,25.0,25,65.0,0,X,24.0,200.0,-13.0125,-38.47694,464af5f847c4c935,TELEFONICA BRASIL S.A.
1008553910,100MG7W,NR,3450,3450,75,25.0,25,65.0,0,X,24.0,200.0,-13.0125,-38.47694,464af5f847c4c936,TELEFONICA BRASIL S.A.
1008553910,100MG7W,NR,3450,3450,260,25.0,25,65.0,0,X,24.0,200.0,-13.0125,-38.47694,464af5f847c4c937,TELEFONICA BRASIL S.A.
1007725998,100MG7W,NR,3450,3450,80,25.0,25,65.0,0,X,46.0,200.0,-12.99172,-38.48061,464af5f847c4c938,TELEFONICA BRASIL S.A.
1007725998,100MG7W,NR,3450,3450,220,25.0,25,65.0,0,X,46.0,200.0,-12.99172,-38.48061,464af5f847c4c939,TELEFONICA BRASIL S.A.
1007725998,100MG7W,NR,3450,3450,330,25.0,25,65.0,0,X,46.0,200.0,-12.99172,-38.48061,464af5f847c4c93a,TELEFONICA BRASIL S.A.
1002261829,100MG7W,NR,3450,3450,330,25.0,25,65.0,0,X,28.0,200.0,-13.00917,-38.47806,464af5f847c4c93b,TELEFONICA BRASIL S.A.
1002261829,100MG7W,NR,3450,3450,80,25.0,25,65.0,0,X,28.0,200.0,-13.00917,-38.47806,464af5f847c4c93c,TELEFONICA BRASIL S.A.
1002261829,100MG7W,NR,3450,3450,330,25.0,25,65.0,0,X,28.0,200.0,-13.00917,-38.47806,464af5f847c4c93d,TELEFONICA BRASIL S.A.
1009497305,100MG7W,NR,3450,3450,360,25.0,25,65.0,0,X,17.0,200.0,-13.00667,-38.465,464af5f847c4c93e,TELEFONICA BRASIL S.A.
1009497305,100MG7W,NR,3450,3450,90,25.0,25,65.0,0,X,17.0,200.0,-13.00667,-38.465,464af5f847c4c93f,TELEFONICA BRASIL S.A.
1009497305,100MG7W,NR,3450,3450,220,25.0,25,65.0,0,X,17.0,200.0,-13.00667,-38.465,464af5f847c4c940,TELEFONICA BRASIL S.A.
1009270360,100MG7W,NR,3450,3450,125,25.0,25,65.0,0,X,91.0,200.0,-12.99889,-38.45417,464af5f847c4c941,TELEFONICA BRASIL S.A.
1009270360,100MG7W,NR,3450,3450,280,25.0,25,65.0,0,X,91.0,200.0,-12.99889,-38.45417,464af5f847c4c942,TELEFONICA BRASIL S.A.
1009270360,100MG7W,NR,3450,3450,350,25.0,25,65.0,0,X,91.0,200.0,-12.99889,-38.45417,464af5f847c4c943,TELEFONICA BRASIL S.A.
1001910513,100MG7W,NR,3450,3450,70,25.0,25,65.0,0,X,53.0,200.0,-12.98806,-38.43889,464af5f847c4c944,TELEFONICA BRASIL S.A.
1001910513,100MG7W,NR,3450,3450,180,25.0,25,65.0,0,X,53.0,200.0,-12.98806,-38.43889,464af5f847c4c945,TELEFONICA BRASIL S.A.
1001910513,100MG7W,NR,3450,3450,330,25.0,25,65.0,0,X,53.0,200.0,-12.98806,-38.43889,464af5f847c4c946,TELEFONICA BRASIL S.A.
1001508979,100MG7W,NR,3450,3450,330,25.0,25,65.0,0,X,25.4,200.0,-13.00917,-38.47806,464af5f847c4c947,TELEFONICA BRASIL S.A.
1001508979,100MG7W,NR,3450,3450,80,25.0,25,65.0,0,X,25.4,200.0,-13.00917,-38.47806,464af5f847c4c948,TELEFONICA BRASIL S.A.
1001508979,100MG7W,NR,3450,3450,190,25.0,25,65.0,0,X,25.4,200.0,-13.00917,-38.47806,464af5f847c4c949,TELEFONICA BRASIL S.A.
1009077624,100MG7W,NR,3450,3450,130,25.0,25,65.0,0,X,25.0,200.0,-13.00333,-38.48222,464af5f847c4c94a,TELEFONICA BRASIL S.A.
1009077624,100MG7W,NR,3450,3450,40,25.0,25,65.0,0,X,25.0,200.0,-13.00333,-38.48222,464af5f847c4c94b,TELEFONICA BRASIL S.A.
1009077624,100MG7W,NR,3450,3450,310,25.0,25,65.0,0,X,25.0,200.0,-13.00333,-38.48222,464af5f847c4c94c,TELEFONICA BRASIL S.A.
422353191,100MG7W,NR,3450,3450,10,25.0,25,65.0,0,X,39.0,200.0,-13.01222,-38.47083,464af5f847c4c94d,TELEFONICA BRASIL S.A.
422353191,100MG7W,NR,3450,3450,80,25.0,25,65.0,0,X,39.0,200.0,-13.01222,-38.47083,464af5f847c4c94e,TELEFONICA BRASIL S.A.
422353191,100MG7W,NR,3450,3450,250,25.0,25,65.0,0,X,39.0,200.0,-13.01222,-38.47083,464af5f847c4c94f,TELEFONICA BRASIL S.A.
436370697,100MG7W,NR,3450,3450,20,25.0,25,65.0,0,X,18.0,200.0,-13.002436,-38.477147,464af5f847c4c950,TELEFONICA BRASIL S.A.
436370697,100MG7W,NR,3450,3450,160,25.0,25,65.0,0,X,18.0,200.0,-13.002436,-38.477147,464af5f847c4c951,TELEFONICA BRASIL S.A.
436370697,100MG7W,NR,3450,3450,290,25.0,25,65.0,0,X,18.0,200.0,-13.002436,-38.477147,464af5f847c4c952,TELEFONICA BRASIL S.A.
1008950910,100MG7W,NR,3450,3450,110,25.0,25,65.0,0,X,33.0,200.0,-12.98167,-38.44333,464af5f847c4c953,TELEFONICA BRASIL S.A.
1008950910,100MG7W,NR,3450,3450,210,25.0,25,65.0,0,X,33.0,200.0,-12.98167,-38.44333,464af5f847c4c954,TELEFONICA BRASIL S.A.
1008950910,100MG7W,NR,3450,3450,340,25.0,25,65.0,0,X,33.0,200.0,-12.98167,-38.44333,464af5f847c4c955,TELEFONICA BRASIL S.A.
422352829,100MG7W,NR,3450,3450,360,25.0,25,65.0,0,X,98.0,200.0,-12.99556,-38.52472,464af5f847c4c956,TELEFONICA BRASIL S.A.
422352829,100MG7W,NR,3450,3450,140,25.0,25,65.0,0,X,98.0,200.0,-12.99556,-38.52472,464af5f847c4c957,TELEFONICA BRASIL S.A.
422352829,100MG7W,NR,3450,3450,220,25.0,25,65.0,0,X,98.0,200.0,-12.99556,-38.52472,464af5f847c4c958,TELEFONICA BRASIL S.A.
1009470598,100MG7W,NR,3450,3450,50,25.0,25,65.0,0,X,40.0,200.0,-12.99972,-38.5175,464af5f847c4c959,TELEFONICA BRASIL S.A.
1009470598,100MG7W,NR,3450,3450,245,25.0,25,65.0,0,X,40.0,200.0,-12.99972,-38.5175,464af5f847c4c95a,TELEFONICA BRASIL S.A.
1009470598,100MG7W,NR,3450,3450,115,25.0,25,65.0,0,X,40.0,200.0,-12.99972,-38.5175,464af5f847c4c95b,TELEFONICA BRASIL S.A.
696506505,100MG7W,NR,3450,3450,40,25.0,25,65.0,0,X,81.0,200.0,-12.99111,-38.52528,464af5f847c4c95c,TELEFONICA BRASIL S.A.
696506505,100MG7W,NR,3450,3450,200,25.0,25,65.0,0,X,81.0,200.0,-12.99111,-38.52528,464af5f847c4c95d,TELEFONICA BRASIL S.A.
679335757,100MG7W,NR,3450,3450,120,25.0,25,65.0,0,X,8.0,200.0,-12.95861,-38.46583,464af5f847c4c95e,TELEFONICA BRASIL S.A.
679335757,100MG7W,NR,3450,3450,240,25.0,25,65.0,0,X,8.0,200.0,-12.95861,-38.46583,464af5f847c4c95f,TELEFONICA BRASIL S.A.
679335757,100MG7W,NR,3450,3450,360,25.0,25,65.0,0,X,8.0,200.0,-12.95861,-38.46583,464af5f847c4c960,TELEFONICA BRASIL S.A.
692746641,100MG7W,NR,3450,3450,160,25.0,25,65.0,0,X,80.5,200.0,-13.00194,-38.52639,464af5f847c4c961,TELEFONICA BRASIL S.A.
692746641,100MG7W,NR,3450,3450,310,25.0,25,65.0,0,X,80.5,200.0,-13.00194,-38.52639,464af5f847c4c962,TELEFONICA BRASIL S.A.
692746641,100MG7W,NR,3450,3450,60,25.0,25,65.0,0,X,80.5,200.0,-13.00194,-38.52639,464af5f847c4c963,TELEFONICA BRASIL S.A.
413586545,100MG7W,NR,3450,3450,40,25.0,25,65.0,0,X,21.0,200.0,-12.98806,-38.52028,464af5f847c4c964,TELEFONICA BRASIL S.A.
413586545,100MG7W,NR,3450,3450,140,25.0,25,65.0,0,X,21.0,200.0,-12.98806,-38.52028,464af5f847c4c965,TELEFONICA BRASIL S.A.
413586545,100MG7W,NR,3450,3450,210,25.0,25,65.0,0,X,21.0,200.0,-12.98806,-38.52028,464af5f847c4c966,TELEFONICA BRASIL S.A.
698280636,100MG7W,NR,3450,3450,50,25.0,25,65.0,0,X,43.0,200.0,-13.00306,-38.49028,464af5f847c4c967,TELEFONICA BRASIL S.A.
698280636,100MG7W,NR,3450,3450,180,25.0,25,65.0,0,X,43.0,200.0,-13.00306,-38.49028,464af5f847c4c968,TELEFONICA BRASIL S.A.
698280636,100MG7W,NR,3450,3450,280,25.0,25,65.0,0,X,43.0,200.0,-13.00306,-38.49028,464af5f847c4c969,TELEFONICA BRASIL S.A.
1011310152,100MG7W,NR,3450,3450,5,25.0,25,65.0,0,X,82.0,200.0,-12.99772,-38.48844,464af5f847c4c96a,TELEFONICA BRASIL S.A.
1011310152,100MG7W,NR,3450,3450,105,25.0,25,65.0,0,X,82.0,200.0,-12.99772,-38.48844,464af5f847c4c96b,TELEFONICA BRASIL S.A.
1011310152,100MG7W,NR,3450,3450,240,25.0,25,65.0,0,X,82.0,200.0,-12.99772,-38.48844,464af5f847c4c96c,TELEFONICA BRASIL S.A.
422352683,100MG7W,NR,3450,3450,45,25.0,25,65.0,0,X,40.0,200.0,-13.00639,-38.48528,464af5f847c4c96d,TELEFONICA BRASIL S.A.
422352683,100MG7W,NR,3450,3450,230,25.0,25,65.0,0,X,40.0,200.0,-13.00639,-38.48528,464af5f847c4c96e,TELEFONICA BRASIL S.A.
422352683,100MG7W,NR,3450,3450,330,25.0,25,65.0,0,X,40.0,200.0,-13.00639,-38.48528,464af5f847c4c96f,TELEFONICA BRASIL S.A.
1000169232,100MG7W,NR,3450,3450,40,25.0,25,65.0,0,X,49.0,200.0,-12.99389,-38.44278,464af5f847c4c970,TELEFONICA BRASIL S.A.
1000169232,100MG7W,NR,3450,3450,160,25.0,25,65.0,0,X,49.0,200.0,-12.99389,-38.44278,464af5f847c4c971,TELEFONICA BRASIL S.A.
1000169232,100MG7W,NR,3450,3450,250,25.0,25,65.0,0,X,49.0,200.0,-12.99389,-38.44278,464af5f847c4c972,TELEFONICA BRASIL S.A.
1007510622,100MG7W,NR,3450,3450,30,25.0,25,65.0,0,X,33.0,200.0,-13.00194,-38.51833,464af5f847c4c973,TELEFONICA BRASIL S.A.
1007510622,100MG7W,NR,3450,3450,150,25.0,25,65.0,0,X,33.0,200.0,-13.00194,-38.51833,464af5f847c4c974,TELEFONICA BRASIL S.A.
1007510622,100MG7W,NR,3450,3450,270,25.0,25,65.0,0,X,33.0,200.0,-13.00194,-38.51833,464af5f847c4c975,TELEFONICA BRASIL S.A.
422352764,100MG7W,NR,3450,3450,60,25.0,25,65.0,0,X,36.0,200.0,-12.98417,-38.43694,464af5f847c4c976,TELEFONICA BRASIL S.A.
422352764,100MG7W,NR,3450,3450,200,25.0,25,65.0,0,X,36.0,200.0,-12.98417,-38.43694,464af5f847c4c977,TELEFONICA BRASIL S.A.
422352764,100MG7W,NR,3450,3450,290,25.0,25,65.0,0,X,36.0,200.0,-12.98417,-38.43694,464af5f847c4c978,TELEFONICA BRASIL S.A.
1007510649,100MG7W,NR,3450,3450,100,25.0,25,65.0,0,X,30.0,200.0,-13.01083,-38.48667,464af5f847c4c979,TELEFONICA BRASIL S.A.
1007510649,100MG7W,NR,3450,3450,250,25.0,25,65.0,0,X,30.0,200.0,-13.01083,-38.48667,464af5f847c4c97a,TELEFONICA BRASIL S.A.
1007510649,100MG7W,NR,3450,3450,330,25.0,25,65.0,0,X,30.0,200.0,-13.01083,-38.48667,464af5f847c4c97b,TELEFONICA BRASIL S.A.
1000494338,100MG7W,NR,3450,3450,40,25.0,25,65.0,0,X,27.0,200.0,-13.00917,-38.48306,464af5f847c4c97c,TELEFONICA BRASIL S.A.
1000494338,100MG7W,NR,3450,3450,140,25.0,25,65.0,0,X,27.0,200.0,-13.00917,-38.48306,464af5f847c4c97d,TELEFONICA BRASIL S.A.
1000494338,100MG7W,NR,3450,3450,240,25.0,25,65.0,0,X,27.0,200.0,-13.00917,-38.48306,464af5f847c4c97e,TELEFONICA BRASIL S.A.
422352535,100MG7W,NR,3450,3450,60,25.0,25,65.0,0,X,92.0,200.0,-13.016486,-38.487114,464af5f847c4c97f,TELEFONICA BRASIL S.A.
422352535,100MG7W,NR,3450,3450,320,25.0,25,65.0,0,X,92.0,200.0,-13.016486,-38.487114,464af5f847c4c980,TELEFONICA BRASIL S.A.
422352535,100MG7W,NR,3450,3450,360,25.0,25,65.0,0,X,92.0,200.0,-13.016486,-38.487114,464af5f847c4c981,TELEFONICA BRASIL S.A.
1002261675,100MG7W,NR,3450,3450,90,25.0,25,65.0,0,X,35.0,200.0,-13.00889,-38.51528,464af5f847c4c982,TELEFONICA BRASIL S.A.
1002261675,100MG7W,NR,3450,3450,240,25.0,25,65.0,0,X,35.0,200.0,-13.00889,-38.51528,464af5f847c4c983,TELEFONICA BRASIL S.A.
1002261675,100MG7W,NR,3450,3450,330,25.0,25,65.0,0,X,35.0,200.0,-13.00889,-38.51528,464af5f847c4c984,TELEFONICA BRASIL S.A.
422423696,100MG7W,NR,3450,3450,30,25.0,25,65.0,0,X,41.5,200.0,-13.00444,-38.52889,464af5f847c4c985,TELEFONICA BRASIL S.A.
422423696,100MG7W,NR,3450,3450,135,25.0,25,65.0,0,X,41.5,200.0,-13.00444,-38.52889,464af5f847c4c986,TELEFONICA BRASIL S.A.
422423696,100MG7W,NR,3450,3450,320,25.0,25,65.0,0,X,41.5,200.0,-13.00444,-38.52889,464af5f847c4c987,TELEFONICA BRASIL S.A.
1004486194,100MG7W,NR,3450,3450,70,25.0,25,65.0,0,X,24.0,200.0,-12.97611,-38.45694,464af5f847c4c988,TELEFONICA BRASIL S.A.
1004486194,100MG7W,NR,3450,3450,230,25.0,25,65.0,0,X,24.0,200.0,-12.97611,-38.45694,464af5f847c4c989,TELEFONICA BRASIL S.A.
1004486194,100MG7W,NR,3450,3450,290,25.0,25,65.0,0,X,24.0,200.0,-12.97611,-38.45694,464af5f847c4c98a,TELEFONICA BRASIL S.A.
413585999,100MG7W,NR,3450,3450,95,25.0,25,65.0,0,X,42.0,200.0,-13.00556,-38.51694,464af5f847c4c98e,TELEFONICA BRASIL S.A.
413585999,100MG7W,NR,3450,3450,270,25.0,25,65.0,0,X,42.0,200.0,-13.00556,-38.51694,464af5f847c4c98f,TELEFONICA BRASIL S.A.
413585999,100MG7W,NR,3450,3450,350,25.0,25,65.0,0,X,42.0,200.0,-13.00556,-38.51694,464af5f847c4c990,TELEFONICA BRASIL S.A.
1009077780,100MG7W,NR,3450,3450,70,25.0,25,65.0,0,X,38.0,200.0,-13.00361,-38.51139,464af5f847c4c991,TELEFONICA BRASIL S.A.
1009077780,100MG7W,NR,3450,3450,300,25.0,25,65.0,0,X,38.0,200.0,-13.00361,-38.51139,464af5f847c4c992,TELEFONICA BRASIL S.A.
1009077780,100MG7W,NR,3450,3450,150,25.0,25,65.0,0,X,38.0,200.0,-13.00361,-38.51139,464af5f847c4c993,TELEFONICA BRASIL S.A.
687269016,100MG7W,NR,3450,3450,90,25.0,25,65.0,0,X,32.0,200.0,-13.00972,-38.50028,464af5f847c4c994,TELEFONICA BRASIL S.A.
687269016,100MG7W,NR,3450,3450,260,25.0,25,65.0,0,X,32.0,200.0,-13.00972,-38.50028,464af5f847c4c995,TELEFONICA BRASIL S.A.
699175968,100MG7W,NR,3450,3450,20,25.0,25,65.0,0,X,80.0,200.0,-12.98083,-38.44778,464af5f847c4c996,TELEFONICA BRASIL S.A.
699175968,100MG7W,NR,3450,3450,90,25.0,25,65.0,0,X,80.0,200.0,-12.98083,-38.44778,464af5f847c4c997,TELEFONICA BRASIL S.A.
699175968,100MG7W,NR,3450,3450,160,25.0,25,65.0,0,X,80.0,200.0,-12.98083,-38.44778,464af5f847c4c998,TELEFONICA BRASIL S.A.
1009146340,100MG7W,NR,3450,3450,120,25.0,25,65.0,0,X,57.5,200.0,-13.0075,-38.51889,464af5f847c4c999,TELEFONICA BRASIL S.A.
1009146340,100MG7W,NR,3450,3450,230,25.0,25,65.0,0,X,57.5,200.0,-13.0075,-38.51889,464af5f847c4c99a,TELEFONICA BRASIL S.A.
1009146340,100MG7W,NR,3450,3450,335,25.0,25,65.0,0,X,57.5,200.0,-13.0075,-38.51889,464af5f847c4c99b,TELEFONICA BRASIL S.A.
1008950880,100MG7W,NR,3450,3450,20,25.0,25,65.0,0,X,27.0,200.0,-13.01333,-38.48639,464af5f847c4c99c,TELEFONICA BRASIL S.A.
1008950880,100MG7W,NR,3450,3450,140,25.0,25,65.0,0,X,27.0,200.0,-13.01333,-38.48639,464af5f847c4c99d,TELEFONICA BRASIL S.A.
1008950880,100MG7W,NR,3450,3450,270,25.0,25,65.0,0,X,27.0,200.0,-13.01333,-38.48639,464af5f847c4c99e,TELEFONICA BRASIL S.A.
413584518,100MG7W,NR,3450,3450,360,25.0,25,65.0,0,X,28.0,200.0,-13.00528,-38.49944,464af5f847c4c99f,TELEFONICA BRASIL S.A.
413584518,100MG7W,NR,3450,3450,130,25.0,25,65.0,0,X,28.0,200.0,-13.00528,-38.49944,464af5f847c4c9a0,TELEFONICA BRASIL S.A.
413584518,100MG7W,NR,3450,3450,290,25.0,25,65.0,0,X,28.0,200.0,-13.00528,-38.49944,464af5f847c4c9a1,TELEFONICA BRASIL S.A.
422423726,100MG7W,NR,3450,3450,110,25.0,25,65.0,0,X,30.0,200.0,-12.99472,-38.51556,464af5f847c4c9a2,TELEFONICA BRASIL S.A.
422423726,100MG7W,NR,3450,3450,290,25.0,25,65.0,0,X,30.0,200.0,-12.99472,-38.51556,464af5f847c4c9a3,TELEFONICA BRASIL S.A.
422423726,100MG7W,NR,3450,3450,205,25.0,25,65.0,0,X,30.0,200.0,-12.99472,-38.51556,464af5f847c4c9a4,TELEFONICA BRASIL S.A.
422352349,100MG7W,NR,3450,3450,60,25.0,25,65.0,0,X,40.0,200.0,-13.00639,-38.52417,af8bc5f8603aafbc,TELEFONICA BRASIL S.A.
422352349,100MG7W,NR,3450,3450,120,25.0,25,65.0,0,X,40.0,200.0,-13.00639,-38.52417,af8bc5f8603aafbd,TELEFONICA BRASIL S.A.
422352349,100MG7W,NR,3450,3450,340,25.0,25,65.0,0,X,40.0,200.0,-13.00639,-38.52417,af8bc5f8603aafbe,TELEFONICA BRASIL S.A.
1000169178,100MG7W,NR,3450,3450,110,25.0,25,65.0,0,X,46.0,200.0,-13.00778,-38.49361,af8bc5f8603aafbf,TELEFONICA BRASIL S.A.
1000169178,100MG7W,NR,3450,3450,240,25.0,25,65.0,0,X,46.0,200.0,-13.00778,-38.49361,af8bc5f8603aafc0,TELEFONICA BRASIL S.A.
1000169178,100MG7W,NR,3450,3450,350,25.0,25,65.0,0,X,46.0,200.0,-13.00778,-38.49361,af8bc5f8603aafc1,TELEFONICA BRASIL S.A.
1002272448,100MG7W,NR,3450,3450,60,25.0,25,65.0,0,X,42.0,200.0,-12.9266,-38.3798,0e1375f8092c5c8a,TELEFONICA BRASIL S.A.
1002272448,100MG7W,NR,3450,3450,170,25.0,25,65.0,0,X,42.0,200.0,-12.9266,-38.3798,0e1375f8092c5c8b,TELEFONICA BRASIL S.A.
1002272448,100MG7W,NR,3450,3450,290,25.0,25,65.0,0,X,42.0,200.0,-12.9266,-38.3798,0e1375f8092c5c8c,TELEFONICA BRASIL S.A.
1014556500,100MG7W,NR,3450,3450,360,18.7,24,58.0,0,V,3.0,50.0,-12.9779,-38.4555,0e1375f8092c5c90,TELEFONICA BRASIL S.A.
1000873797,100MG7W,NR,3450,3450,50,25.0,25,65.0,0,X,24.5,200.0,-12.947292,-38.430208,0e1375f8092c5c91,TELEFONICA BRASIL S.A.
1000873797,100MG7W,NR,3450,3450,150,25.0,25,65.0,0,X,24.5,200.0,-12.947292,-38.430208,0e1375f8092c5c92,TELEFONICA BRASIL S.A.
1000873797,100MG7W,NR,3450,3450,310,25.0,25,65.0,0,X,24.5,200.0,-12.947292,-38.430208,0e1375f8092c5c93,TELEFONICA BRASIL S.A.
1008950898,100MG7W,NR,3450,3450,30,25.0,25,65.0,0,X,17.0,200.0,-12.963489,-38.403519,0e1375f8092c5ca0,TELEFONICA BRASIL S.A.
1008950898,100MG7W,NR,3450,3450,220,25.0,25,65.0,0,X,17.0,200.0,-12.963489,-38.403519,0e1375f8092c5ca1,TELEFONICA BRASIL S.A.
1008950898,100MG7W,NR,3450,3450,300,25.0,25,65.0,0,X,17.0,200.0,-12.963489,-38.403519,0e1375f8092c5ca2,TELEFONICA BRASIL S.A.
1000621135,100MG7W,NR,3450,3450,10,25.0,25,65.0,0,X,35.0,200.0,-12.952519,-38.395411,0e1375f8092c5ca6,TELEFONICA BRASIL S.A.
1000621135,100MG7W,NR,3450,3450,130,25.0,25,65.0,0,X,35.0,200.0,-12.952519,-38.395411,0e1375f8092c5ca7,TELEFONICA BRASIL S.A.
1000621135,100MG7W,NR,3450,3450,250,25.0,25,65.0,0,X,35.0,200.0,-12.952519,-38.395411,0e1375f8092c5ca8,TELEFONICA BRASIL S.A.
441168922,100MG7W,NR,3450,3450,70,25.0,25,65.0,0,X,30.0,200.0,-12.976642,-38.427553,0e1375f8092c5ca9,TELEFONICA BRASIL S.A.
441168922,100MG7W,NR,3450,3450,210,25.0,25,65.0,0,X,30.0,200.0,-12.976642,-38.427553,0e1375f8092c5caa,TELEFONICA BRASIL S.A.
441168922,100MG7W,NR,3450,3450,310,25.0,25,65.0,0,X,30.0,200.0,-12.976642,-38.427553,0e1375f8092c5cab,TELEFONICA BRASIL S.A.
688508774,100MG7W,NR,3450,3450,40,25.0,25,65.0,0,X,28.0,200.0,-12.9608,-38.436828,0e1375f8092c5caf,TELEFONICA BRASIL S.A.
688508774,100MG7W,NR,3450,3450,140,25.0,25,65.0,0,X,28.0,200.0,-12.9608,-38.436828,0e1375f8092c5cb0,TELEFONICA BRASIL S.A.
688508774,100MG7W,NR,3450,3450,310,25.0,25,65.0,0,X,28.0,200.0,-12.9608,-38.436828,0e1375f8092c5cb1,TELEFONICA BRASIL S.A.
1009470601,100MG7W,NR,3450,3450,115,25.0,25,65.0,0,X,19.0,200.0,-12.928961,-38.347931,0e1375f8092c5cb2,TELEFONICA BRASIL S.A.
1009470601,100MG7W,NR,3450,3450,185,25.0,25,65.0,0,X,19.0,200.0,-12.928961,-38.347931,0e1375f8092c5cb3,TELEFONICA BRASIL S.A.
1009470601,100MG7W,NR,3450,3450,305,25.0,25,65.0,0,X,19.0,200.0,-12.928961,-38.347931,0e1375f8092c5cb4,TELEFONICA BRASIL S.A.
1010158934,100MG7W,NR,3450,3450,50,25.0,25,65.0,0,X,21.0,200.0,-12.934,-38.334861,0e1375f8092c5cb5,TELEFONICA BRASIL S.A.
1010158934,100MG7W,NR,3450,3450,200,25.0,25,65.0,0,X,21.0,200.0,-12.934,-38.334861,0e1375f8092c5cb6,TELEFONICA BRASIL S.A.
1010158934,100MG7W,NR,3450,3450,285,25.0,25,65.0,0,X,21.0,200.0,-12.934,-38.334861,0e1375f8092c5cb7,TELEFONICA BRASIL S.A.
413582752,100MG7W,NR,3450,3450,60,25.0,25,65.0,0,X,18.0,200.0,-12.985239,-38.476964,0e1375f8092c5cbb,TELEFONICA BRASIL S.A.
413582752,100MG7W,NR,3450,3450,200,25.0,25,65.0,0,X,18.0,200.0,-12.985239,-38.476964,0e1375f8092c5cbc,TELEFONICA BRASIL S.A.
413582752,100MG7W,NR,3450,3450,300,25.0,25,65.0,0,X,18.0,200.0,-12.985239,-38.476964,0e1375f8092c5cbd,TELEFONICA BRASIL S.A.
1012033519,100MG7W,NR,3450,3450,100,25.0,25,65.0,0,X,40.0,200.0,-13.009297,-38.522139,0e1375f8092c5cca,TELEFONICA BRASIL S.A.
1012033519,100MG7W,NR,3450,3450,240,25.0,25,65.0,0,X,40.0,200.0,-13.009297,-38.522139,0e1375f8092c5ccb,TELEFONICA BRASIL S.A.
1012033519,100MG7W,NR,3450,3450,350,25.0,25,65.0,0,X,40.0,200.0,-13.009297,-38.522139,0e1375f8092c5ccc,TELEFONICA BRASIL S.A.
1009470571,100MG7W,NR,3450,3450,58,25.0,25,65.0,0,X,18.0,200.0,-12.988778,-38.480803,0e1375f8092c5ccd,TELEFONICA BRASIL S.A.
1009470571,100MG7W,NR,3450,3450,195,25.0,25,65.0,0,X,18.0,200.0,-12.988778,-38.480803,0e1375f8092c5cce,TELEFONICA BRASIL S.A.
1009470571,100MG7W,NR,3450,3450,340,25.0,25,65.0,0,X,18.0,200.0,-12.988778,-38.480803,0e1375f8092c5ccf,TELEFONICA BRASIL S.A.
5220394,100MG7W,NR,3450,3450,70,25.0,25,65.0,0,X,28.0,200.0,-12.996872,-38.492231,0e1375f8092c5cd0,TELEFONICA BRASIL S.A.
5220394,100MG7W,NR,3450,3450,190,25.0,25,65.0,0,X,28.0,200.0,-12.996872,-38.492231,0e1375f8092c5cd1,TELEFONICA BRASIL S.A.
5220394,100MG7W,NR,3450,3450,290,25.0,25,65.0,0,X,28.0,200.0,-12.996872,-38.492231,0e1375f8092c5cd2,TELEFONICA BRASIL S.A.
422352748,100MG7W,NR,3450,3450,70,25.0,25,65.0,0,X,38.0,200.0,-12.999589,-38.51015,0e1375f8092c5cd3,TELEFONICA BRASIL S.A.
422352748,100MG7W,NR,3450,3450,150,25.0,25,65.0,0,X,38.0,200.0,-12.999589,-38.51015,0e1375f8092c5cd4,TELEFONICA BRASIL S.A.
422352748,100MG7W,NR,3450,3450,280,25.0,25,65.0,0,X,38.0,200.0,-12.999589,-38.51015,0e1375f8092c5cd5,TELEFONICA BRASIL S.A.
422352691,100MG7W,NR,3450,3450,50,25.0,25,65.0,0,X,41.0,200.0,-12.969697,-38.411639,0e1375f8092c5cd6,TELEFONICA BRASIL S.A.
422352691,100MG7W,NR,3450,3450,230,25.0,25,65.0,0,X,41.0,200.0,-12.969697,-38.411639,0e1375f8092c5cd7,TELEFONICA BRASIL S.A.
422352691,100MG7W,NR,3450,3450,300,25.0,25,65.0,0,X,41.0,200.0,-12.969697,-38.411639,0e1375f8092c5cd8,TELEFONICA BRASIL S.A.
422352870,100MG7W,NR,3450,3450,60,25.0,25,65.0,0,X,25.0,200.0,-12.978644,-38.472167,0e1375f8092c5cdc,TELEFONICA BRASIL S.A.
422352870,100MG7W,NR,3450,3450,140,25.0,25,65.0,0,X,25.0,200.0,-12.978644,-38.472167,0e1375f8092c5cdd,TELEFONICA BRASIL S.A.
422352870,100MG7W,NR,3450,3450,310,25.0,25,65.0,0,X,25.0,200.0,-12.978644,-38.472167,0e1375f8092c5cde,TELEFONICA BRASIL S.A.
443207364,100MG7W,NR,3450,3450,60,25.0,25,65.0,0,X,23.0,200.0,-12.973842,-38.452044,0e1375f8092c5cdf,TELEFONICA BRASIL S.A.
443207364,100MG7W,NR,3450,3450,170,25.0,25,65.0,0,X,23.0,200.0,-12.973842,-38.452044,0e1375f8092c5ce0,TELEFONICA BRASIL S.A.
443207364,100MG7W,NR,3450,3450,290,25.0,25,65.0,0,X,23.0,200.0,-12.973842,-38.452044,0e1375f8092c5ce1,TELEFONICA BRASIL S.A.
671029126,100MG7W,NR,3450,3450,40,25.0,25,65.0,0,X,60.0,200.0,-12.939006,-38.394289,0e1375f8092c5ce2,TELEFONICA BRASIL S.A.
671029126,100MG7W,NR,3450,3450,200,25.0,25,65.0,0,X,60.0,200.0,-12.939006,-38.394289,0e1375f8092c5ce3,TELEFONICA BRASIL S.A.
671029126,100MG7W,NR,3450,3450,280,25.0,25,65.0,0,X,60.0,200.0,-12.939006,-38.394289,0e1375f8092c5ce4,TELEFONICA BRASIL S.A.
1008950774,100MG7W,NR,3450,3450,360,25.0,25,65.0,0,X,25.0,200.0,-12.9576,-38.407767,0e1375f8092c5ce5,TELEFONICA BRASIL S.A.
1008950774,100MG7W,NR,3450,3450,120,25.0,25,65.0,0,X,25.0,200.0,-12.9576,-38.407767,0e1375f8092c5ce6,TELEFONICA BRASIL S.A.
1008950774,100MG7W,NR,3450,3450,240,25.0,25,65.0,0,X,25.0,200.0,-12.9576,-38.407767,0e1375f8092c5ce7,TELEFONICA BRASIL S.A.
1009077632,100MG7W,NR,3450,3450,95,25.0,25,65.0,0,X,25.0,200.0,-13.009444,-38.528472,0e1375f8092c5ce8,TELEFONICA BRASIL S.A.
1009077632,100MG7W,NR,3450,3450,250,25.0,25,65.0,0,X,25.0,200.0,-13.009444,-38.528472,0e1375f8092c5ce9,TELEFONICA BRASIL S.A.
1009077632,100MG7W,NR,3450,3450,340,25.0,25,65.0,0,X,25.0,200.0,-13.009444,-38.528472,0e1375f8092c5cea,TELEFONICA BRASIL S.A.
422352624,100MG7W,NR,3450,3450,70,25.0,25,65.0,0,X,60.0,200.0,-12.939267,-38.362597,0e1375f8092c5cee,TELEFONICA BRASIL S.A.
422352624,100MG7W,NR,3450,3450,160,25.0,25,65.0,0,X,60.0,200.0,-12.939267,-38.362597,0e1375f8092c5cef,TELEFONICA BRASIL S.A.
422352624,100MG7W,NR,3450,3450,270,25.0,25,65.0,0,X,60.0,200.0,-12.939267,-38.362597,0e1375f8092c5cf0,TELEFONICA BRASIL S.A.
691819408,100MG7W,NR,3450,3450,10,25.0,25,65.0,0,X,42.0,200.0,-12.984778,-38.520547,0e1375f8092c5cf1,TELEFONICA BRASIL S.A.
691819408,100MG7W,NR,3450,3450,50,25.0,25,65.0,0,X,42.0,200.0,-12.984778,-38.520547,0e1375f8092c5cf2,TELEFONICA BRASIL S.A.
691819408,100MG7W,NR,3450,3450,230,25.0,25,65.0,0,X,42.0,200.0,-12.984778,-38.520547,0e1375f8092c5cf3,TELEFONICA BRASIL S.A.
422352845,100MG7W,NR,3450,3450,360,25.0,25,65.0,0,X,20.0,200.0,-12.972731,-38.510864,0e1375f8092c5cf7,TELEFONICA BRASIL S.A.
422352845,100MG7W,NR,3450,3450,240,25.0,25,65.0,0,X,20.0,200.0,-12.972731,-38.510864,0e1375f8092c5cf8,TELEFONICA BRASIL S.A.
422352845,100MG7W,NR,3450,3450,310,25.0,25,65.0,0,X,20.0,200.0,-12.972731,-38.510864,0e1375f8092c5cf9,TELEFONICA BRASIL S.A.
422352446,100MG7W,NR,3450,3450,10,25.0,25,65.0,0,X,43.0,200.0,-12.981825,-38.515058,0e1375f8092c5d00,TELEFONICA BRASIL S.A.
422352446,100MG7W,NR,3450,3450,120,25.0,25,65.0,0,X,43.0,200.0,-12.981825,-38.515058,0e1375f8092c5d01,TELEFONICA BRASIL S.A.
422352446,100MG7W,NR,3450,3450,230,25.0,25,65.0,0,X,43.0,200.0,-12.981825,-38.515058,0e1375f8092c5d02,TELEFONICA BRASIL S.A.
5285038,100MG7W,NR,3450,3450,20,25.0,25,65.0,0,X,71.5,200.0,-12.945369,-38.414617,176585f805225ca8,TELEFONICA BRASIL S.A.
5285038,100MG7W,NR,3450,3450,110,25.0,25,65.0,0,X,71.5,200.0,-12.945369,-38.414617,176585f805225ca9,TELEFONICA BRASIL S.A.
5285038,100MG7W,NR,3450,3450,210,25.0,25,65.0,0,X,71.5,200.0,-12.945369,-38.414617,176585f805225caa,TELEFONICA BRASIL S.A.
413584500,100MG7W,NR,3450,3450,90,25.0,25,65.0,0,X,33.0,200.0,-12.94975,-38.435556,176585f805225cab,TELEFONICA BRASIL S.A.
413584500,100MG7W,NR,3450,3450,180,25.0,25,65.0,0,X,33.0,200.0,-12.94975,-38.435556,176585f805225cac,TELEFONICA BRASIL S.A.
413584500,100MG7W,NR,3450,3450,270,25.0,25,65.0,0,X,33.0,200.0,-12.94975,-38.435556,176585f805225cad,TELEFONICA BRASIL S.A.
5283310,100MG7W,NR,3450,3450,360,25.0,25,65.0,0,X,61.0,200.0,-12.970731,-38.438203,176585f805225cbd,TELEFONICA BRASIL S.A.
5283310,100MG7W,NR,3450,3450,90,25.0,25,65.0,0,X,61.0,200.0,-12.970731,-38.438203,176585f805225cbe,TELEFONICA BRASIL S.A.
5283310,100MG7W,NR,3450,3450,195,25.0,25,65.0,0,X,62.0,200.0,-12.970731,-38.438203,176585f805225cbf,TELEFONICA BRASIL S.A.
1014971532,100MG7W,NR,3450,3450,20,25.0,25,65.0,0,X,22.0,200.0,-13.01152,-38.4903,176585f805225ce4,TELEFONICA BRASIL S.A.
1014971532,100MG7W,NR,3450,3450,160,25.0,25,65.0,0,X,22.0,200.0,-13.01152,-38.4903,176585f805225ce5,TELEFONICA BRASIL S.A.
1014971532,100MG7W,NR,3450,3450,290,25.0,25,65.0,0,X,22.0,200.0,-13.01152,-38.4903,176585f805225ce6,TELEFONICA BRASIL S.A.
1006815039,100MG7W,NR,3450,3450,50,25.0,25,65.0,0,X,36.0,200.0,-12.93335,-38.371561,66cb95f80250b98e,TELEFONICA BRASIL S.A.
1006815039,100MG7W,NR,3450,3450,150,25.0,25,65.0,0,X,36.0,200.0,-12.93335,-38.371561,66cb95f80250b98f,TELEFONICA BRASIL S.A.
1006815039,100MG7W,NR,3450,3450,250,25.0,25,65.0,0,X,36.0,200.0,-12.93335,-38.371561,66cb95f80250b990,TELEFONICA BRASIL S.A.
5221781,100MG7W,NR,3450,3450,20,25.0,25,65.0,0,X,30.0,200.0,-12.94833,-38.385,75c1c5f80220c044,TELEFONICA BRASIL S.A.
5221781,100MG7W,NR,3450,3450,130,25.0,25,65.0,0,X,30.0,200.0,-12.94833,-38.385,75c1c5f80220c045,TELEFONICA BRASIL S.A.
5221781,100MG7W,NR,3450,3450,220,25.0,25,65.0,0,X,30.0,200.0,-12.94833,-38.385,75c1c5f80220c046,TELEFONICA BRASIL S.A.
1015147280,100MG7W,NR,3450,3450,15,25.0,25,65.0,0,X,15.0,200.0,-12.9314,-38.513219,75c1c5f80220c05c,TELEFONICA BRASIL S.A.
1015147280,100MG7W,NR,3450,3450,130,25.0,25,65.0,0,X,15.0,200.0,-12.9314,-38.513219,75c1c5f80220c05d,TELEFONICA BRASIL S.A.
1015147280,100MG7W,NR,3450,3450,305,25.0,25,65.0,0,X,15.0,200.0,-12.9314,-38.513219,75c1c5f80220c05e,TELEFONICA BRASIL S.A.
1000881226,100MG7W,NR,3450,3450,350,25.0,25,65.0,0,X,27.0,200.0,-12.94417,-38.37056,1e79a5f80277ab94,TELEFONICA BRASIL S.A.
1000881226,100MG7W,NR,3450,3450,100,25.0,25,65.0,0,X,27.0,200.0,-12.94417,-38.37056,1e79a5f80277ab95,TELEFONICA BRASIL S.A.
1000881226,100MG7W,NR,3450,3450,250,25.0,25,65.0,0,X,27.0,200.0,-12.94417,-38.37056,1e79a5f80277ab96,TELEFONICA BRASIL S.A.
1011668006,100MG7W,NR,3450,3450,50,25.0,25,65.0,0,X,19.0,31.62,-12.914431,-38.329842,5b17d5f803aafc9c,TELEFONICA BRASIL S.A.
1011668006,100MG7W,NR,3450,3450,200,25.0,25,65.0,0,X,19.0,31.62,-12.914431,-38.329842,5b17d5f803aafc9d,TELEFONICA BRASIL S.A.
1011668006,100MG7W,NR,3450,3450,290,25.0,25,65.0,0,X,19.0,31.62,-12.914431,-38.329842,5b17d5f803aafc9e,TELEFONICA BRASIL S.A.
1015375348,100MG7W,NR,3450,3450,90,25.0,25,105.0,0,X,50.0,200.0,-12.9817,-38.43269,30c7e5f8031e4aab,TELEFONICA BRASIL S.A.
1015375348,100MG7W,NR,3450,3450,170,25.0,25,105.0,0,X,50.0,200.0,-12.9817,-38.43269,30c7e5f8031e4aac,TELEFONICA BRASIL S.A.
1015375348,100MG7W,NR,3450,3450,335,25.0,25,105.0,0,X,50.0,200.0,-12.9817,-38.43269,30c7e5f8031e4aad,TELEFONICA BRASIL S.A.
1015690162,100MG7W,NR,3450,3450,165,12.0,25,65.0,0,X,4.6,40.0,-12.983374,-38.468428,009ee5f802c89ae3,TELEFONICA BRASIL S.A.
1015690197,100MG7W,NR,3450,3450,355,12.0,25,65.0,0,X,6.0,40.0,-12.970244,-38.478503,009ee5f802c89ae6,TELEFONICA BRASIL S.A.
1015690200,100MG7W,NR,3450,3450,110,12.0,25,65.0,0,X,5.4,40.0,-12.978817,-38.464689,009ee5f802c89ae7,TELEFONICA BRASIL S.A.
1015690227,100MG7W,NR,3450,3450,130,12.0,25,65.0,0,X,5.7,40.0,-12.952991,-38.44795,009ee5f802c89ae9,TELEFONICA BRASIL S.A.
1015690243,100MG7W,NR,3450,3450,355,12.0,25,65.0,0,X,4.0,40.0,-12.98021,-38.4646,009ee5f802c89aeb,TELEFONICA BRASIL S.A.
1015690286,100MG7W,NR,3450,3450,225,12.0,25,65.0,0,X,5.2,40.0,-12.84291,-38.46839,009ee5f802c89aef,TELEFONICA BRASIL S.A.
1015690294,100MG7W,NR,3450,3450,315,12.0,25,65.0,0,X,6.0,40.0,-12.84493,-38.46951,009ee5f802c89af0,TELEFONICA BRASIL S.A.
1015690308,100MG7W,NR,3450,3450,95,12.0,25,65.0,0,X,7.0,40.0,-12.911,-38.35079,009ee5f802c89af1,TELEFONICA BRASIL S.A.
1000621313,100MG7W,NR,3450,3450,40,25.0,25,65.0,0,X,31.0,200.0,-12.897833,-38.462,b470e5f803709784,TELEFONICA BRASIL S.A.
1000621313,100MG7W,NR,3450,3450,130,25.0,25,65.0,0,X,31.0,200.0,-12.897833,-38.462,b470e5f803709785,TELEFONICA BRASIL S.A.
1000621313,100MG7W,NR,3450,3450,250,25.0,25,65.0,0,X,31.0,200.0,-12.897833,-38.462,b470e5f803709786,TELEFONICA BRASIL S.A.
1009077691,100MG7W,NR,3450,3450,20,25.0,25,65.0,0,X,44.0,200.0,-12.9163,-38.478431,b470e5f8037097cc,TELEFONICA BRASIL S.A.
1009077691,100MG7W,NR,3450,3450,190,25.0,25,65.0,0,X,44.0,200.0,-12.9163,-38.478431,b470e5f8037097cd,TELEFONICA BRASIL S.A.
1009077691,100MG7W,NR,3450,3450,280,25.0,25,65.0,0,X,44.0,200.0,-12.9163,-38.478431,b470e5f8037097ce,TELEFONICA BRASIL S.A.
1009557197,100MG7W,NR,3450,3450,70,25.0,25,65.0,0,X,34.0,200.0,-12.857539,-38.47425,b470e5f8037097fc,TELEFONICA BRASIL S.A.
1009557197,100MG7W,NR,3450,3450,180,25.0,25,65.0,0,X,34.0,200.0,-12.857539,-38.47425,b470e5f8037097fd,TELEFONICA BRASIL S.A.
1009557197,100MG7W,NR,3450,3450,320,25.0,25,65.0,0,X,34.0,200.0,-12.857539,-38.47425,b470e5f8037097fe,TELEFONICA BRASIL S.A.
1014956010,100MG7W,NR,3450,3450,60,25.0,25,65.0,0,X,33.5,200.0,-12.933739,-38.4947,b470e5f803709856,TELEFONICA BRASIL S.A.
1014956010,100MG7W,NR,3450,3450,175,25.0,25,65.0,0,X,33.5,200.0,-12.933739,-38.4947,b470e5f803709857,TELEFONICA BRASIL S.A.
1014956010,100MG7W,NR,3450,3450,270,25.0,25,65.0,0,X,33.5,200.0,-12.933739,-38.4947,b470e5f803709858,TELEFONICA BRASIL S.A.
1015086303,100MG7W,NR,3450,3450,360,25.0,25,65.0,0,X,20.0,200.0,-12.945281,-38.491089,b470e5f803709874,TELEFONICA BRASIL S.A.
1015086303,100MG7W,NR,3450,3450,100,25.0,25,65.0,0,X,20.0,200.0,-12.945281,-38.491089,b470e5f803709875,TELEFONICA BRASIL S.A.
1015086303,100MG7W,NR,3450,3450,240,25.0,25,65.0,0,X,20.0,200.0,-12.945281,-38.491089,b470e5f803709876,TELEFONICA BRASIL S.A.
1015581762,100MG7W,NR,3450,3450,120,25.0,25,65.0,0,X,17.0,200.0,-12.96654,-38.5018,b470e5f8037098b0,TELEFONICA BRASIL S.A.
1015581762,100MG7W,NR,3450,3450,210,25.0,25,65.0,0,X,17.0,200.0,-12.96654,-38.5018,b470e5f8037098b1,TELEFONICA BRASIL S.A.
1015581762,100MG7W,NR,3450,3450,270,25.0,25,65.0,0,X,17.0,200.0,-12.96654,-38.5018,b470e5f8037098b2,TELEFONICA BRASIL S.A.
422395480,100MG7W,NR,3450,3450,70,25.0,25,65.0,0,X,24.0,200.0,-12.95778,-38.48833,b470e5f8037098d1,TELEFONICA BRASIL S.A.
422395480,100MG7W,NR,3450,3450,190,25.0,25,65.0,0,X,24.0,200.0,-12.95778,-38.48833,b470e5f8037098d2,TELEFONICA BRASIL S.A.
422395480,100MG7W,NR,3450,3450,320,25.0,25,65.0,0,X,24.0,200.0,-12.95778,-38.48833,b470e5f8037098d3,TELEFONICA BRASIL S.A.
693116510,100MG7W,NR,3450,3450,40,25.0,25,65.0,0,X,37.0,200.0,-12.8875,-38.4727,b470e5f803709928,TELEFONICA BRASIL S.A.
693116510,100MG7W,NR,3450,3450,190,25.0,25,65.0,0,X,37.0,200.0,-12.8875,-38.4727,b470e5f803709929,TELEFONICA BRASIL S.A.
693116510,100MG7W,NR,3450,3450,280,25.0,25,65.0,0,X,37.0,200.0,-12.8875,-38.4727,b470e5f80370992a,TELEFONICA BRASIL S.A.
422353159,100MG7W,NR,3450,3450,115,25.0,25,65.0,0,X,22.0,200.0,-12.987767,-38.510533,e59de5f81a0dad3e,TELEFONICA BRASIL S.A.
422353159,100MG7W,NR,3450,3450,180,25.0,25,65.0,0,X,22.0,200.0,-12.987767,-38.510533,e59de5f81a0dad3f,TELEFONICA BRASIL S.A.
422353159,100MG7W,NR,3450,3450,260,25.0,25,65.0,0,X,22.0,200.0,-12.987767,-38.510533,e59de5f81a0dad40,TELEFONICA BRASIL S.A.
1008385473,100MG7W,NR,3450,3450,120,25.0,25,65.0,0,X,33.0,200.0,-12.862556,-38.422192,e59de5f81a0dadc5,TELEFONICA BRASIL S.A.
1008385473,100MG7W,NR,3450,3450,180,25.0,25,65.0,0,X,33.0,200.0,-12.862556,-38.422192,e59de5f81a0dadc6,TELEFONICA BRASIL S.A.
1008385473,100MG7W,NR,3450,3450,290,25.0,25,65.0,0,X,33.0,200.0,-12.862556,-38.422192,e59de5f81a0dadc7,TELEFONICA BRASIL S.A.
1000621186,100MG7W,NR,3450,3450,60,25.0,25,65.0,0,X,32.0,200.0,-12.930556,-38.48475,e59de5f81a0dae37,TELEFONICA BRASIL S.A.
1000621186,100MG7W,NR,3450,3450,170,25.0,25,65.0,0,X,32.0,200.0,-12.930556,-38.48475,e59de5f81a0dae38,TELEFONICA BRASIL S.A.
1000621186,100MG7W,NR,3450,3450,320,25.0,25,65.0,0,X,32.0,200.0,-12.930556,-38.48475,e59de5f81a0dae39,TELEFONICA BRASIL S.A.
5285135,100MG7W,NR,3450,3450,60,25.0,25,65.0,0,X,61.5,200.0,-12.915897,-38.463408,e59de5f81a0dae64,TELEFONICA BRASIL S.A.
5285135,100MG7W,NR,3450,3450,200,25.0,25,65.0,0,X,61.5,200.0,-12.915897,-38.463408,e59de5f81a0dae65,TELEFONICA BRASIL S.A.
5285135,100MG7W,NR,3450,3450,290,25.0,25,65.0,0,X,61.5,200.0,-12.915897,-38.463408,e59de5f81a0dae66,TELEFONICA BRASIL S.A.
1009077683,100MG7W,NR,3450,3450,75,25.0,25,65.0,0,X,25.0,200.0,-12.904889,-38.447631,e59de5f81a0dae76,TELEFONICA BRASIL S.A.
1009077683,100MG7W,NR,3450,3450,235,25.0,25,65.0,0,X,25.0,200.0,-12.904889,-38.447631,e59de5f81a0dae77,TELEFONICA BRASIL S.A.
1009077683,100MG7W,NR,3450,3450,340,25.0,25,65.0,0,X,25.0,200.0,-12.904889,-38.447631,e59de5f81a0dae78,TELEFONICA BRASIL S.A.
693118199,100MG7W,NR,3450,3450,360,25.0,25,65.0,0,X,20.0,200.0,-12.8548,-38.4562,e59de5f81a0daea0,TELEFONICA BRASIL S.A.
693118199,100MG7W,NR,3450,3450,120,25.0,25,65.0,0,X,20.0,200.0,-12.8548,-38.4562,e59de5f81a0daea1,TELEFONICA BRASIL S.A.
693118199,100MG7W,NR,3450,3450,260,25.0,25,65.0,0,X,20.0,200.0,-12.8548,-38.4562,e59de5f81a0daea2,TELEFONICA BRASIL S.A.
1011578929,100MG7W,NR,3450,3450,75,25.0,25,65.0,0,X,19.0,200.0,-12.901783,-38.457356,e59de5f81a0daea9,TELEFONICA BRASIL S.A.
1011578929,100MG7W,NR,3450,3450,135,25.0,25,65.0,0,X,19.0,200.0,-12.901783,-38.457356,e59de5f81a0daeaa,TELEFONICA BRASIL S.A.
1011578929,100MG7W,NR,3450,3450,245,25.0,25,65.0,0,X,19.0,200.0,-12.901783,-38.457356,e59de5f81a0daeab,TELEFONICA BRASIL S.A.
698280547,100MG7W,NR,3450,3450,360,25.0,25,65.0,0,X,16.0,200.0,-12.933622,-38.445036,e59de5f81a0daed6,TELEFONICA BRASIL S.A.
698280547,100MG7W,NR,3450,3450,120,25.0,25,65.0,0,X,16.0,200.0,-12.933622,-38.445036,e59de5f81a0daed7,TELEFONICA BRASIL S.A.
698280547,100MG7W,NR,3450,3450,240,25.0,25,65.0,0,X,16.0,200.0,-12.933622,-38.445036,e59de5f81a0daed8,TELEFONICA BRASIL S.A.
698874692,100MG7W,NR,3450,3450,40,25.0,25,65.0,0,X,50.0,200.0,-12.9802,-38.500431,e59de5f81a0daee8,TELEFONICA BRASIL S.A.
698874692,100MG7W,NR,3450,3450,220,25.0,25,65.0,0,X,50.0,200.0,-12.9802,-38.500431,e59de5f81a0daee9,TELEFONICA BRASIL S.A.
698874692,100MG7W,NR,3450,3450,290,25.0,25,65.0,0,X,50.0,200.0,-12.9802,-38.500431,e59de5f81a0daeea,TELEFONICA BRASIL S.A.
1001508987,100MG7W,NR,3450,3450,20,25.0,25,65.0,0,X,19.0,200.0,-12.957806,-38.494889,e59de5f81a0daef4,TELEFONICA BRASIL S.A.
1001508987,100MG7W,NR,3450,3450,140,25.0,25,65.0,0,X,19.0,200.0,-12.957806,-38.494889,e59de5f81a0daef5,TELEFONICA BRASIL S.A.
1001508987,100MG7W,NR,3450,3450,250,25.0,25,65.0,0,X,19.0,200.0,-12.957806,-38.494889,e59de5f81a0daef6,TELEFONICA BRASIL S.A.
684475421,100MG7W,NR,3450,3450,100,25.0,25,65.0,0,X,41.0,200.0,-12.895122,-38.439147,e59de5f81a0dafd1,TELEFONICA BRASIL S.A.
684475421,100MG7W,NR,3450,3450,260,25.0,25,65.0,0,X,41.0,200.0,-12.895122,-38.439147,e59de5f81a0dafd2,TELEFONICA BRASIL S.A.
684475421,100MG7W,NR,3450,3450,340,25.0,25,65.0,0,X,41.0,200.0,-12.895122,-38.439147,e59de5f81a0dafd3,TELEFONICA BRASIL S.A.
511790120,100MG7W,NR,3450,3450,30,25.0,25,65.0,0,X,42.0,200.0,-12.869025,-38.476978,e59de5f81a0db019,TELEFONICA BRASIL S.A.
511790120,100MG7W,NR,3450,3450,90,25.0,25,65.0,0,X,42.0,200.0,-12.869025,-38.476978,e59de5f81a0db01a,TELEFONICA BRASIL S.A.
511790120,100MG7W,NR,3450,3450,190,25.0,25,65.0,0,X,42.0,200.0,-12.869025,-38.476978,e59de5f81a0db01b,TELEFONICA BRASIL S.A.
1000621151,100MG7W,NR,3450,3450,60,25.0,25,65.0,0,X,40.0,200.0,-12.955389,-38.484583,e59de5f81a0db02e,TELEFONICA BRASIL S.A.
1000621151,100MG7W,NR,3450,3450,150,25.0,25,65.0,0,X,40.0,200.0,-12.955389,-38.484583,e59de5f81a0db02f,TELEFONICA BRASIL S.A.
1000621151,100MG7W,NR,3450,3450,310,25.0,25,65.0,0,X,40.0,200.0,-12.955389,-38.484583,e59de5f81a0db030,TELEFONICA BRASIL S.A.
1009648427,100MG7W,NR,3450,3450,10,25.0,25,65.0,0,X,20.0,200.0,-12.9679,-38.468861,e59de5f81a0db040,TELEFONICA BRASIL S.A.
1009648427,100MG7W,NR,3450,3450,195,25.0,25,65.0,0,X,20.0,200.0,-12.9679,-38.468861,e59de5f81a0db041,TELEFONICA BRASIL S.A.
1009648427,100MG7W,NR,3450,3450,270,25.0,25,65.0,0,X,20.0,200.0,-12.9679,-38.468861,e59de5f81a0db042,TELEFONICA BRASIL S.A.
1009648435,100MG7W,NR,3450,3450,75,25.0,25,65.0,0,X,21.0,200.0,-12.970331,-38.459689,e59de5f81a0db04f,TELEFONICA BRASIL S.A.
1009648435,100MG7W,NR,3450,3450,175,25.0,25,65.0,0,X,21.0,200.0,-12.970331,-38.459689,e59de5f81a0db050,TELEFONICA BRASIL S.A.
1009648435,100MG7W,NR,3450,3450,275,25.0,25,65.0,0,X,21.0,200.0,-12.970331,-38.459689,e59de5f81a0db051,TELEFONICA BRASIL S.A.
1012670217,100MG7W,NR,3450,3450,45,25.0,25,65.0,0,X,34.0,200.0,-12.832939,-38.473131,e59de5f81a0db05e,TELEFONICA BRASIL S.A.
1012670217,100MG7W,NR,3450,3450,160,25.0,25,65.0,0,X,34.0,200.0,-12.832939,-38.473131,e59de5f81a0db05f,TELEFONICA BRASIL S.A.
1012670217,100MG7W,NR,3450,3450,270,25.0,25,65.0,0,X,34.0,200.0,-12.832939,-38.473131,e59de5f81a0db060,TELEFONICA BRASIL S.A.
1009077802,100MG7W,NR,3450,3450,60,25.0,25,65.0,0,X,25.0,200.0,-12.978581,-38.490789,e59de5f81a0db0a6,TELEFONICA BRASIL S.A.
1009077802,100MG7W,NR,3450,3450,190,25.0,25,65.0,0,X,25.0,200.0,-12.978581,-38.490789,e59de5f81a0db0a7,TELEFONICA BRASIL S.A.
1009077802,100MG7W,NR,3450,3450,300,25.0,25,65.0,0,X,25.0,200.0,-12.978581,-38.490789,e59de5f81a0db0a8,TELEFONICA BRASIL S.A.
1011167309,100MG7W,NR,3450,3450,25,25.0,25,65.0,0,X,15.0,200.0,-12.923461,-38.511311,e59de5f81a0db0c1,TELEFONICA BRASIL S.A.
1011167309,100MG7W,NR,3450,3450,240,25.0,25,65.0,0,X,15.0,200.0,-12.923461,-38.511311,e59de5f81a0db0c2,TELEFONICA BRASIL S.A.
1011167309,100MG7W,NR,3450,3450,310,25.0,25,65.0,0,X,15.0,200.0,-12.923461,-38.511311,e59de5f81a0db0c3,TELEFONICA BRASIL S.A.
1009146332,100MG7W,NR,3450,3450,20,25.0,25,65.0,0,X,30.0,200.0,-12.910533,-38.456964,e59de5f81a0db0d0,TELEFONICA BRASIL S.A.
1009146332,100MG7W,NR,3450,3450,120,25.0,25,65.0,0,X,30.0,200.0,-12.910533,-38.456964,e59de5f81a0db0d1,TELEFONICA BRASIL S.A.
1009146332,100MG7W,NR,3450,3450,280,25.0,25,65.0,0,X,30.0,200.0,-12.910533,-38.456964,e59de5f81a0db0d2,TELEFONICA BRASIL S.A.
413582876,100MG7W,NR,3450,3450,30,25.0,25,65.0,0,X,40.0,200.0,-12.874267,-38.430386,e59de5f81a0db139,TELEFONICA BRASIL S.A.
413582876,100MG7W,NR,3450,3450,210,25.0,25,65.0,0,X,40.0,200.0,-12.874267,-38.430386,e59de5f81a0db13a,TELEFONICA BRASIL S.A.
413582876,100MG7W,NR,3450,3450,330,25.0,25,65.0,0,X,40.0,200.0,-12.874267,-38.430386,e59de5f81a0db13b,TELEFONICA BRASIL S.A.
1012804035,100MG7W,NR,3450,3450,360,23.49,25,65.0,0,X,40.0,200.0,-12.886389,-38.481111,9f1336483f2d9b0e,TELEFONICA BRASIL S.A.
1012804035,100MG7W,NR,3450,3450,225,23.49,25,65.0,0,X,40.0,200.0,-12.886389,-38.481111,9f1336483f2d9b0f,TELEFONICA BRASIL S.A.
1012804035,100MG7W,NR,3450,3450,30,23.49,25,65.0,0,X,40.0,200.0,-12.886389,-38.481111,9f1336483f2d9b10,TELEFONICA BRASIL S.A.
1011668103,100MG7W,NR,3450,3450,10,23.49,25,65.0,0,X,12.0,200.0,-12.885833,-38.485472,9f1336483f2d9b11,TELEFONICA BRASIL S.A.
1011668103,100MG7W,NR,3450,3450,160,23.49,25,65.0,0,X,12.0,200.0,-12.885833,-38.485472,9f1336483f2d9b12,TELEFONICA BRASIL S.A.
1011668103,100MG7W,NR,3450,3450,220,23.49,25,65.0,0,X,12.0,200.0,-12.885833,-38.485472,9f1336483f2d9b13,TELEFONICA BRASIL S.A.
422353140,100MG7W,NR,3450,3450,100,23.49,25,65.0,0,X,50.0,200.0,-13.009889,-38.531456,9f1336483f2d9b14,TELEFONICA BRASIL S.A.
422353140,100MG7W,NR,3450,3450,350,23.49,25,65.0,0,X,50.0,200.0,-13.009889,-38.531456,9f1336483f2d9b15,TELEFONICA BRASIL S.A.
422353140,100MG7W,NR,3450,3450,50,23.49,25,65.0,0,X,50.0,200.0,-13.009889,-38.531456,9f1336483f2d9b16,TELEFONICA BRASIL S.A.
684475421,100MG7W,NR,3450,3450,100,17.45,0,65.0,0,X,40.0,200.0,-12.895122,-38.439147,9f1336483f2d9b17,TELEFONICA BRASIL S.A.
684475421,100MG7W,NR,3450,3450,260,17.45,0,65.0,0,X,40.0,200.0,-12.895122,-38.439147,9f1336483f2d9b18,TELEFONICA BRASIL S.A.
684475421,100MG7W,NR,3450,3450,340,17.45,0,65.0,0,X,40.0,200.0,-12.895122,-38.439147,9f1336483f2d9b19,TELEFONICA BRASIL S.A.
1008950928,100MG7W,NR,3450,3450,100,23.49,25,65.0,0,X,53.0,200.0,-12.992,-38.495917,9f1336483f2d9b1a,TELEFONICA BRASIL S.A.
1008950928,100MG7W,NR,3450,3450,225,23.49,25,65.0,0,X,53.0,200.0,-12.992,-38.495917,9f1336483f2d9b1b,TELEFONICA BRASIL S.A.
1008950928,100MG7W,NR,3450,3450,330,23.49,25,65.0,0,X,53.0,200.0,-12.992,-38.495917,9f1336483f2d9b1c,TELEFONICA BRASIL S.A.
436370565,100MG7W,NR,3450,3450,110,23.49,25,65.0,0,X,24.0,200.0,-12.958636,-38.452308,9f1336483f2d9b1d,TELEFONICA BRASIL S.A.
436370565,100MG7W,NR,3450,3450,290,23.49,25,65.0,0,X,24.0,200.0,-12.958636,-38.452308,9f1336483f2d9b1e,TELEFONICA BRASIL S.A.
436370565,100MG7W,NR,3450,3450,30,23.49,25,65.0,0,X,24.0,200.0,-12.958636,-38.452308,9f1336483f2d9b1f,TELEFONICA BRASIL S.A.
691722528,100MG7W,NR,3450,3450,110,23.49,25,65.0,0,X,18.0,200.0,-13.003078,-38.532306,9f1336483f2d9b20,TELEFONICA BRASIL S.A.
691722528,100MG7W,NR,3450,3450,15,23.49,25,65.0,0,X,18.0,200.0,-13.003078,-38.532306,9f1336483f2d9b21,TELEFONICA BRASIL S.A.
691722528,100MG7W,NR,3450,3450,180,23.49,25,65.0,0,X,18.0,200.0,-13.003078,-38.532306,9f1336483f2d9b22,TELEFONICA BRASIL S.A.
413586014,100MG7W,NR,3450,3450,110,23.49,25,65.0,0,X,30.0,200.0,-12.928439,-38.432078,9f1336483f2d9b23,TELEFONICA BRASIL S.A.
413586014,100MG7W,NR,3450,3450,210,23.49,25,65.0,0,X,30.0,200.0,-12.928439,-38.432078,9f1336483f2d9b24,TELEFONICA BRASIL S.A.
413586014,100MG7W,NR,3450,3450,310,23.49,25,65.0,0,X,30.0,200.0,-12.928439,-38.432078,9f1336483f2d9b25,TELEFONICA BRASIL S.A.
422423769,100MG7W,NR,3450,3450,360,23.49,25,65.0,0,X,24.0,200.0,-12.949069,-38.372164,9f1336483f2d9b26,TELEFONICA BRASIL S.A.
422423769,100MG7W,NR,3450,3450,110,23.49,25,65.0,0,X,24.0,200.0,-12.949069,-38.372164,9f1336483f2d9b27,TELEFONICA BRASIL S.A.
422423769,100MG7W,NR,3450,3450,250,23.49,25,65.0,0,X,24.0,200.0,-12.949069,-38.372164,9f1336483f2d9b28,TELEFONICA BRASIL S.A.
422352411,100MG7W,NR,3450,3450,130,23.49,25,65.0,0,X,15.0,200.0,-12.936689,-38.506961,9f1336483f2d9b2f,TELEFONICA BRASIL S.A.
422352411,100MG7W,NR,3450,3450,320,23.49,25,65.0,0,X,15.0,200.0,-12.936689,-38.506961,9f1336483f2d9b30,TELEFONICA BRASIL S.A.
422352411,100MG7W,NR,3450,3450,40,23.49,25,65.0,0,X,15.0,200.0,-12.936689,-38.506961,9f1336483f2d9b31,TELEFONICA BRASIL S.A.
422353124,100MG7W,NR,3450,3450,130,23.49,25,65.0,0,X,30.0,200.0,-12.972769,-38.488353,9f1336483f2d9b32,TELEFONICA BRASIL S.A.
422353124,100MG7W,NR,3450,3450,230,23.49,25,65.0,0,X,30.0,200.0,-12.972769,-38.488353,9f1336483f2d9b33,TELEFONICA BRASIL S.A.
422353124,100MG7W,NR,3450,3450,330,23.49,25,65.0,0,X,30.0,200.0,-12.972769,-38.488353,9f1336483f2d9b34,TELEFONICA BRASIL S.A.
1007928341,100MG7W,NR,3450,3450,140,23.49,25,65.0,0,X,30.0,200.0,-12.941153,-38.402517,9f1336483f2d9b35,TELEFONICA BRASIL S.A.
1007928341,100MG7W,NR,3450,3450,15,23.49,25,65.0,0,X,30.0,200.0,-12.941153,-38.402517,9f1336483f2d9b36,TELEFONICA BRASIL S.A.
1007928341,100MG7W,NR,3450,3450,210,23.49,25,65.0,0,X,30.0,200.0,-12.941153,-38.402517,9f1336483f2d9b37,TELEFONICA BRASIL S.A.
1009470610,100MG7W,NR,3450,3450,145,23.49,25,65.0,0,X,50.0,200.0,-12.967806,-38.48825,9f1336483f2d9b3b,TELEFONICA BRASIL S.A.
1009470610,100MG7W,NR,3450,3450,245,23.49,25,65.0,0,X,50.0,200.0,-12.967806,-38.48825,9f1336483f2d9b3c,TELEFONICA BRASIL S.A.
1009470610,100MG7W,NR,3450,3450,35,23.49,25,65.0,0,X,50.0,200.0,-12.967806,-38.48825,9f1336483f2d9b3d,TELEFONICA BRASIL S.A.
1015375305,100MG7W,NR,3450,3450,15,23.49,25,65.0,0,X,20.0,200.0,-12.91294,-38.49522,9f1336483f2d9b3e,TELEFONICA BRASIL S.A.
1015375305,100MG7W,NR,3450,3450,150,23.49,25,65.0,0,X,20.0,200.0,-12.91294,-38.49522,9f1336483f2d9b3f,TELEFONICA BRASIL S.A.
1015375305,100MG7W,NR,3450,3450,75,23.49,25,65.0,0,X,20.0,200.0,-12.91294,-38.49522,9f1336483f2d9b40,TELEFONICA BRASIL S.A.
1000621151,100MG7W,NR,3450,3450,150,17.45,0,65.0,0,X,40.0,200.0,-12.955389,-38.484583,9f1336483f2d9b41,TELEFONICA BRASIL S.A.
1000621151,100MG7W,NR,3450,3450,310,17.45,0,65.0,0,X,40.0,200.0,-12.955389,-38.484583,9f1336483f2d9b42,TELEFONICA BRASIL S.A.
1000621151,100MG7W,NR,3450,3450,60,17.45,0,65.0,0,X,40.0,200.0,-12.955389,-38.484583,9f1336483f2d9b43,TELEFONICA BRASIL S.A.
690103336,100MG7W,NR,3450,3450,150,17.45,0,65.0,0,X,40.0,200.0,-12.929222,-38.497333,9f1336483f2d9b44,TELEFONICA BRASIL S.A.
690103336,100MG7W,NR,3450,3450,290,17.45,0,65.0,0,X,40.0,200.0,-12.929222,-38.497333,9f1336483f2d9b45,TELEFONICA BRASIL S.A.
690103336,100MG7W,NR,3450,3450,80,17.45,0,65.0,0,X,40.0,200.0,-12.929222,-38.497333,9f1336483f2d9b46,TELEFONICA BRASIL S.A.
1009470628,100MG7W,NR,3450,3450,155,23.49,25,65.0,0,X,18.0,31.62,-12.9315,-38.326889,9f1336483f2d9b47,TELEFONICA BRASIL S.A.
1009470628,100MG7W,NR,3450,3450,235,23.49,25,65.0,0,X,18.0,31.62,-12.9315,-38.326889,9f1336483f2d9b48,TELEFONICA BRASIL S.A.
1009470628,100MG7W,NR,3450,3450,75,23.49,25,65.0,0,X,18.0,31.62,-12.9315,-38.326889,9f1336483f2d9b49,TELEFONICA BRASIL S.A.
1011453425,100MG7W,NR,3450,3450,160,23.49,25,65.0,0,X,40.0,200.0,-12.878417,-38.46925,9f1336483f2d9b4a,TELEFONICA BRASIL S.A.
1011453425,100MG7W,NR,3450,3450,290,23.49,25,65.0,0,X,40.0,200.0,-12.878417,-38.46925,9f1336483f2d9b4b,TELEFONICA BRASIL S.A.
1011453425,100MG7W,NR,3450,3450,30,23.49,25,65.0,0,X,40.0,200.0,-12.878417,-38.46925,9f1336483f2d9b4c,TELEFONICA BRASIL S.A.
1001809499,100MG7W,NR,3450,3450,160,17.45,0,65.0,0,X,40.0,200.0,-12.923167,-38.478861,9f1336483f2d9b4d,TELEFONICA BRASIL S.A.
1001809499,100MG7W,NR,3450,3450,270,17.45,0,65.0,0,X,40.0,200.0,-12.923167,-38.478861,9f1336483f2d9b4e,TELEFONICA BRASIL S.A.
1001809499,100MG7W,NR,3450,3450,60,17.45,0,65.0,0,X,40.0,200.0,-12.923167,-38.478861,9f1336483f2d9b4f,TELEFONICA BRASIL S.A.
688307361,100MG7W,NR,3450,3450,160,23.49,25,65.0,0,X,60.0,200.0,-12.97125,-38.513489,9f1336483f2d9b50,TELEFONICA BRASIL S.A.
688307361,100MG7W,NR,3450,3450,20,23.49,25,65.0,0,X,60.0,200.0,-12.97125,-38.513489,9f1336483f2d9b51,TELEFONICA BRASIL S.A.
688307361,100MG7W,NR,3450,3450,60,23.49,25,65.0,0,X,60.0,200.0,-12.97125,-38.513489,9f1336483f2d9b52,TELEFONICA BRASIL S.A.
5220513,100MG7W,NR,3450,3450,170,25.0,25,65.0,0,X,17.0,200.0,-12.946472,-38.501242,9f1336483f2d9b56,TELEFONICA BRASIL S.A.
5220513,100MG7W,NR,3450,3450,360,25.0,25,65.0,0,X,17.0,200.0,-12.946472,-38.501242,9f1336483f2d9b57,TELEFONICA BRASIL S.A.
5220513,100MG7W,NR,3450,3450,40,25.0,25,65.0,0,X,17.0,200.0,-12.946472,-38.501242,9f1336483f2d9b58,TELEFONICA BRASIL S.A.
413584534,100MG7W,NR,3450,3450,10,23.49,25,65.0,0,X,6.0,200.0,-12.968714,-38.507972,9f1336483f2d9b59,TELEFONICA BRASIL S.A.
413584534,100MG7W,NR,3450,3450,260,23.49,25,65.0,0,X,6.0,200.0,-12.968714,-38.507972,9f1336483f2d9b5a,TELEFONICA BRASIL S.A.
413584534,100MG7W,NR,3450,3450,310,23.49,25,65.0,0,X,6.0,200.0,-12.968714,-38.507972,9f1336483f2d9b5b,TELEFONICA BRASIL S.A.
1009648435,100MG7W,NR,3450,3450,175,23.49,25,65.0,0,X,21.0,200.0,-12.970331,-38.459689,9f1336483f2d9b5c,TELEFONICA BRASIL S.A.
1009648435,100MG7W,NR,3450,3450,275,23.49,25,65.0,0,X,21.0,200.0,-12.970331,-38.459689,9f1336483f2d9b5d,TELEFONICA BRASIL S.A.
1009648435,100MG7W,NR,3450,3450,75,23.49,25,65.0,0,X,21.0,200.0,-12.970331,-38.459689,9f1336483f2d9b5e,TELEFONICA BRASIL S.A.
1001523595,100MG7W,NR,3450,3450,180,23.49,25,65.0,0,X,51.0,200.0,-12.975,-38.44055,9f1336483f2d9b5f,TELEFONICA BRASIL S.A.
1001523595,100MG7W,NR,3450,3450,320,23.49,25,65.0,0,X,51.0,200.0,-12.975,-38.44055,9f1336483f2d9b60,TELEFONICA BRASIL S.A.
1001523595,100MG7W,NR,3450,3450,90,23.49,25,65.0,0,X,51.0,200.0,-12.975,-38.44055,9f1336483f2d9b61,TELEFONICA BRASIL S.A.
1001523560,100MG7W,NR,3450,3450,180,23.49,25,65.0,0,X,16.0,200.0,-13.00475,-38.532722,9f1336483f2d9b62,TELEFONICA BRASIL S.A.
1001523560,100MG7W,NR,3450,3450,310,23.49,25,65.0,0,X,16.0,200.0,-13.00475,-38.532722,9f1336483f2d9b63,TELEFONICA BRASIL S.A.
1001523560,100MG7W,NR,3450,3450,90,23.49,25,65.0,0,X,16.0,200.0,-13.00475,-38.532722,9f1336483f2d9b64,TELEFONICA BRASIL S.A.
1009146278,100MG7W,NR,3450,3450,180,17.45,0,65.0,0,X,30.0,200.0,-12.942419,-38.474439,9f1336483f2d9b65,TELEFONICA BRASIL S.A.
1009146278,100MG7W,NR,3450,3450,20,17.45,0,65.0,0,X,30.0,200.0,-12.942419,-38.474439,9f1336483f2d9b66,TELEFONICA BRASIL S.A.
1009146278,100MG7W,NR,3450,3450,270,17.45,0,65.0,0,X,30.0,200.0,-12.942419,-38.474439,9f1336483f2d9b67,TELEFONICA BRASIL S.A.
738255,100MG7W,NR,3450,3450,180,23.49,25,65.0,0,X,32.0,200.0,-12.978269,-38.464789,9f1336483f2d9b68,TELEFONICA BRASIL S.A.
738255,100MG7W,NR,3450,3450,300,23.49,25,65.0,0,X,32.0,200.0,-12.978269,-38.464789,9f1336483f2d9b69,TELEFONICA BRASIL S.A.
738255,100MG7W,NR,3450,3450,90,23.49,25,65.0,0,X,32.0,200.0,-12.978269,-38.464789,9f1336483f2d9b6a,TELEFONICA BRASIL S.A.
1009535851,100MG7W,NR,3450,3450,185,23.49,25,65.0,0,X,49.0,200.0,-12.988833,-38.487,9f1336483f2d9b6b,TELEFONICA BRASIL S.A.
1009535851,100MG7W,NR,3450,3450,325,23.49,25,65.0,0,X,49.0,200.0,-12.988833,-38.487,9f1336483f2d9b6c,TELEFONICA BRASIL S.A.
1009535851,100MG7W,NR,3450,3450,65,23.49,25,65.0,0,X,49.0,200.0,-12.988833,-38.487,9f1336483f2d9b6d,TELEFONICA BRASIL S.A.
1010004058,100MG7W,NR,3450,3450,190,25.0,25,65.0,0,X,18.0,200.0,-12.955583,-38.471722,9f1336483f2d9b6e,TELEFONICA BRASIL S.A.
1010004058,100MG7W,NR,3450,3450,305,25.0,25,65.0,0,X,18.0,200.0,-12.955583,-38.471722,9f1336483f2d9b6f,TELEFONICA BRASIL S.A.
1010004058,100MG7W,NR,3450,3450,60,25.0,25,65.0,0,X,18.0,200.0,-12.955583,-38.471722,9f1336483f2d9b70,TELEFONICA BRASIL S.A.
5220572,100MG7W,NR,3450,3450,10,23.49,25,65.0,0,X,18.0,200.0,-12.894817,-38.481931,9f1336483f2d9b71,TELEFONICA BRASIL S.A.
5220572,100MG7W,NR,3450,3450,130,23.49,25,65.0,0,X,18.0,200.0,-12.894817,-38.481931,9f1336483f2d9b72,TELEFONICA BRASIL S.A.
5220572,100MG7W,NR,3450,3450,250,23.49,25,65.0,0,X,18.0,200.0,-12.894817,-38.481931,9f1336483f2d9b73,TELEFONICA BRASIL S.A.
511790120,100MG7W,NR,3450,3450,190,17.45,0,65.0,0,X,40.0,200.0,-12.869025,-38.476978,9f1336483f2d9b74,TELEFONICA BRASIL S.A.
511790120,100MG7W,NR,3450,3450,30,17.45,0,65.0,0,X,40.0,200.0,-12.869025,-38.476978,9f1336483f2d9b75,TELEFONICA BRASIL S.A.
511790120,100MG7W,NR,3450,3450,90,17.45,0,65.0,0,X,40.0,200.0,-12.869025,-38.476978,9f1336483f2d9b76,TELEFONICA BRASIL S.A.
1009077802,100MG7W,NR,3450,3450,190,17.45,0,65.0,0,X,31.0,200.0,-12.978581,-38.490789,9f1336483f2d9b77,TELEFONICA BRASIL S.A.
1009077802,100MG7W,NR,3450,3450,300,17.45,0,65.0,0,X,31.0,200.0,-12.978581,-38.490789,9f1336483f2d9b78,TELEFONICA BRASIL S.A.
1009077802,100MG7W,NR,3450,3450,60,17.45,0,65.0,0,X,31.0,200.0,-12.978581,-38.490789,9f1336483f2d9b79,TELEFONICA BRASIL S.A.
1015143480,100MG7W,NR,3450,3450,195,23.49,25,65.0,0,X,24.0,200.0,-12.94564,-38.3781,9f1336483f2d9b7a,TELEFONICA BRASIL S.A.
1015143480,100MG7W,NR,3450,3450,295,23.49,25,65.0,0,X,24.0,200.0,-12.94564,-38.3781,9f1336483f2d9b7b,TELEFONICA BRASIL S.A.
1015143480,100MG7W,NR,3450,3450,40,23.49,25,65.0,0,X,24.0,200.0,-12.94564,-38.3781,9f1336483f2d9b7c,TELEFONICA BRASIL S.A.
1009535878,100MG7W,NR,3450,3450,20,17.45,0,65.0,0,X,30.0,200.0,-12.963,-38.449222,9f1336483f2d9b7d,TELEFONICA BRASIL S.A.
1009535878,100MG7W,NR,3450,3450,305,17.45,0,65.0,0,X,30.0,200.0,-12.963,-38.449222,9f1336483f2d9b7e,TELEFONICA BRASIL S.A.
1009535878,100MG7W,NR,3450,3450,85,17.45,0,65.0,0,X,30.0,200.0,-12.963,-38.449222,9f1336483f2d9b7f,TELEFONICA BRASIL S.A.
688827837,100MG7W,NR,3450,3450,200,23.49,25,65.0,0,X,120.0,200.0,-12.981725,-38.480519,9f1336483f2d9b80,TELEFONICA BRASIL S.A.
688827837,100MG7W,NR,3450,3450,290,23.49,25,65.0,0,X,120.0,200.0,-12.981725,-38.480519,9f1336483f2d9b81,TELEFONICA BRASIL S.A.
688827837,100MG7W,NR,3450,3450,40,23.49,25,65.0,0,X,120.0,200.0,-12.981725,-38.480519,9f1336483f2d9b82,TELEFONICA BRASIL S.A.
5285135,100MG7W,NR,3450,3450,200,23.49,25,65.0,0,X,60.0,200.0,-12.915897,-38.463408,9f1336483f2d9b83,TELEFONICA BRASIL S.A.
5285135,100MG7W,NR,3450,3450,290,23.49,25,65.0,0,X,60.0,200.0,-12.915897,-38.463408,9f1336483f2d9b84,TELEFONICA BRASIL S.A.
5285135,100MG7W,NR,3450,3450,60,23.49,25,65.0,0,X,60.0,200.0,-12.915897,-38.463408,9f1336483f2d9b85,TELEFONICA BRASIL S.A.
1012910730,100MG7W,NR,3450,3450,200,23.49,25,65.0,0,X,33.0,200.0,-12.87681,-38.47281,9f1336483f2d9b86,TELEFONICA BRASIL S.A.
1012910730,100MG7W,NR,3450,3450,270,23.49,25,65.0,0,X,33.0,200.0,-12.87681,-38.47281,9f1336483f2d9b87,TELEFONICA BRASIL S.A.
1012910730,100MG7W,NR,3450,3450,40,23.49,25,65.0,0,X,33.0,200.0,-12.87681,-38.47281,9f1336483f2d9b88,TELEFONICA BRASIL S.A.
1009497283,100MG7W,NR,3450,3450,205,23.49,25,65.0,0,X,28.0,200.0,-12.974861,-38.4205,9f1336483f2d9b89,TELEFONICA BRASIL S.A.
1009497283,100MG7W,NR,3450,3450,310,23.49,25,65.0,0,X,28.0,200.0,-12.974861,-38.4205,9f1336483f2d9b8a,TELEFONICA BRASIL S.A.
1009497283,100MG7W,NR,3450,3450,75,23.49,25,65.0,0,X,28.0,200.0,-12.974861,-38.4205,9f1336483f2d9b8b,TELEFONICA BRASIL S.A.
413582876,100MG7W,NR,3450,3450,210,17.45,0,65.0,0,X,40.0,200.0,-12.874267,-38.430386,9f1336483f2d9b8f,TELEFONICA BRASIL S.A.
413582876,100MG7W,NR,3450,3450,30,17.45,0,65.0,0,X,40.0,200.0,-12.874267,-38.430386,9f1336483f2d9b90,TELEFONICA BRASIL S.A.
413582876,100MG7W,NR,3450,3450,330,17.45,0,65.0,0,X,40.0,200.0,-12.874267,-38.430386,9f1336483f2d9b91,TELEFONICA BRASIL S.A.
698874692,100MG7W,NR,3450,3450,220,23.49,25,65.0,0,X,5.0,200.0,-12.9802,-38.500431,9f1336483f2d9b92,TELEFONICA BRASIL S.A.
698874692,100MG7W,NR,3450,3450,290,23.49,25,65.0,0,X,5.0,200.0,-12.9802,-38.500431,9f1336483f2d9b93,TELEFONICA BRASIL S.A.
698874692,100MG7W,NR,3450,3450,40,23.49,25,65.0,0,X,5.0,200.0,-12.9802,-38.500431,9f1336483f2d9b94,TELEFONICA BRASIL S.A.
1005519746,100MG7W,NR,3450,3450,230,23.49,25,65.0,0,X,17.0,200.0,-12.9442,-38.338586,9f1336483f2d9b95,TELEFONICA BRASIL S.A.
1005519746,100MG7W,NR,3450,3450,315,23.49,25,65.0,0,X,17.0,200.0,-12.9442,-38.338586,9f1336483f2d9b96,TELEFONICA BRASIL S.A.
1005519746,100MG7W,NR,3450,3450,40,23.49,25,65.0,0,X,17.0,200.0,-12.9442,-38.338586,9f1336483f2d9b97,TELEFONICA BRASIL S.A.
1012595347,100MG7W,NR,3450,3450,230,17.45,0,65.0,0,X,40.0,200.0,-12.907319,-38.396019,9f1336483f2d9b98,TELEFONICA BRASIL S.A.
1012595347,100MG7W,NR,3450,3450,350,17.45,0,65.0,0,X,40.0,200.0,-12.907319,-38.396019,9f1336483f2d9b99,TELEFONICA BRASIL S.A.
1012595347,100MG7W,NR,3450,3450,70,17.45,0,65.0,0,X,40.0,200.0,-12.907319,-38.396019,9f1336483f2d9b9a,TELEFONICA BRASIL S.A.
1009648427,100MG7W,NR,3450,3450,10,23.49,25,65.0,0,X,30.0,200.0,-12.9679,-38.468861,9f1336483f2d9b9b,TELEFONICA BRASIL S.A.
1009648427,100MG7W,NR,3450,3450,195,23.49,25,65.0,0,X,30.0,200.0,-12.9679,-38.468861,9f1336483f2d9b9c,TELEFONICA BRASIL S.A.
1009648427,100MG7W,NR,3450,3450,270,23.49,25,65.0,0,X,30.0,200.0,-12.9679,-38.468861,9f1336483f2d9b9d,TELEFONICA BRASIL S.A.
641228996,100MG7W,NR,3450,3450,290,23.49,25,65.0,0,X,40.0,200.0,-12.952714,-38.358739,9f1336483f2d9b9e,TELEFONICA BRASIL S.A.
641228996,100MG7W,NR,3450,3450,30,23.49,25,65.0,0,X,40.0,200.0,-12.952714,-38.358739,9f1336483f2d9b9f,TELEFONICA BRASIL S.A.
641228996,100MG7W,NR,3450,3450,80,23.49,25,65.0,0,X,40.0,200.0,-12.952714,-38.358739,9f1336483f2d9ba0,TELEFONICA BRASIL S.A.
696149478,100MG7W,NR,3450,3450,10,23.49,25,65.0,0,X,40.0,200.0,-12.939469,-38.432019,9f1336483f2d9ba1,TELEFONICA BRASIL S.A.
696149478,100MG7W,NR,3450,3450,150,23.49,25,65.0,0,X,40.0,200.0,-12.939469,-38.432019,9f1336483f2d9ba2,TELEFONICA BRASIL S.A.
696149478,100MG7W,NR,3450,3450,270,23.49,25,65.0,0,X,40.0,200.0,-12.939469,-38.432019,9f1336483f2d9ba3,TELEFONICA BRASIL S.A.
1011310136,100MG7W,NR,3450,3450,180,23.49,25,65.0,0,X,53.0,200.0,-12.970069,-38.4288,9f133648401e81bc,TELEFONICA BRASIL S.A.
1011310136,100MG7W,NR,3450,3450,240,23.49,25,65.0,0,X,53.0,200.0,-12.970069,-38.4288,9f133648401e81bd,TELEFONICA BRASIL S.A.
1011310136,100MG7W,NR,3450,3450,80,23.49,25,65.0,0,X,53.0,200.0,-12.970069,-38.4288,9f133648401e81be,TELEFONICA BRASIL S.A.
1009077616,100MG7W,NR,3450,3450,150,25.0,25,65.0,0,X,33.0,200.0,-12.88889,-38.42889,9f133648403d78bf,TELEFONICA BRASIL S.A.
1009077616,100MG7W,NR,3450,3450,20,25.0,25,65.0,0,X,33.0,200.0,-12.88889,-38.42889,9f133648403d78c0,TELEFONICA BRASIL S.A.
1009077616,100MG7W,NR,3450,3450,280,25.0,25,65.0,0,X,33.0,200.0,-12.88889,-38.42889,9f133648403d78c1,TELEFONICA BRASIL S.A.
1011668057,100MG7W,NR,3450,3450,190,23.49,25,65.0,0,X,33.0,200.0,-12.92375,-38.46966,9f133648403d78d1,TELEFONICA BRASIL S.A.
1011668057,100MG7W,NR,3450,3450,330,23.49,25,65.0,0,X,33.0,200.0,-12.92375,-38.46966,9f133648403d78d2,TELEFONICA BRASIL S.A.
1011668057,100MG7W,NR,3450,3450,85,23.49,25,65.0,0,X,33.0,200.0,-12.92375,-38.46966,9f133648403d78d3,TELEFONICA BRASIL S.A.
413582884,100MG7W,NR,3450,3450,100,17.45,0,65.0,0,X,30.0,200.0,-12.93262,-38.47813,9f133648403d791f,TELEFONICA BRASIL S.A.
413582884,100MG7W,NR,3450,3450,220,17.45,0,65.0,0,X,30.0,200.0,-12.93262,-38.47813,9f133648403d7920,TELEFONICA BRASIL S.A.
413582884,100MG7W,NR,3450,3450,40,17.45,0,65.0,0,X,30.0,200.0,-12.93262,-38.47813,9f133648403d7921,TELEFONICA BRASIL S.A.
1009146243,100MG7W,NR,3450,3450,200,25.0,25,65.0,0,X,26.0,200.0,-12.9096,-38.3592,05e90ae8035e63b9,TELEFONICA BRASIL S.A.
1009146243,100MG7W,NR,3450,3450,300,25.0,25,65.0,0,X,26.0,200.0,-12.9096,-38.3592,05e90ae8035e63ba,TELEFONICA BRASIL S.A.
1009146243,100MG7W,NR,3450,3450,60,25.0,25,65.0,0,X,26.0,200.0,-12.9096,-38.3592,05e90ae8035e63bb,TELEFONICA BRASIL S.A.
1010444376,100MG7W,NR,3450,3450,180,25.0,25,65.0,0,X,39.5,200.0,-12.898977,-38.391682,05e90ae8035e63ce,TELEFONICA BRASIL S.A.
1010444376,100MG7W,NR,3450,3450,30,25.0,25,65.0,0,X,39.5,200.0,-12.898977,-38.391682,05e90ae8035e63cf,TELEFONICA BRASIL S.A.
1010444376,100MG7W,NR,3450,3450,300,25.0,25,65.0,0,X,39.5,200.0,-12.898977,-38.391682,05e90ae8035e63d0,TELEFONICA BRASIL S.A.
1010491889,100MG7W,NR,3450,3450,175,25.0,25,65.0,0,X,45.0,200.0,-12.885583,-38.404944,05e90ae8035e6404,TELEFONICA BRASIL S.A.
1010491889,100MG7W,NR,3450,3450,265,25.0,25,65.0,0,X,45.0,200.0,-12.885583,-38.404944,05e90ae8035e6405,TELEFONICA BRASIL S.A.
1010491889,100MG7W,NR,3450,3450,75,25.0,25,65.0,0,X,45.0,200.0,-12.885583,-38.404944,05e90ae8035e6406,TELEFONICA BRASIL S.A.
1008950863,100MG7W,NR,3450,3450,75,25.0,25,65.0,0,X,29.5,200.0,-12.947692,-38.462811,c7eb0ae803ecf87f,TELEFONICA BRASIL S.A.
1008950863,100MG7W,NR,3450,3450,145,25.0,25,65.0,0,X,29.5,200.0,-12.947692,-38.462811,c7eb0ae803ecf883,TELEFONICA BRASIL S.A.
1008950863,100MG7W,NR,3450,3450,270,25.0,25,65.0,0,X,29.5,200.0,-12.947692,-38.462811,c7eb0ae803ecf887,TELEFONICA BRASIL S.A.
1001773818,100MG7W,NR,3450,3450,30,17.45,0,65.0,0,X,26.5,200.0,-12.907417,-38.433389,c7eb0ae803ecf8a3,TELEFONICA BRASIL S.A.
1001773818,100MG7W,NR,3450,3450,145,17.45,0,65.0,0,X,26.5,200.0,-12.907417,-38.433389,c7eb0ae803ecf8a4,TELEFONICA BRASIL S.A.
1001773818,100MG7W,NR,3450,3450,310,17.45,0,65.0,0,X,26.5,200.0,-12.907417,-38.433389,c7eb0ae803ecf8a5,TELEFONICA BRASIL S.A.
1010444392,100MG7W,NR,3450,3450,80,17.45,0,65.0,0,X,31.5,31.62,-12.899022,-38.355711,c7eb0ae803ecf8fa,TELEFONICA BRASIL S.A.
1010444392,100MG7W,NR,3450,3450,200,17.45,0,65.0,0,X,31.5,31.62,-12.899022,-38.355711,c7eb0ae803ecf8fb,TELEFONICA BRASIL S.A.
1010444392,100MG7W,NR,3450,3450,280,17.45,0,65.0,0,X,31.5,31.62,-12.899022,-38.355711,c7eb0ae803ecf8fc,TELEFONICA BRASIL S.A.
436370573,100MG7W,NR,3450,3450,30,23.49,25,65.0,0,X,42.0,200.0,-12.950056,-38.491739,c7eb0ae803ecf927,TELEFONICA BRASIL S.A.
436370573,100MG7W,NR,3450,3450,100,23.49,25,65.0,0,X,42.0,200.0,-12.950056,-38.491739,c7eb0ae803ecf928,TELEFONICA BRASIL S.A.
436370573,100MG7W,NR,3450,3450,230,23.49,25,65.0,0,X,42.0,200.0,-12.950056,-38.491739,c7eb0ae803ecf929,TELEFONICA BRASIL S.A.
1008950740,100MG7W,NR,3450,3450,90,17.45,0,65.0,0,X,15.0,200.0,-12.937331,-38.4814,c7eb0ae803ecf933,TELEFONICA BRASIL S.A.
1008950740,100MG7W,NR,3450,3450,160,17.45,0,65.0,0,X,15.0,200.0,-12.937331,-38.4814,c7eb0ae803ecf934,TELEFONICA BRASIL S.A.
1008950740,100MG7W,NR,3450,3450,305,17.45,0,65.0,0,X,15.0,200.0,-12.937331,-38.4814,c7eb0ae803ecf935,TELEFONICA BRASIL S.A.
442163894,100MG7W,NR,3450,3450,10,17.45,0,65.0,0,X,42.0,200.0,-12.918328,-38.498856,c7eb0ae803ecf9c3,TELEFONICA BRASIL S.A.
442163894,100MG7W,NR,3450,3450,120,17.45,0,65.0,0,X,42.0,200.0,-12.918328,-38.498856,c7eb0ae803ecf9c7,TELEFONICA BRASIL S.A.
442163894,100MG7W,NR,3450,3450,210,17.45,0,65.0,0,X,42.0,200.0,-12.918328,-38.498856,c7eb0ae803ecf9cb,TELEFONICA BRASIL S.A.
5221528,100MG7W,NR,3450,3450,180,17.45,0,65.0,0,X,24.0,200.0,-12.944339,-38.483028,c7eb0ae803ecf9ea,TELEFONICA BRASIL S.A.
5221528,100MG7W,NR,3450,3450,240,17.45,0,65.0,-1,X,24.0,200.0,-12.944339,-38.483028,c7eb0ae803ecf9eb,TELEFONICA BRASIL S.A.
5221528,100MG7W,NR,3450,3450,320,17.45,0,65.0,-3,X,24.0,200.0,-12.944339,-38.483028,c7eb0ae803ecf9ec,TELEFONICA BRASIL S.A.
1009077810,100MG7W,NR,3450,3450,110,25.0,25,65.0,0,X,55.0,200.0,-12.963211,-38.4704,c7eb0ae803ecf9f6,TELEFONICA BRASIL S.A.
1009077810,100MG7W,NR,3450,3450,215,25.0,25,65.0,0,X,55.0,200.0,-12.963211,-38.4704,c7eb0ae803ecf9f7,TELEFONICA BRASIL S.A.
1009077810,100MG7W,NR,3450,3450,350,25.0,25,65.0,0,X,55.0,200.0,-12.963211,-38.4704,c7eb0ae803ecf9f8,TELEFONICA BRASIL S.A.
1008950839,100MG7W,NR,3450,3450,5,25.0,25,65.0,0,X,34.0,200.0,-12.937439,-38.438189,c7eb0ae803ecfa0e,TELEFONICA BRASIL S.A.
1008950839,100MG7W,NR,3450,3450,170,25.0,25,65.0,0,X,34.0,200.0,-12.937439,-38.438189,c7eb0ae803ecfa12,TELEFONICA BRASIL S.A.
1008950839,100MG7W,NR,3450,3450,260,25.0,25,65.0,0,X,34.0,200.0,-12.937439,-38.438189,c7eb0ae803ecfa16,TELEFONICA BRASIL S.A.
1016057200,100MG7W,NR,3450,3450,120,17.45,0,65.0,0,X,45.0,200.0,-12.953804,-38.478385,c7eb0ae803ecfa1a,TELEFONICA BRASIL S.A.
1016057200,100MG7W,NR,3450,3450,190,17.45,0,65.0,0,X,45.0,200.0,-12.953804,-38.478385,c7eb0ae803ecfa21,TELEFONICA BRASIL S.A.
1016057200,100MG7W,NR,3450,3450,290,17.45,0,65.0,0,X,45.0,200.0,-12.953804,-38.478385,c7eb0ae803ecfa28,TELEFONICA BRASIL S.A.
1009077829,100MG7W,NR,3450,3450,50,23.49,25,65.0,0,X,15.5,200.0,-12.997306,-38.499028,c7eb0ae803ecfa50,TELEFONICA BRASIL S.A.
1009077829,100MG7W,NR,3450,3450,145,23.49,25,65.0,0,X,15.5,200.0,-12.997306,-38.499028,c7eb0ae803ecfa54,TELEFONICA BRASIL S.A.
1009077829,100MG7W,NR,3450,3450,325,23.49,25,65.0,0,X,15.5,200.0,-12.997306,-38.499028,c7eb0ae803ecfa58,TELEFONICA BRASIL S.A.
1008950804,100MG7W,NR,3450,3450,30,25.0,25,65.0,0,X,38.0,200.0,-12.8639,-38.458,d9803ae803787acd,TELEFONICA BRASIL S.A.
1008950804,100MG7W,NR,3450,3450,135,25.0,25,65.0,0,X,38.0,200.0,-12.8639,-38.458,d9803ae803787ad1,TELEFONICA BRASIL S.A.
1008950804,100MG7W,NR,3450,3450,215,25.0,25,65.0,0,X,38.0,200.0,-12.8639,-38.458,d9803ae803787ad5,TELEFONICA BRASIL S.A.
1009077764,100MG7W,NR,3450,3450,40,25.0,25,65.0,0,X,52.0,200.0,-12.974931,-38.4994,d9803ae803787b06,TELEFONICA BRASIL S.A.
1009077764,100MG7W,NR,3450,3450,150,25.0,25,65.0,0,X,52.0,200.0,-12.974931,-38.4994,d9803ae803787b0a,TELEFONICA BRASIL S.A.
1009077764,100MG7W,NR,3450,3450,270,25.0,25,65.0,0,X,52.0,200.0,-12.974931,-38.4994,d9803ae803787b0e,TELEFONICA BRASIL S.A.
1010672891,100MG7W,NR,3450,3450,30,25.0,25,65.0,0,X,18.0,200.0,-12.925092,-38.486203,d9803ae803787b1b,TELEFONICA BRASIL S.A.
1010672891,100MG7W,NR,3450,3450,210,25.0,25,65.0,0,X,18.0,200.0,-12.925092,-38.486203,d9803ae803787b1f,TELEFONICA BRASIL S.A.
1010672891,100MG7W,NR,3450,3450,320,25.0,25,65.0,0,X,18.0,200.0,-12.925092,-38.486203,d9803ae803787b23,TELEFONICA BRASIL S.A.
699576628,100MG7W,NR,3450,3450,10,23.49,25,65.0,0,X,20.0,200.0,-12.917906,-38.352094,d9803ae803787b36,TELEFONICA BRASIL S.A.
699576628,100MG7W,NR,3450,3450,130,23.49,25,65.0,0,X,20.0,200.0,-12.917906,-38.352094,d9803ae803787b37,TELEFONICA BRASIL S.A.
699576628,100MG7W,NR,3450,3450,260,23.49,25,65.0,0,X,20.0,200.0,-12.917906,-38.352094,d9803ae803787b38,TELEFONICA BRASIL S.A.
441971504,100MG7W,NR,3450,3450,50,17.45,0,65.0,0,X,30.5,200.0,-12.934361,-38.457264,d9803ae803787b69,TELEFONICA BRASIL S.A.
441971504,100MG7W,NR,3450,3450,200,17.45,0,65.0,0,X,30.5,200.0,-12.934361,-38.457264,d9803ae803787b6d,TELEFONICA BRASIL S.A.
441971504,100MG7W,NR,3450,3450,300,17.45,0,65.0,0,X,30.5,200.0,-12.934361,-38.457264,d9803ae803787b71,TELEFONICA BRASIL S.A.
1009146359,100MG7W,NR,3450,3450,65,17.45,0,65.0,0,X,33.0,200.0,-12.924222,-38.433931,d9803ae803787b7e,TELEFONICA BRASIL S.A.
1009146359,100MG7W,NR,3450,3450,235,17.45,0,65.0,-1,X,33.0,200.0,-12.924222,-38.433931,d9803ae803787b7f,TELEFONICA BRASIL S.A.
1009146359,100MG7W,NR,3450,3450,330,17.45,0,65.0,0,X,33.0,200.0,-12.924222,-38.433931,d9803ae803787b80,TELEFONICA BRASIL S.A.
1008950871,100MG7W,NR,3450,3450,70,17.45,0,65.0,0,X,34.6,200.0,-12.868519,-38.435861,d9803ae803787bae,TELEFONICA BRASIL S.A.
1008950871,100MG7W,NR,3450,3450,170,17.45,0,65.0,0,X,34.6,200.0,-12.868519,-38.435861,d9803ae803787baf,TELEFONICA BRASIL S.A.
1008950871,100MG7W,NR,3450,3450,270,17.45,0,65.0,0,X,34.6,200.0,-12.868519,-38.435861,d9803ae803787bb0,TELEFONICA BRASIL S.A.
1007290746,100MG7W,NR,3450,3450,40,25.0,25,65.0,0,X,20.0,200.0,-12.945544,-38.447906,61564ae8026f8b31,TELEFONICA BRASIL S.A.
1007290746,100MG7W,NR,3450,3450,140,25.0,25,65.0,0,X,20.0,200.0,-12.945544,-38.447906,61564ae8026f8b32,TELEFONICA BRASIL S.A.
1007290746,100MG7W,NR,3450,3450,290,25.0,25,65.0,0,X,20.0,200.0,-12.945544,-38.447906,61564ae8026f8b33,TELEFONICA BRASIL S.A.
505798794,100MG7W,NR,3450,3450,100,17.45,0,65.0,0,X,31.0,200.0,-12.910317,-38.440361,61564ae8026f8b76,TELEFONICA BRASIL S.A.
505798794,100MG7W,NR,3450,3450,190,17.45,0,65.0,0,X,31.0,200.0,-12.910317,-38.440361,61564ae8026f8b77,TELEFONICA BRASIL S.A.
505798794,100MG7W,NR,3450,3450,300,17.45,0,65.0,0,X,31.0,200.0,-12.910317,-38.440361,61564ae8026f8b78,TELEFONICA BRASIL S.A.
1010976548,100MG7W,NR,3450,3450,80,17.45,0,65.0,0,X,42.5,200.0,-12.912436,-38.425106,0b014ae802a05a7b,TELEFONICA BRASIL S.A.
1010976548,100MG7W,NR,3450,3450,220,17.45,0,65.0,0,X,42.5,200.0,-12.912436,-38.425106,0b014ae802a05a7c,TELEFONICA BRASIL S.A.
1010976548,100MG7W,NR,3450,3450,315,17.45,0,65.0,0,X,42.5,200.0,-12.912436,-38.425106,0b014ae802a05a7d,TELEFONICA BRASIL S.A.
1000685672,100MG7W,NR,3450,3450,0,23.49,25,65.0,0,X,24.3,200.0,-12.906667,-38.38175,d2f16ae8042307df,TELEFONICA BRASIL S.A.
1000685672,100MG7W,NR,3450,3450,210,23.49,25,65.0,0,X,24.3,200.0,-12.906667,-38.38175,d2f16ae8042307e0,TELEFONICA BRASIL S.A.
1000685672,100MG7W,NR,3450,3450,310,23.49,25,65.0,0,X,24.3,200.0,-12.906667,-38.38175,d2f16ae8042307e1,TELEFONICA BRASIL S.A.
1010425843,100MG7W,NR,3450,3450,45,17.45,0,65.0,0,X,25.0,200.0,-12.929669,-38.461969,d2f16ae8042307eb,TELEFONICA BRASIL S.A.
1010425843,100MG7W,NR,3450,3450,245,17.45,0,65.0,0,X,25.0,200.0,-12.929669,-38.461969,d2f16ae8042307f2,TELEFONICA BRASIL S.A.
1010425843,100MG7W,NR,3450,3450,330,17.45,0,65.0,0,X,25.0,200.0,-12.929669,-38.461969,d2f16ae8042307f9,TELEFONICA BRASIL S.A.
1016093478,100MG7W,NR,3450,3450,45,23.49,25,65.0,0,X,35.0,200.0,-12.9131,-38.447619,d2f16ae804230800,TELEFONICA BRASIL S.A.
1016093478,100MG7W,NR,3450,3450,105,23.49,25,65.0,0,X,35.0,200.0,-12.9131,-38.447619,d2f16ae804230807,TELEFONICA BRASIL S.A.
1016093478,100MG7W,NR,3450,3450,250,23.49,25,65.0,0,X,35.0,200.0,-12.9131,-38.447619,d2f16ae80423080e,TELEFONICA BRASIL S.A.
1011265190,100MG7W,NR,3450,3450,20,17.45,0,65.0,0,X,40.5,200.0,-12.902208,-38.416647,d2f16ae80423081e,TELEFONICA BRASIL S.A.
1011265190,100MG7W,NR,3450,3450,90,17.45,0,65.0,0,X,40.5,200.0,-12.902208,-38.416647,d2f16ae80423081f,TELEFONICA BRASIL S.A.
1011265190,100MG7W,NR,3450,3450,215,17.45,0,65.0,0,X,40.5,200.0,-12.902208,-38.416647,d2f16ae804230820,TELEFONICA BRASIL S.A.
1015958939,100MG7W,NR,3450,3450,105,17.45,0,65.0,0,X,12.0,200.0,-12.847875,-38.456511,d2f16ae804230824,TELEFONICA BRASIL S.A.
1015958939,100MG7W,NR,3450,3450,230,17.45,0,65.0,0,X,12.0,200.0,-12.847875,-38.456511,d2f16ae804230825,TELEFONICA BRASIL S.A.
1015958939,100MG7W,NR,3450,3450,300,17.45,0,65.0,0,X,12.0,200.0,-12.847875,-38.456511,d2f16ae804230826,TELEFONICA BRASIL S.A.
1009077675,100MG7W,NR,3450,3450,45,17.45,0,65.0,0,X,30.0,200.0,-12.878883,-38.407581,d2f16ae80423086c,TELEFONICA BRASIL S.A.
1009077675,100MG7W,NR,3450,3450,180,17.45,0,65.0,0,X,30.0,200.0,-12.878883,-38.407581,d2f16ae80423086d,TELEFONICA BRASIL S.A.
1009077675,100MG7W,NR,3450,3450,270,17.45,0,65.0,0,X,30.0,200.0,-12.878883,-38.407581,d2f16ae80423086e,TELEFONICA BRASIL S.A.
422352730,100MG7W,NR,3450,3450,40,17.45,0,65.0,0,X,25.0,200.0,-12.963408,-38.500619,d2f16ae8042308ba,TELEFONICA BRASIL S.A.
422352730,100MG7W,NR,3450,3450,120,17.45,0,65.0,0,X,28.0,200.0,-12.963408,-38.500619,d2f16ae8042308c1,TELEFONICA BRASIL S.A.
422352730,100MG7W,NR,3450,3450,270,17.45,0,65.0,0,X,28.0,200.0,-12.963408,-38.500619,d2f16ae8042308c8,TELEFONICA BRASIL S.A.
1015958904,100MG7W,NR,3450,3450,45,23.49,25,65.0,0,X,24.2,200.0,-12.95283,-38.49994,d2f16ae8042308ea,TELEFONICA BRASIL S.A.
1015958904,100MG7W,NR,3450,3450,235,23.49,25,65.0,0,X,24.2,200.0,-12.95283,-38.49994,d2f16ae8042308ee,TELEFONICA BRASIL S.A.
1015958904,100MG7W,NR,3450,3450,300,23.49,25,65.0,0,X,24.2,200.0,-12.95283,-38.49994,d2f16ae8042308f2,TELEFONICA BRASIL S.A.
1007638734,100MG7W,NR,3450,3450,100,17.45,0,65.0,0,X,40.0,200.0,-12.90915,-38.410886,d2f16ae804230902,TELEFONICA BRASIL S.A.
1007638734,100MG7W,NR,3450,3450,185,17.45,0,65.0,0,X,40.0,200.0,-12.90915,-38.410886,d2f16ae804230903,TELEFONICA BRASIL S.A.
1007638734,100MG7W,NR,3450,3450,340,17.45,0,65.0,0,X,40.0,200.0,-12.90915,-38.410886,d2f16ae804230904,TELEFONICA BRASIL S.A.
5221870,100MG7W,NR,3450,3450,90,23.49,25,65.0,0,X,31.0,200.0,-12.921667,-38.365,d2f16ae804230983,TELEFONICA BRASIL S.A.
5221870,100MG7W,NR,3450,3450,230,23.49,25,65.0,0,X,31.0,200.0,-12.921667,-38.365,d2f16ae804230984,TELEFONICA BRASIL S.A.
5221870,100MG7W,NR,3450,3450,350,23.49,25,65.0,0,X,31.0,200.0,-12.921667,-38.365,d2f16ae804230985,TELEFONICA BRASIL S.A.
1015730717,100MG7W,NR,3450,3450,15,17.45,0,65.0,0,X,40.0,200.0,-12.85717,-38.36023,d2f16ae804230a2b,TELEFONICA BRASIL S.A.
1015730717,100MG7W,NR,3450,3450,135,17.45,0,65.0,0,X,40.0,200.0,-12.85717,-38.36023,d2f16ae804230a2c,TELEFONICA BRASIL S.A.
1015730717,100MG7W,NR,3450,3450,255,17.45,0,65.0,0,X,40.0,200.0,-12.85717,-38.36023,d2f16ae804230a2d,TELEFONICA BRASIL S.A.
1009077772,100MG7W,NR,3450,3450,70,17.45,0,65.0,0,X,30.0,200.0,-12.915861,-38.409667,d9cc6ae802d545ae,TELEFONICA BRASIL S.A.
1009077772,100MG7W,NR,3450,3450,150,17.45,0,65.0,0,X,30.0,200.0,-12.915861,-38.409667,d9cc6ae802d545af,TELEFONICA BRASIL S.A.
1009077772,100MG7W,NR,3450,3450,215,17.45,0,65.0,0,X,30.0,200.0,-12.915861,-38.409667,d9cc6ae802d545b0,TELEFONICA BRASIL S.A.
1002261594,100MG7W,NR,3450,3450,90,17.45,0,65.0,0,X,28.0,200.0,-12.937444,-38.489972,28e96ae80063e5aa,TELEFONICA BRASIL S.A.
1002261594,100MG7W,NR,3450,3450,230,17.45,0,65.0,0,X,28.0,200.0,-12.937444,-38.489972,28e96ae80063e5ab,TELEFONICA BRASIL S.A.
1002261594,100MG7W,NR,3450,3450,330,17.45,0,65.0,0,X,28.0,200.0,-12.937444,-38.489972,28e96ae80063e5ac,TELEFONICA BRASIL S.A.
422353108,100MG7W,NR,3450,3450,40,25.0,25,65.0,0,X,57.0,200.0,-12.954783,-38.461853,28e96ae80063e5d4,TELEFONICA BRASIL S.A.
422353108,100MG7W,NR,3450,3450,240,25.0,25,65.0,0,X,45.0,200.0,-12.954783,-38.461853,28e96ae80063e5d5,TELEFONICA BRASIL S.A.
422353108,100MG7W,NR,3450,3450,330,25.0,25,65.0,0,X,57.0,200.0,-12.954783,-38.461853,28e96ae80063e5d6,TELEFONICA BRASIL S.A.
441971571,100MG7W,NR,3450,3450,20,17.45,0,65.0,0,X,40.7,200.0,-12.900244,-38.407419,28e96ae80063e623,TELEFONICA BRASIL S.A.
441971571,100MG7W,NR,3450,3450,130,17.45,0,65.0,0,X,40.7,200.0,-12.900244,-38.407419,28e96ae80063e624,TELEFONICA BRASIL S.A.
441971571,100MG7W,NR,3450,3450,320,17.45,0,65.0,0,X,40.7,200.0,-12.900244,-38.407419,28e96ae80063e625,TELEFONICA BRASIL S.A.
692898557,100MG7W,NR,3450,3450,0,17.45,0,65.0,0,X,27.5,200.0,-12.8824,-38.4163,28e96ae80063e632,TELEFONICA BRASIL S.A.
692898557,100MG7W,NR,3450,3450,120,17.45,0,65.0,0,X,27.5,200.0,-12.8824,-38.4163,28e96ae80063e633,TELEFONICA BRASIL S.A.
692898557,100MG7W,NR,3450,3450,240,17.45,0,65.0,0,X,27.5,200.0,-12.8824,-38.4163,28e96ae80063e634,TELEFONICA BRASIL S.A.
692962433,100MG7W,NR,3450,3450,20,17.45,0,65.0,0,X,29.0,200.0,-12.9174,-38.4169,28e96ae80063e668,TELEFONICA BRASIL S.A.
692962433,100MG7W,NR,3450,3450,130,17.45,0,65.0,0,X,28.0,200.0,-12.9174,-38.4169,28e96ae80063e669,TELEFONICA BRASIL S.A.
692962433,100MG7W,NR,3450,3450,250,17.45,0,65.0,0,X,29.0,200.0,-12.9174,-38.4169,28e96ae80063e66a,TELEFONICA BRASIL S.A.
1001773796,100MG7W,NR,3450,3450,50,25.0,25,65.0,0,X,40.0,200.0,-12.8455,-38.449825,28e96ae80063e6a7,TELEFONICA BRASIL S.A.
1001773796,100MG7W,NR,3450,3450,140,25.0,25,65.0,0,X,40.0,200.0,-12.8455,-38.449825,28e96ae80063e6a8,TELEFONICA BRASIL S.A.
1001773796,100MG7W,NR,3450,3450,270,25.0,25,65.0,0,X,40.0,200.0,-12.8455,-38.449825,28e96ae80063e6a9,TELEFONICA BRASIL S.A.
1015958912,100MG7W,NR,3450,3450,170,23.49,25,65.0,0,X,31.5,200.0,-12.90042,-38.48677,28e96ae80063e704,TELEFONICA BRASIL S.A.
1015958912,100MG7W,NR,3450,3450,250,23.49,25,65.0,0,X,31.5,200.0,-12.90042,-38.48677,28e96ae80063e708,TELEFONICA BRASIL S.A.
1015958912,100MG7W,NR,3450,3450,345,23.49,25,65.0,0,X,31.5,200.0,-12.90042,-38.48677,28e96ae80063e70c,TELEFONICA BRASIL S.A.
1011579330,100MG7W,NR,3450,3450,35,17.45,0,65.0,0,X,34.0,200.0,-12.94955,-38.481631,28e96ae80063e719,TELEFONICA BRASIL S.A.
1011579330,100MG7W,NR,3450,3450,135,17.45,0,65.0,0,X,32.0,200.0,-12.94955,-38.481631,28e96ae80063e71d,TELEFONICA BRASIL S.A.
1011579330,100MG7W,NR,3450,3450,285,17.45,0,65.0,0,X,32.0,200.0,-12.94955,-38.481631,28e96ae80063e721,TELEFONICA BRASIL S.A.
1000621097,100MG7W,NR,3450,3450,20,17.45,0,65.0,0,X,33.0,200.0,-12.900469,-38.424031,07b43af804016e16,TELEFONICA BRASIL S.A.
1000621097,100MG7W,NR,3450,3450,140,17.45,0,65.0,0,X,33.0,200.0,-12.900469,-38.424031,07b43af804016e17,TELEFONICA BRASIL S.A.
1000621097,100MG7W,NR,3450,3450,260,17.45,0,65.0,0,X,33.0,200.0,-12.900469,-38.424031,07b43af804016e18,TELEFONICA BRASIL S.A.
1012077990,100MG7W,NR,3450,3450,35,17.45,0,65.0,0,X,23.5,200.0,-12.918889,-38.441944,07b43af804016e37,TELEFONICA BRASIL S.A.
1012077990,100MG7W,NR,3450,3450,95,17.45,0,65.0,0,X,23.5,200.0,-12.918889,-38.441944,07b43af804016e38,TELEFONICA BRASIL S.A.
1012077990,100MG7W,NR,3450,3450,335,17.45,0,65.0,0,X,23.5,200.0,-12.918889,-38.441944,07b43af804016e39,TELEFONICA BRASIL S.A.
693115866,100MG7W,NR,3450,3450,90,17.45,0,65.0,0,X,36.0,200.0,-12.9192,-38.4485,07b43af804016e4f,TELEFONICA BRASIL S.A.
693115866,100MG7W,NR,3450,3450,190,17.45,0,65.0,0,X,36.0,200.0,-12.9192,-38.4485,07b43af804016e50,TELEFONICA BRASIL S.A.
693115866,100MG7W,NR,3450,3450,290,17.45,0,65.0,0,X,36.0,200.0,-12.9192,-38.4485,07b43af804016e51,TELEFONICA BRASIL S.A.
1007158929,100MG7W,NR,3450,3450,70,23.49,25,65.0,0,X,25.0,200.0,-12.933806,-38.420167,07b43af804016ea0,TELEFONICA BRASIL S.A.
1007158929,100MG7W,NR,3450,3450,190,23.49,25,65.0,0,X,25.0,200.0,-12.933806,-38.420167,07b43af804016ea1,TELEFONICA BRASIL S.A.
1007158929,100MG7W,NR,3450,3450,310,23.49,25,65.0,0,X,25.0,200.0,-12.933806,-38.420167,07b43af804016ea2,TELEFONICA BRASIL S.A.
